KYTREASNOX,TIDXFAM,TTERMTYPE,TTERMLBL,MCALDT,RMTREASNO,RMCRSPID,TMBIDYTM,TMASKYTM,TMYTM,TMDURATN
2000001,RISKFREE,30,CRSP Risk Free Rates - 1-Month (Nominal),31/01/2000,203118,20000302.400000,5.3910035283502E+00,5.3808181545470E+00,5.3859108304347E+00,31
2000001,RISKFREE,30,CRSP Risk Free Rates - 1-Month (Nominal),29/02/2000,203122,20000330.400000,5.3193195537400E+00,5.3091362827620E+00,5.3142279075970E+00,30
2000001,RISKFREE,30,CRSP Risk Free Rates - 1-Month (Nominal),31/03/2000,203133,20000504.400000,5.8610398301129E+00,5.8508454839815E+00,5.8559426449463E+00,34
2000001,RISKFREE,30,CRSP Risk Free Rates - 1-Month (Nominal),28/04/2000,203141,20000601.400000,5.2750221209684E+00,5.2648333381755E+00,5.2699277174844E+00,34
2000001,RISKFREE,30,CRSP Risk Free Rates - 1-Month (Nominal),31/05/2000,203149,20000706.400000,4.6797417276517E+00,4.6695559843436E+00,4.6746488432068E+00,36
2000001,RISKFREE,30,CRSP Risk Free Rates - 1-Month (Nominal),30/06/2000,203155,20000803.400000,5.6342385112035E+00,5.6240463185631E+00,5.6291424027875E+00,34
2000001,RISKFREE,30,CRSP Risk Free Rates - 1-Month (Nominal),31/07/2000,203164,20000831.400000,5.8800051166804E+00,5.8698155118640E+00,5.8749103032492E+00,31
2000001,RISKFREE,30,CRSP Risk Free Rates - 1-Month (Nominal),31/08/2000,203172,20001005.400000,6.2388329042757E+00,6.2286332281504E+00,6.2337330537432E+00,35
2000001,RISKFREE,30,CRSP Risk Free Rates - 1-Month (Nominal),29/09/2000,203178,20001102.400000,5.9247566868051E+00,5.9145617355969E+00,5.9196591990987E+00,34
2000001,RISKFREE,30,CRSP Risk Free Rates - 1-Month (Nominal),31/10/2000,203186,20001130.400000,6.0323604072480E+00,6.0221711665282E+00,6.0272657762215E+00,30
2000001,RISKFREE,30,CRSP Risk Free Rates - 1-Month (Nominal),30/11/2000,203195,20010104.400000,6.1240922991364E+00,6.1138937451657E+00,6.1189930096839E+00,35
2000001,RISKFREE,30,CRSP Risk Free Rates - 1-Month (Nominal),29/12/2000,203202,20010201.400000,5.7743909735443E+00,5.7641974502022E+00,5.7692941997746E+00,34
2000001,RISKFREE,30,CRSP Risk Free Rates - 1-Month (Nominal),31/01/2001,203212,20010308.400000,4.8325401579265E+00,4.8223528794649E+00,4.8274465059009E+00,36
2000001,RISKFREE,30,CRSP Risk Free Rates - 1-Month (Nominal),28/02/2001,203218,20010405.400000,5.0184759721069E+00,5.0082868252510E+00,5.0133813858795E+00,36
2000001,RISKFREE,30,CRSP Risk Free Rates - 1-Month (Nominal),30/03/2001,203226,20010503.400000,4.4373176863672E+00,4.4271368510231E+00,4.4322272566264E+00,34
2000001,RISKFREE,30,CRSP Risk Free Rates - 1-Month (Nominal),30/04/2001,203235,20010531.400000,3.7472065322051E+00,3.7370353682351E+00,3.7421209392371E+00,31
2000001,RISKFREE,30,CRSP Risk Free Rates - 1-Month (Nominal),31/05/2001,203243,20010705.400000,3.4503891757265E+00,3.4402167354454E+00,3.4453029431826E+00,35
2000001,RISKFREE,30,CRSP Risk Free Rates - 1-Month (Nominal),29/06/2001,203249,20010802.400000,3.4197117746349E+00,3.4095405851554E+00,3.4146261678491E+00,34
2000001,RISKFREE,30,CRSP Risk Free Rates - 1-Month (Nominal),31/07/2001,203256,20010830.400000,3.6453166201168E+00,3.6351473505341E+00,3.6402319747007E+00,30
2000001,RISKFREE,30,CRSP Risk Free Rates - 1-Month (Nominal),31/08/2001,203265,20011004.400000,3.3790275949099E+00,3.3688567908847E+00,3.3739421808522E+00,34
2000001,RISKFREE,30,CRSP Risk Free Rates - 1-Month (Nominal),28/09/2001,203271,20011101.400000,2.3827465175698E+00,2.3725851480626E+00,2.3776658207938E+00,34
2000001,RISKFREE,30,CRSP Risk Free Rates - 1-Month (Nominal),31/10/2001,203279,20011206.400000,2.0983852317571E+00,2.0882253881907E+00,2.0933052972478E+00,36
2000001,RISKFREE,30,CRSP Risk Free Rates - 1-Month (Nominal),30/11/2001,203284,20020103.400000,1.7326126928716E+00,1.7224574752384E+00,1.7275350720468E+00,34
2000001,RISKFREE,30,CRSP Risk Free Rates - 1-Month (Nominal),31/12/2001,203290,20020131.400000,1.6411084499512E+00,1.6309554632170E+00,1.6360319456404E+00,31
2000001,RISKFREE,30,CRSP Risk Free Rates - 1-Month (Nominal),31/01/2002,203298,20020307.400000,1.6945704787323E+00,1.6844151509068E+00,1.6894928024579E+00,35
2000001,RISKFREE,30,CRSP Risk Free Rates - 1-Month (Nominal),28/02/2002,203304,20020404.400000,1.7377317252948E+00,1.7275759771588E+00,1.7326538388643E+00,35
2000001,RISKFREE,30,CRSP Risk Free Rates - 1-Month (Nominal),28/03/2002,203313,20020502.400000,1.7148814310668E+00,1.7047259054513E+00,1.7098036558971E+00,35
2000001,RISKFREE,30,CRSP Risk Free Rates - 1-Month (Nominal),30/04/2002,203319,20020530.400000,1.7578317403456E+00,1.7476782346395E+00,1.7527549769008E+00,30
2000001,RISKFREE,30,CRSP Risk Free Rates - 1-Month (Nominal),31/05/2002,203330,20020705.400000,1.6945704787323E+00,1.6844151509068E+00,1.6894928024579E+00,35
2000001,RISKFREE,30,CRSP Risk Free Rates - 1-Month (Nominal),28/06/2002,203336,20020801.400000,1.6716828279982E+00,1.6615281867223E+00,1.6666054953534E+00,34
2000001,RISKFREE,30,CRSP Risk Free Rates - 1-Month (Nominal),31/07/2002,203344,20020905.400000,1.7047657378513E+00,1.6946098378298E+00,1.6996877751244E+00,36
2000001,RISKFREE,30,CRSP Risk Free Rates - 1-Month (Nominal),30/08/2002,203351,20021003.400000,1.6615281867223E+00,1.6513736414985E+00,1.6564509021037E+00,34
2000001,RISKFREE,30,CRSP Risk Free Rates - 1-Month (Nominal),30/09/2002,203356,20021031.400000,1.5751156010832E+00,1.5649631833930E+00,1.5700393812955E+00,31
2000001,RISKFREE,30,CRSP Risk Free Rates - 1-Month (Nominal),31/10/2002,203364,20021205.400000,1.4254876989892E+00,1.4153349911370E+00,1.4204113327080E+00,35
2000001,RISKFREE,30,CRSP Risk Free Rates - 1-Month (Nominal),29/11/2002,203371,20030102.400000,1.2224318407988E+00,1.2122814481309E+00,1.2173566324679E+00,34
2000001,RISKFREE,30,CRSP Risk Free Rates - 1-Month (Nominal),31/12/2002,203375,20030130.400000,1.1411600023714E+00,1.1310116416795E+00,1.1360858114442E+00,30
2000001,RISKFREE,30,CRSP Risk Free Rates - 1-Month (Nominal),31/01/2003,203386,20030306.400000,1.1513811074894E+00,1.1412313865931E+00,1.1463062350461E+00,34
2000001,RISKFREE,30,CRSP Risk Free Rates - 1-Month (Nominal),28/02/2003,203393,20030403.400000,1.1995935922585E+00,1.1894434155265E+00,1.1945184918963E+00,34
2000001,RISKFREE,30,CRSP Risk Free Rates - 1-Month (Nominal),31/03/2003,203400,20030501.400000,1.1462522184764E+00,1.1361034980136E+00,1.1411778473103E+00,31
2000001,RISKFREE,30,CRSP Risk Free Rates - 1-Month (Nominal),30/04/2003,203410,20030605.400000,1.0981291919382E+00,1.0879793666124E+00,1.0930542665745E+00,36
2000001,RISKFREE,30,CRSP Risk Free Rates - 1-Month (Nominal),30/05/2003,203417,20030703.400000,1.1260069851724E+00,1.1158575041724E+00,1.1209322326780E+00,34
2000001,RISKFREE,30,CRSP Risk Free Rates - 1-Month (Nominal),30/06/2003,203422,20030731.400000,7.9870834266536E-01,7.8856261738928E-01,7.9363546909904E-01,31
2000001,RISKFREE,30,CRSP Risk Free Rates - 1-Month (Nominal),31/07/2003,203431,20030904.400000,8.8499346264269E-01,8.7484601536852E-01,8.7991972666325E-01,35
2000001,RISKFREE,30,CRSP Risk Free Rates - 1-Month (Nominal),29/08/2003,203437,20031002.400000,9.7631187012063E-01,9.6616380427939E-01,9.7123782520880E-01,34
2000001,RISKFREE,30,CRSP Risk Free Rates - 1-Month (Nominal),30/09/2003,203442,20031030.400000,8.5703789529632E-01,8.4689190421326E-01,8.5196488917849E-01,30
2000001,RISKFREE,30,CRSP Risk Free Rates - 1-Month (Nominal),31/10/2003,203451,20031204.400000,9.2049869508497E-01,9.1035115682914E-01,9.1542491396692E-01,34
2000001,RISKFREE,30,CRSP Risk Free Rates - 1-Month (Nominal),28/11/2003,203457,20040102.400000,9.0528865341299E-01,8.9514100865702E-01,9.0021481869211E-01,35
2000001,RISKFREE,30,CRSP Risk Free Rates - 1-Month (Nominal),31/12/2003,203463,20040205.400000,8.3172994479001E-01,8.2158278596648E-01,8.2665635268400E-01,36
2000001,RISKFREE,30,CRSP Risk Free Rates - 1-Month (Nominal),30/01/2004,203470,20040304.400000,8.3171098745098E-01,8.2156428842218E-01,8.2663762594867E-01,34
2000001,RISKFREE,30,CRSP Risk Free Rates - 1-Month (Nominal),27/02/2004,203476,20040401.400000,9.3825711784277E-01,9.2810941172464E-01,9.3318325279341E-01,34
2000001,RISKFREE,30,CRSP Risk Free Rates - 1-Month (Nominal),31/03/2004,203484,20040506.400000,9.2813301897380E-01,9.1798489529248E-01,9.2305894443641E-01,36
2000001,RISKFREE,30,CRSP Risk Free Rates - 1-Month (Nominal),30/04/2004,203492,20040603.400000,8.1395432708700E-01,8.0380779588710E-01,8.0888104949954E-01,34
2000001,RISKFREE,30,CRSP Risk Free Rates - 1-Month (Nominal),28/05/2004,203500,20040701.400000,9.1288803240044E-01,9.0274056608382E-01,9.0781428725237E-01,34
2000001,RISKFREE,30,CRSP Risk Free Rates - 1-Month (Nominal),30/06/2004,203506,20040805.400000,1.1336543807608E+00,1.1235041997953E+00,1.1285792775762E+00,36
2000001,RISKFREE,30,CRSP Risk Free Rates - 1-Month (Nominal),30/07/2004,203514,20040902.400000,1.2833362123303E+00,1.2731852437884E+00,1.2782607160614E+00,34
2000001,RISKFREE,30,CRSP Risk Free Rates - 1-Month (Nominal),31/08/2004,203520,20040930.400000,1.4456501914515E+00,1.4354992906634E+00,1.4405747304710E+00,30
2000001,RISKFREE,30,CRSP Risk Free Rates - 1-Month (Nominal),30/09/2004,203527,20041104.400000,1.4635612337668E+00,1.4534081552453E+00,1.4584846821502E+00,35
2000001,RISKFREE,30,CRSP Risk Free Rates - 1-Month (Nominal),29/10/2004,203536,20041202.400000,1.7529234163359E+00,1.7427680065700E+00,1.7478456994445E+00,34
2000001,RISKFREE,30,CRSP Risk Free Rates - 1-Month (Nominal),30/11/2004,203541,20041230.400000,2.0370863577931E+00,2.0269305213519E+00,2.0320084289759E+00,30
2000001,RISKFREE,30,CRSP Risk Free Rates - 1-Month (Nominal),31/12/2004,203549,20050203.400000,1.9128837934828E+00,1.9027268704128E+00,1.9078053199359E+00,34
2000001,RISKFREE,30,CRSP Risk Free Rates - 1-Month (Nominal),31/01/2005,203556,20050303.400000,2.1666450469748E+00,2.1564875275019E+00,2.1615662762847E+00,31
2000001,RISKFREE,30,CRSP Risk Free Rates - 1-Month (Nominal),28/02/2005,203562,20050331.400000,2.5018923584938E+00,2.4917319464654E+00,2.4968121415199E+00,31
2000001,RISKFREE,30,CRSP Risk Free Rates - 1-Month (Nominal),31/03/2005,203570,20050505.400000,2.6038730553124E+00,2.5937088688929E+00,2.5987909497196E+00,35
2000001,RISKFREE,30,CRSP Risk Free Rates - 1-Month (Nominal),29/04/2005,203579,20050602.400000,2.7155845352871E+00,2.7054200148657E+00,2.7105022630462E+00,34
2000001,RISKFREE,30,CRSP Risk Free Rates - 1-Month (Nominal),31/05/2005,203585,20050630.400000,2.7558270395718E+00,2.7456652018661E+00,2.7507461101099E+00,30
2000001,RISKFREE,30,CRSP Risk Free Rates - 1-Month (Nominal),30/06/2005,203592,20050804.400000,2.9901855648218E+00,2.9800176125360E+00,2.9851015762866E+00,35
2000001,RISKFREE,30,CRSP Risk Free Rates - 1-Month (Nominal),29/07/2005,203599,20050901.400000,3.2341027337544E+00,3.2239333026742E+00,3.2290180061725E+00,34
2000001,RISKFREE,30,CRSP Risk Free Rates - 1-Month (Nominal),31/08/2005,203606,20051006.400000,3.3462799176053E+00,3.3361075616653E+00,3.3411937268780E+00,36
2000001,RISKFREE,30,CRSP Risk Free Rates - 1-Month (Nominal),30/09/2005,203612,20051103.400000,3.1908833169536E+00,3.1807142952761E+00,3.1857987940741E+00,34
2000001,RISKFREE,30,CRSP Risk Free Rates - 1-Month (Nominal),31/10/2005,203619,20051201.400000,3.7014369862520E+00,3.6912662176538E+00,3.6963515909707E+00,31
2000001,RISKFREE,30,CRSP Risk Free Rates - 1-Month (Nominal),30/11/2005,203623,20051229.400000,3.9756473993947E+00,3.9654764749189E+00,3.9705619268828E+00,29
2000001,RISKFREE,30,CRSP Risk Free Rates - 1-Month (Nominal),30/12/2005,203631,20060202.400000,3.9512905315165E+00,3.9411143043540E+00,3.9462024058776E+00,34
2000001,RISKFREE,30,CRSP Risk Free Rates - 1-Month (Nominal),31/01/2006,203638,20060302.400000,4.3319388957698E+00,4.3217638855947E+00,4.3268513800457E+00,30
2000001,RISKFREE,30,CRSP Risk Free Rates - 1-Month (Nominal),28/02/2006,203644,20060330.400000,4.4286057367246E+00,4.4184299180939E+00,4.4235178167709E+00,30
2000001,RISKFREE,30,CRSP Risk Free Rates - 1-Month (Nominal),31/03/2006,203652,20060504.400000,4.5976785799192E+00,4.5874962236830E+00,4.5925873897287E+00,34
2000001,RISKFREE,30,CRSP Risk Free Rates - 1-Month (Nominal),28/04/2006,203660,20060601.400000,4.6180435821334E+00,4.6078610327354E+00,4.6129522953616E+00,34
2000001,RISKFREE,30,CRSP Risk Free Rates - 1-Month (Nominal),31/05/2006,203666,20060706.400000,4.7001135212579E+00,4.6899275732892E+00,4.6950205344819E+00,36
2000001,RISKFREE,30,CRSP Risk Free Rates - 1-Month (Nominal),30/06/2006,203672,20060803.400000,4.6893241323618E+00,4.6791409068403E+00,4.6842325075268E+00,34
2000001,RISKFREE,30,CRSP Risk Free Rates - 1-Month (Nominal),31/07/2006,203678,20060831.400000,5.0383451838210E+00,5.0265205582443E+00,5.0324328561887E+00,31
2000001,RISKFREE,30,CRSP Risk Free Rates - 1-Month (Nominal),31/08/2006,203685,20061005.400000,4.9697395345493E+00,4.9595522631960E+00,4.9646458864330E+00,35
2000001,RISKFREE,30,CRSP Risk Free Rates - 1-Month (Nominal),29/09/2006,203691,20061102.400000,4.6536832656340E+00,4.6435003781857E+00,4.6485918098361E+00,34
2000001,RISKFREE,30,CRSP Risk Free Rates - 1-Month (Nominal),31/10/2006,203698,20061130.400000,5.1562956255539E+00,5.1461137189580E+00,5.1512046616048E+00,30
2000001,RISKFREE,30,CRSP Risk Free Rates - 1-Month (Nominal),30/11/2006,203705,20070104.400000,4.9850206281737E+00,4.9748332075446E+00,4.9799269054193E+00,35
2000001,RISKFREE,30,CRSP Risk Free Rates - 1-Month (Nominal),29/12/2006,203710,20070201.400000,4.7733394288384E+00,4.7631554063421E+00,4.7682474055140E+00,34
2000001,RISKFREE,30,CRSP Risk Free Rates - 1-Month (Nominal),31/01/2007,203719,20070308.400000,5.0057395545365E+00,4.9955505356748E+00,5.0006450323063E+00,36
2000001,RISKFREE,30,CRSP Risk Free Rates - 1-Month (Nominal),28/02/2007,203724,20070405.400000,5.1483965710124E+00,5.1382061184334E+00,5.1433013319201E+00,36
2000001,RISKFREE,30,CRSP Risk Free Rates - 1-Month (Nominal),30/03/2007,203732,20070503.400000,5.0559845985713E+00,5.0457978944250E+00,5.0508912344155E+00,34
2000001,RISKFREE,30,CRSP Risk Free Rates - 1-Month (Nominal),30/04/2007,203740,20070531.400000,4.7596769085553E+00,4.7494969946132E+00,4.7545869405823E+00,31
2000001,RISKFREE,30,CRSP Risk Free Rates - 1-Month (Nominal),31/05/2007,203747,20070705.400000,4.6998104618069E+00,4.6896258269330E+00,4.6947181319369E+00,35
2000001,RISKFREE,30,CRSP Risk Free Rates - 1-Month (Nominal),29/06/2007,203752,20070802.400000,4.5365858911355E+00,4.5264041143399E+00,4.5314949906667E+00,34
2000001,RISKFREE,30,CRSP Risk Free Rates - 1-Month (Nominal),31/07/2007,203759,20070830.400000,5.1105795325424E+00,5.1003980085215E+00,5.1054887598816E+00,30
2000001,RISKFREE,30,CRSP Risk Free Rates - 1-Month (Nominal),31/08/2007,203767,20071004.400000,4.1573798888417E+00,4.1472017079336E+00,4.1522907863253E+00,34
2000001,RISKFREE,30,CRSP Risk Free Rates - 1-Month (Nominal),28/09/2007,203772,20071101.400000,3.4476830426053E+00,3.4375115881095E+00,3.4425973033108E+00,34
2000001,RISKFREE,30,CRSP Risk Free Rates - 1-Month (Nominal),31/10/2007,203780,20071206.400000,3.9873441808756E+00,3.9771653911308E+00,3.9822547732295E+00,36
2000001,RISKFREE,30,CRSP Risk Free Rates - 1-Month (Nominal),30/11/2007,203786,20080103.400000,3.2239333026742E+00,3.2137639679270E+00,3.2188486232589E+00,34
2000001,RISKFREE,30,CRSP Risk Free Rates - 1-Month (Nominal),31/12/2007,203791,20080131.400000,2.8626438017639E+00,2.8524802762064E+00,2.8575620280188E+00,31
2000001,RISKFREE,30,CRSP Risk Free Rates - 1-Month (Nominal),31/01/2008,203800,20080306.400000,1.6691823445888E+00,1.6590272639879E+00,1.6641047919273E+00,35
2000001,RISKFREE,30,CRSP Risk Free Rates - 1-Month (Nominal),29/02/2008,203806,20080403.400000,2.0754076331741E+00,2.0652491723172E+00,2.0703283907299E+00,34
2000001,RISKFREE,30,CRSP Risk Free Rates - 1-Month (Nominal),31/03/2008,203815,20080501.400000,1.2426694260051E+00,1.2325198744484E+00,1.2375946392907E+00,31
2000001,RISKFREE,30,CRSP Risk Free Rates - 1-Month (Nominal),30/04/2008,203824,20080605.400000,1.2630780960333E+00,1.2529266193134E+00,1.2580023449681E+00,36
2000001,RISKFREE,30,CRSP Risk Free Rates - 1-Month (Nominal),30/05/2008,203830,20080703.400000,1.9535124467620E+00,1.9433551392890E+00,1.9484337810123E+00,34
2000001,RISKFREE,30,CRSP Risk Free Rates - 1-Month (Nominal),30/06/2008,203835,20080731.400000,1.6994898227517E+00,1.6893363325800E+00,1.6944130667209E+00,31
2000001,RISKFREE,30,CRSP Risk Free Rates - 1-Month (Nominal),31/07/2008,203844,20080904.400000,1.5879444685008E+00,1.5777901789392E+00,1.5828673113609E+00,35
2000001,RISKFREE,30,CRSP Risk Free Rates - 1-Month (Nominal),29/08/2008,203851,20081002.400000,1.6691441586742E+00,1.6589895414115E+00,1.6640668380360E+00,34
2000001,RISKFREE,30,CRSP Risk Free Rates - 1-Month (Nominal),30/09/2008,203856,20081030.400000,9.6864938176696E-01,9.5850245989827E-01,9.6357591025453E-01,30
2000001,RISKFREE,30,CRSP Risk Free Rates - 1-Month (Nominal),31/10/2008,203867,20081204.400000,2.5857280439180E-01,2.4843152103313E-01,2.5350215073721E-01,34
2000001,RISKFREE,30,CRSP Risk Free Rates - 1-Month (Nominal),28/11/2008,203873,20090102.400000,3.5486714881527E-02,2.5347530266290E-02,3.0417110251549E-02,35
2000001,RISKFREE,30,CRSP Risk Free Rates - 1-Month (Nominal),31/12/2008,203880,20090205.400000,3.5486732132634E-02,2.5347539067691E-02,3.0417122925706E-02,36
2000001,RISKFREE,30,CRSP Risk Free Rates - 1-Month (Nominal),30/01/2009,203887,20090305.400000,1.8251551425827E-01,1.7237494935926E-01,1.7744521983548E-01,34
2000001,RISKFREE,30,CRSP Risk Free Rates - 1-Month (Nominal),27/02/2009,203893,20090402.400000,1.8251551425827E-01,1.6223448024717E-01,1.7237494935926E-01,34
2000001,RISKFREE,30,CRSP Risk Free Rates - 1-Month (Nominal),31/03/2009,203900,20090430.400000,1.6223303799843E-01,1.4195272518114E-01,1.5209283933393E-01,30
2000001,RISKFREE,30,CRSP Risk Free Rates - 1-Month (Nominal),30/04/2009,203911,20090604.400000,4.0556344156208E-02,3.0417110251549E-02,3.5486714881527E-02,35
2000001,RISKFREE,30,CRSP Risk Free Rates - 1-Month (Nominal),29/05/2009,203918,20090702.400000,9.6323765700349E-02,6.5904800709778E-02,8.1114175463167E-02,34
2000001,RISKFREE,30,CRSP Risk Free Rates - 1-Month (Nominal),30/06/2009,203923,20090730.400000,1.5716292810219E-01,1.3181269553882E-01,1.4448774579656E-01,30
2000001,RISKFREE,30,CRSP Risk Free Rates - 1-Month (Nominal),31/07/2009,205998,20090903.400000,1.4195382937678E-01,1.1660355455764E-01,1.2927861713959E-01,34
2000001,RISKFREE,30,CRSP Risk Free Rates - 1-Month (Nominal),31/08/2009,206001,20091001.400000,1.0646314642724E-01,8.1113905066682E-02,9.3788457527196E-02,31
2000001,RISKFREE,30,CRSP Risk Free Rates - 1-Month (Nominal),30/09/2009,206005,20091105.400000,5.5765422451934E-02,3.0417122925706E-02,4.3091193472168E-02,36
2000001,RISKFREE,30,CRSP Risk Free Rates - 1-Month (Nominal),30/10/2009,206008,20091203.400000,1.5208441060209E-02,5.0694564141643E-03,1.0138936767400E-02,34
2000001,RISKFREE,30,CRSP Risk Free Rates - 1-Month (Nominal),30/11/2009,206011,20091231.400000,8.6183709678510E-02,6.0834904915334E-02,7.3509239079516E-02,31
2000001,RISKFREE,30,CRSP Risk Free Rates - 1-Month (Nominal),31/12/2009,206015,20100204.400000,5.0695676641004E-02,2.5347530266290E-02,3.8021526438339E-02,35
2000001,RISKFREE,30,CRSP Risk Free Rates - 1-Month (Nominal),29/01/2010,206018,20100304.400000,2.5347521464883E-02,5.0694564141643E-03,1.5208441060209E-02,34
2000001,RISKFREE,30,CRSP Risk Free Rates - 1-Month (Nominal),26/02/2010,206020,20100401.400000,8.6184014932593E-02,6.0835057009641E-02,7.3509461151427E-02,34
2000001,RISKFREE,30,CRSP Risk Free Rates - 1-Month (Nominal),31/03/2010,206022,20100506.400000,1.3688423989404E-01,1.3181412365934E-01,1.3434917860738E-01,36
2000001,RISKFREE,30,CRSP Risk Free Rates - 1-Month (Nominal),30/04/2010,206023,20100603.400000,1.4702395617572E-01,1.3688372652305E-01,1.4195382937654E-01,34
2000001,RISKFREE,30,CRSP Risk Free Rates - 1-Month (Nominal),28/05/2010,206026,20100701.400000,1.4195382937678E-01,1.3181364761451E-01,1.3688372652305E-01,34
2000001,RISKFREE,30,CRSP Risk Free Rates - 1-Month (Nominal),30/06/2010,206097,20100805.400000,1.6730546974751E-01,1.5716495837675E-01,1.6223520138436E-01,36
2000001,RISKFREE,30,CRSP Risk Free Rates - 1-Month (Nominal),30/07/2010,206105,20100902.400000,1.5209410692038E-01,1.3181364761451E-01,1.4195382937654E-01,34
2000001,RISKFREE,30,CRSP Risk Free Rates - 1-Month (Nominal),31/08/2010,206117,20100930.400000,1.6223303799843E-01,1.4195272518114E-01,1.5209283933393E-01,30
2000001,RISKFREE,30,CRSP Risk Free Rates - 1-Month (Nominal),30/09/2010,206126,20101104.400000,1.4702425230018E-01,1.2167376444097E-01,1.3434893134089E-01,35
2000001,RISKFREE,30,CRSP Risk Free Rates - 1-Month (Nominal),29/10/2010,206135,20101202.400000,1.3688372652305E-01,1.1660355455764E-01,1.2674359265089E-01,34
2000001,RISKFREE,30,CRSP Risk Free Rates - 1-Month (Nominal),30/11/2010,206146,20101230.400000,1.8251368886887E-01,1.5716292810219E-01,1.6983824245858E-01,30
2000001,RISKFREE,30,CRSP Risk Free Rates - 1-Month (Nominal),31/12/2010,206155,20110203.400000,8.6184014932593E-02,7.6044359936040E-02,8.1114175463167E-02,34
2000001,RISKFREE,30,CRSP Risk Free Rates - 1-Month (Nominal),31/01/2011,206163,20110303.400000,1.6223339855740E-01,1.3688295647583E-01,1.4955810929069E-01,31
2000001,RISKFREE,30,CRSP Risk Free Rates - 1-Month (Nominal),28/02/2011,206173,20110331.400000,9.1253536120203E-02,6.5904622209175E-02,7.8579010946888E-02,31
2000001,RISKFREE,30,CRSP Risk Free Rates - 1-Month (Nominal),31/03/2011,206128,20110505.400000,7.0974637358825E-02,4.5625998076039E-02,5.8300240698852E-02,35
2000001,RISKFREE,30,CRSP Risk Free Rates - 1-Month (Nominal),29/04/2011,206136,20110602.400000,2.5347521464883E-02,5.0694564141643E-03,1.5208441060209E-02,34
2000001,RISKFREE,30,CRSP Risk Free Rates - 1-Month (Nominal),31/05/2011,206147,20110630.400000,5.0695500608064E-02,3.5486628626807E-02,4.3091040852746E-02,30
2000001,RISKFREE,30,CRSP Risk Free Rates - 1-Month (Nominal),30/06/2011,206209,20110804.400000,1.0138938175516E-02,5.0694567660530E-03,7.6041943903594E-03,35
2000001,RISKFREE,30,CRSP Risk Free Rates - 1-Month (Nominal),29/07/2011,206219,20110901.400000,1.0139367699897E-01,7.6044359936040E-02,8.8718943645617E-02,34
2000001,RISKFREE,30,CRSP Risk Free Rates - 1-Month (Nominal),31/08/2011,206230,20111006.400000,1.0138939583633E-02,-1.0138838194840E-02,0.0000000000000E+00,36
2000001,RISKFREE,30,CRSP Risk Free Rates - 1-Month (Nominal),30/09/2011,206239,20111103.400000,2.5347521464883E-02,5.0694564141643E-03,1.5208441060209E-02,34
2000001,RISKFREE,30,CRSP Risk Free Rates - 1-Month (Nominal),31/10/2011,206247,20111201.400000,1.5208431554564E-02,-5.0694335310585E-03,5.0694553579022E-03,31
2000001,RISKFREE,30,CRSP Risk Free Rates - 1-Month (Nominal),30/11/2011,206259,20120105.400000,1.0138939583633E-02,-1.0138838194840E-02,0.0000000000000E+00,36
2000001,RISKFREE,30,CRSP Risk Free Rates - 1-Month (Nominal),30/12/2011,206268,20120202.400000,1.0138936767162E-02,-1.0138841011092E-02,0.0000000000000E+00,34
2000001,RISKFREE,30,CRSP Risk Free Rates - 1-Month (Nominal),31/01/2012,206279,20120301.400000,5.0695500608064E-02,2.5347486259469E-02,3.8021427421155E-02,30
2000001,RISKFREE,30,CRSP Risk Free Rates - 1-Month (Nominal),29/02/2012,206232,20120405.400000,6.5904919711011E-02,4.0556366688417E-02,5.3230563981166E-02,36
2000001,RISKFREE,30,CRSP Risk Free Rates - 1-Month (Nominal),30/03/2012,206240,20120503.400000,4.0556321624190E-02,3.0417097577512E-02,3.5486697630526E-02,34
2000001,RISKFREE,30,CRSP Risk Free Rates - 1-Month (Nominal),30/04/2012,206248,20120531.400000,8.1113905066682E-02,7.0974361332030E-02,7.6044122284571E-02,31
2000001,RISKFREE,30,CRSP Risk Free Rates - 1-Month (Nominal),31/05/2012,206317,20120705.400000,3.5486714881527E-02,2.0277974925535E-02,2.7882317178503E-02,35
2000001,RISKFREE,30,CRSP Risk Free Rates - 1-Month (Nominal),29/06/2012,206325,20120802.400000,4.0556321624190E-02,3.0417097577512E-02,3.5486697630526E-02,34
2000001,RISKFREE,30,CRSP Risk Free Rates - 1-Month (Nominal),31/07/2012,206333,20120830.400000,6.5904562709108E-02,5.5765166850257E-02,6.0834854217479E-02,30
2000001,RISKFREE,30,CRSP Risk Free Rates - 1-Month (Nominal),31/08/2012,206345,20121004.400000,8.1114175462929E-02,7.6044359936040E-02,7.8579264706877E-02,34
2000001,RISKFREE,30,CRSP Risk Free Rates - 1-Month (Nominal),28/09/2012,206354,20121101.400000,4.5625969558766E-02,3.5486697630526E-02,4.0556321624190E-02,34
2000001,RISKFREE,30,CRSP Risk Free Rates - 1-Month (Nominal),31/10/2012,206364,20121206.400000,1.0139395867146E-01,8.6184218436775E-02,9.3789060033171E-02,36
2000001,RISKFREE,30,CRSP Risk Free Rates - 1-Month (Nominal),30/11/2012,206551,20121231.400000,1.2674293246763E-01,1.1660299578542E-01,1.2167295321095E-01,31
2000001,RISKFREE,30,CRSP Risk Free Rates - 1-Month (Nominal),31/12/2012,206438,20130131.400000,3.0417059555473E-02,2.0277952394140E-02,2.5347495060887E-02,31
2000001,RISKFREE,30,CRSP Risk Free Rates - 1-Month (Nominal),31/01/2013,206346,20130307.400000,8.1114265595528E-02,4.0556344156208E-02,6.0835107707891E-02,35
2000001,RISKFREE,30,CRSP Risk Free Rates - 1-Month (Nominal),28/02/2013,206347,20130404.400000,5.0695676641004E-02,4.5625998076039E-02,4.8160834277649E-02,35
2000001,RISKFREE,30,CRSP Risk Free Rates - 1-Month (Nominal),28/03/2013,206355,20130502.400000,5.0695676641004E-02,3.0417110251549E-02,4.0556344156208E-02,35
2000001,RISKFREE,30,CRSP Risk Free Rates - 1-Month (Nominal),30/04/2013,206365,20130530.400000,2.0277946761068E-02,1.0138931134404E-02,1.5208428386109E-02,30
2000001,RISKFREE,30,CRSP Risk Free Rates - 1-Month (Nominal),31/05/2013,206566,20130705.400000,2.0277974925535E-02,1.0138938175516E-02,1.5208444228605E-02,35
2000001,RISKFREE,30,CRSP Risk Free Rates - 1-Month (Nominal),28/06/2013,206574,20130801.400000,1.5208441060209E-02,5.0694564141643E-03,1.0138936767400E-02,34
2000001,RISKFREE,30,CRSP Risk Free Rates - 1-Month (Nominal),31/07/2013,206585,20130905.400000,1.5208447396822E-02,5.0694571182315E-03,1.0138939583633E-02,36
2000001,RISKFREE,30,CRSP Risk Free Rates - 1-Month (Nominal),30/08/2013,206597,20131003.400000,1.5208441060209E-02,5.0694564141643E-03,1.0138936767400E-02,34
2000001,RISKFREE,30,CRSP Risk Free Rates - 1-Month (Nominal),30/09/2013,206605,20131031.400000,2.5347495060887E-02,1.5208431554564E-02,2.0277952393879E-02,31
2000001,RISKFREE,30,CRSP Risk Free Rates - 1-Month (Nominal),31/10/2013,206617,20131205.400000,4.0556344156208E-02,3.0417110251549E-02,3.5486714881527E-02,35
2000001,RISKFREE,30,CRSP Risk Free Rates - 1-Month (Nominal),29/11/2013,206627,20140102.400000,3.0417097577512E-02,2.0277969292377E-02,2.5347521464883E-02,34
2000001,RISKFREE,30,CRSP Risk Free Rates - 1-Month (Nominal),31/12/2013,206635,20140130.400000,2.0277946761068E-02,1.0138931134404E-02,1.5208428386109E-02,30
2000001,RISKFREE,30,CRSP Risk Free Rates - 1-Month (Nominal),31/01/2014,206586,20140306.400000,5.5765337251229E-02,4.5625969558766E-02,5.0695641434279E-02,34
2000001,RISKFREE,30,CRSP Risk Free Rates - 1-Month (Nominal),28/02/2014,206598,20140403.400000,3.5486697630526E-02,2.5347521464883E-02,3.0417097577750E-02,34
2000001,RISKFREE,30,CRSP Risk Free Rates - 1-Month (Nominal),31/03/2014,206606,20140501.400000,2.0277952394140E-02,1.5208431554564E-02,1.7743189245834E-02,31
2000001,RISKFREE,30,CRSP Risk Free Rates - 1-Month (Nominal),30/04/2014,206675,20140605.400000,1.5208447396822E-02,5.0694571182315E-03,1.0138939583633E-02,36
2000001,RISKFREE,30,CRSP Risk Free Rates - 1-Month (Nominal),30/05/2014,206685,20140703.400000,3.0417097577512E-02,1.5208441060209E-02,2.2812742386355E-02,34
2000001,RISKFREE,30,CRSP Risk Free Rates - 1-Month (Nominal),30/06/2014,206693,20140731.400000,2.0277952394140E-02,1.0138932542534E-02,1.5208431554825E-02,31
2000001,RISKFREE,30,CRSP Risk Free Rates - 1-Month (Nominal),31/07/2014,206704,20140904.400000,1.0138938175516E-02,0.0000000000000E+00,5.0694567660530E-03,35
2000001,RISKFREE,30,CRSP Risk Free Rates - 1-Month (Nominal),29/08/2014,206715,20141002.400000,1.0138936767162E-02,0.0000000000000E+00,5.0694564139259E-03,34
2000001,RISKFREE,30,CRSP Risk Free Rates - 1-Month (Nominal),30/09/2014,206723,20141030.400000,2.0277946761068E-02,1.0138931134404E-02,1.5208428386109E-02,30
2000001,RISKFREE,30,CRSP Risk Free Rates - 1-Month (Nominal),31/10/2014,206736,20141204.400000,7.6041935982180E-03,-2.5347192297591E-03,2.5347252145805E-03,34
2000001,RISKFREE,30,CRSP Risk Free Rates - 1-Month (Nominal),28/11/2014,206745,20150102.400000,1.0138938175516E-02,0.0000000000000E+00,5.0694567660530E-03,35
2000001,RISKFREE,30,CRSP Risk Free Rates - 1-Month (Nominal),31/12/2014,206696,20150205.400000,1.5208447396822E-02,5.0694571182315E-03,1.0138939583633E-02,36
2000001,RISKFREE,30,CRSP Risk Free Rates - 1-Month (Nominal),30/01/2015,206705,20150305.400000,-1.5208225608666E-02,-2.5346922988942E-02,-2.0277586267742E-02,34
2000001,RISKFREE,30,CRSP Risk Free Rates - 1-Month (Nominal),27/02/2015,206716,20150402.400000,0.0000000000000E+00,-1.0138841011092E-02,-5.0694324748787E-03,34
2000001,RISKFREE,30,CRSP Risk Free Rates - 1-Month (Nominal),31/03/2015,206724,20150430.400000,4.0556231496392E-02,3.0417046881229E-02,3.5486628626807E-02,30
2000001,RISKFREE,30,CRSP Risk Free Rates - 1-Month (Nominal),30/04/2015,206790,20150604.400000,0.0000000000000E+00,-1.0138839602853E-02,-5.0694321229741E-03,35
2000001,RISKFREE,30,CRSP Risk Free Rates - 1-Month (Nominal),29/05/2015,206800,20150702.400000,7.6041935982180E-03,-2.5347192297591E-03,2.5347252145805E-03,34
2000001,RISKFREE,30,CRSP Risk Free Rates - 1-Month (Nominal),30/06/2015,206809,20150730.400000,-4.0554879644589E-02,-5.0693388339471E-02,-4.5624144552527E-02,30
2000001,RISKFREE,30,CRSP Risk Free Rates - 1-Month (Nominal),31/07/2015,206819,20150903.400000,3.5486697630526E-02,2.5347521464883E-02,3.0417097577750E-02,34
2000001,RISKFREE,30,CRSP Risk Free Rates - 1-Month (Nominal),31/08/2015,206830,20151001.400000,0.0000000000000E+00,-1.5208235113625E-02,-7.6041421116001E-03,31
2000001,RISKFREE,30,CRSP Risk Free Rates - 1-Month (Nominal),30/09/2015,206839,20151105.400000,-2.5346905387256E-02,-3.0416210425782E-02,-2.7881561074595E-02,36
2000001,RISKFREE,30,CRSP Risk Free Rates - 1-Month (Nominal),30/10/2015,206854,20151203.400000,3.0417097577512E-02,2.0277969292377E-02,2.5347521464883E-02,34
2000001,RISKFREE,30,CRSP Risk Free Rates - 1-Month (Nominal),30/11/2015,206864,20151231.400000,1.3181293355588E-01,1.1153306019090E-01,1.2167295321095E-01,31
2000001,RISKFREE,30,CRSP Risk Free Rates - 1-Month (Nominal),31/12/2015,206811,20160204.400000,8.6184116684545E-02,5.0695676641004E-02,6.8439745703671E-02,35
2000001,RISKFREE,30,CRSP Risk Free Rates - 1-Month (Nominal),29/01/2016,206820,20160303.400000,2.3321977562062E-01,2.2307873175979E-01,2.2814924171572E-01,34
2000001,RISKFREE,30,CRSP Risk Free Rates - 1-Month (Nominal),29/02/2016,206831,20160331.400000,2.2814710246437E-01,2.1800629245537E-01,2.2307668654230E-01,31
2000001,RISKFREE,30,CRSP Risk Free Rates - 1-Month (Nominal),31/03/2016,206901,20160505.400000,8.1114265595528E-02,7.0974637358825E-02,7.6044439154079E-02,35
2000001,RISKFREE,30,CRSP Risk Free Rates - 1-Month (Nominal),29/04/2016,206909,20160602.400000,1.3688372652305E-01,1.2674359265089E-01,1.3181364761451E-01,34
2000001,RISKFREE,30,CRSP Risk Free Rates - 1-Month (Nominal),31/05/2016,206920,20160630.400000,2.3321679510134E-01,2.2307600481407E-01,2.2814638939253E-01,30
2000001,RISKFREE,30,CRSP Risk Free Rates - 1-Month (Nominal),30/06/2016,206935,20160804.400000,2.1293840486856E-01,2.0786793752780E-01,2.1040316811656E-01,35
2000001,RISKFREE,30,CRSP Risk Free Rates - 1-Month (Nominal),29/07/2016,206944,20160901.400000,1.8758583262838E-01,1.7744521983548E-01,1.8251551425827E-01,34
2000001,RISKFREE,30,CRSP Risk Free Rates - 1-Month (Nominal),31/08/2016,206955,20161006.400000,2.5350391153174E-01,2.2308009526604E-01,2.3829188928279E-01,36
2000001,RISKFREE,30,CRSP Risk Free Rates - 1-Month (Nominal),30/09/2016,206966,20161103.400000,1.9265617494606E-01,1.8251551425827E-01,1.8758583262838E-01,34
2000001,RISKFREE,30,CRSP Risk Free Rates - 1-Month (Nominal),31/10/2016,206975,20161201.400000,1.8251414521171E-01,1.4195300122790E-01,1.6223339855766E-01,31
2000001,RISKFREE,30,CRSP Risk Free Rates - 1-Month (Nominal),30/11/2016,206923,20170105.400000,3.0928327920909E-01,2.9914134774071E-01,3.0421230079366E-01,36
2000001,RISKFREE,30,CRSP Risk Free Rates - 1-Month (Nominal),30/12/2016,206936,20170202.400000,4.1577494829024E-01,4.0563217979244E-01,4.1070355206273E-01,34
2000001,RISKFREE,30,CRSP Risk Free Rates - 1-Month (Nominal),31/01/2017,206945,20170302.400000,4.7662112217499E-01,4.6647830294354E-01,4.7154970198986E-01,30
2000001,RISKFREE,30,CRSP Risk Free Rates - 1-Month (Nominal),28/02/2017,206956,20170330.400000,4.3402184960944E-01,4.2387938550212E-01,4.2895060698692E-01,30
2000001,RISKFREE,30,CRSP Risk Free Rates - 1-Month (Nominal),31/03/2017,207022,20170504.400000,6.9473864178016E-01,6.8459323728712E-01,6.8966592754867E-01,34
2000001,RISKFREE,30,CRSP Risk Free Rates - 1-Month (Nominal),28/04/2017,207030,20170601.400000,6.7952057099503E-01,6.6937531031862E-01,6.7444792867212E-01,34
2000001,RISKFREE,30,CRSP Risk Free Rates - 1-Month (Nominal),31/05/2017,207041,20170706.400000,7.5562872888609E-01,7.4548233166329E-01,7.5055551758226E-01,36
2000001,RISKFREE,30,CRSP Risk Free Rates - 1-Month (Nominal),30/06/2017,207050,20170803.400000,8.6215165997234E-01,8.5200467322432E-01,8.5707815460964E-01,34
2000001,RISKFREE,30,CRSP Risk Free Rates - 1-Month (Nominal),31/07/2017,207060,20170831.400000,9.7880951588392E-01,9.6866223857922E-01,9.7373586630019E-01,31
2000001,RISKFREE,30,CRSP Risk Free Rates - 1-Month (Nominal),31/08/2017,207072,20171005.400000,1.1158745671162E+00,1.1057248730319E+00,1.1107997077262E+00,35
2000001,RISKFREE,30,CRSP Risk Free Rates - 1-Month (Nominal),29/09/2017,207080,20171102.400000,9.6362680280803E-01,9.5347885687747E-01,9.5855281785180E-01,34
2000001,RISKFREE,30,CRSP Risk Free Rates - 1-Month (Nominal),31/10/2017,207088,20171130.400000,1.0092379155099E+00,9.9909065513124E-01,1.0041642747416E+00,30
2000001,RISKFREE,30,CRSP Risk Free Rates - 1-Month (Nominal),30/11/2017,207120,20180102.400000,1.1209150148594E+00,1.0853934932282E+00,1.1031541114454E+00,33
2000001,RISKFREE,30,CRSP Risk Free Rates - 1-Month (Nominal),29/12/2017,207051,20180201.400000,1.2985628451155E+00,1.1767558295684E+00,1.2376576097520E+00,34
2000001,RISKFREE,30,CRSP Risk Free Rates - 1-Month (Nominal),31/01/2018,207124,20180308.400000,1.3544459606405E+00,1.3493697521481E+00,1.3519078532175E+00,36
2000001,RISKFREE,30,CRSP Risk Free Rates - 1-Month (Nominal),28/02/2018,207124,20180308.400000,1.1965457761920E+00,1.1864042392354E+00,1.1914750048957E+00,8
2000001,RISKFREE,30,CRSP Risk Free Rates - 1-Month (Nominal),29/03/2018,207144,20180503.400000,1.6742599219722E+00,1.5828673113609E+00,1.6285626154977E+00,35
2000001,RISKFREE,30,CRSP Risk Free Rates - 1-Month (Nominal),30/04/2018,207151,20180531.400000,1.6537998064875E+00,1.6436467103145E+00,1.6487232474570E+00,31
2000001,RISKFREE,30,CRSP Risk Free Rates - 1-Month (Nominal),31/05/2018,207162,20180705.400000,1.7605825202134E+00,1.7555045225166E+00,1.7580435182743E+00,35
2000001,RISKFREE,30,CRSP Risk Free Rates - 1-Month (Nominal),29/06/2018,207169,20180802.400000,1.7960849796375E+00,1.7605400367058E+00,1.7783123610583E+00,34
2000001,RISKFREE,30,CRSP Risk Free Rates - 1-Month (Nominal),31/07/2018,207181,20180830.400000,1.9228380852577E+00,1.9076057927975E+00,1.9152219151896E+00,30
2000001,RISKFREE,30,CRSP Risk Free Rates - 1-Month (Nominal),31/08/2018,207192,20181004.400000,1.9687485881700E+00,1.9585911365382E+00,1.9636698503406E+00,34
2000001,RISKFREE,30,CRSP Risk Free Rates - 1-Month (Nominal),28/09/2018,207200,20181101.400000,2.0906455046986E+00,2.0804868996502E+00,2.0855661901583E+00,34
2000001,RISKFREE,30,CRSP Risk Free Rates - 1-Month (Nominal),31/10/2018,207154,20181206.400000,2.1872882059960E+00,2.1669668388849E+00,2.1771274715279E+00,36
2000001,RISKFREE,30,CRSP Risk Free Rates - 1-Month (Nominal),30/11/2018,207271,20190102.400000,2.2632862783297E+00,2.2531266680692E+00,2.2582064615342E+00,33
2000001,RISKFREE,30,CRSP Risk Free Rates - 1-Month (Nominal),31/12/2018,207170,20190131.400000,2.2631458526747E+00,2.2529875006655E+00,2.2580666657146E+00,31
2000001,RISKFREE,30,CRSP Risk Free Rates - 1-Month (Nominal),31/01/2019,207289,20190305.400000,2.3598072304314E+00,2.3496467335524E+00,2.3547269703249E+00,33
2000001,RISKFREE,30,CRSP Risk Free Rates - 1-Month (Nominal),28/02/2019,207301,20190402.400000,2.4309333221232E+00,2.4207721718474E+00,2.4258527353167E+00,33
2000001,RISKFREE,30,CRSP Risk Free Rates - 1-Month (Nominal),29/03/2019,207319,20190430.400000,2.4257720667561E+00,2.4156116377576E+00,2.4206918409433E+00,32
2000001,RISKFREE,30,CRSP Risk Free Rates - 1-Month (Nominal),30/04/2019,207277,20190530.400000,2.4154516710362E+00,2.4052926758025E+00,2.4103721628162E+00,30
2000001,RISKFREE,30,CRSP Risk Free Rates - 1-Month (Nominal),31/05/2019,207342,20190702.400000,2.3546509643364E+00,2.3444911688461E+00,2.3495710552794E+00,32
2000001,RISKFREE,30,CRSP Risk Free Rates - 1-Month (Nominal),28/06/2019,207354,20190730.400000,2.0397393769296E+00,2.0245039244908E+00,2.0321216252724E+00,32
2000001,RISKFREE,30,CRSP Risk Free Rates - 1-Month (Nominal),31/07/2019,207376,20190903.400000,2.2582763681009E+00,2.2481161766773E+00,2.2531962603691E+00,34
2000001,RISKFREE,30,CRSP Risk Free Rates - 1-Month (Nominal),30/08/2019,207380,20191001.400000,2.0905256881766E+00,2.0803682450246E+00,2.0854469552941E+00,32
2000001,RISKFREE,30,CRSP Risk Free Rates - 1-Month (Nominal),30/09/2019,207345,20191031.400000,1.8061067562503E+00,1.7959523466284E+00,1.8010295404926E+00,31
2000001,RISKFREE,30,CRSP Risk Free Rates - 1-Month (Nominal),31/10/2019,207418,20191203.400000,1.5218798656814E+00,1.5117270632226E+00,1.5168034528026E+00,33
2000001,RISKFREE,30,CRSP Risk Free Rates - 1-Month (Nominal),29/11/2019,207422,20191231.400000,1.6335302717718E+00,1.6284535732895E+00,1.6309919197061E+00,32
2000001,RISKFREE,30,CRSP Risk Free Rates - 1-Month (Nominal),31/12/2019,207306,20200130.400000,1.4202730982749E+00,1.4101224092100E+00,1.4151977431563E+00,30
2000001,RISKFREE,30,CRSP Risk Free Rates - 1-Month (Nominal),31/01/2020,207451,20200303.400000,1.5624585491150E+00,1.5573821669483E+00,1.5599203552077E+00,32
2000001,RISKFREE,30,CRSP Risk Free Rates - 1-Month (Nominal),28/02/2020,207463,20200331.400000,1.4507833599984E+00,1.4406316122290E+00,1.4457074748198E+00,32
2000001,RISKFREE,30,CRSP Risk Free Rates - 1-Month (Nominal),31/03/2020,207425,20200430.400000,9.1250342187434E-03,-1.0138884664413E-03,4.0555623148125E-03,30
2000001,RISKFREE,30,CRSP Risk Free Rates - 1-Month (Nominal),30/04/2020,207499,20200602.400000,8.1114085330580E-02,6.5904741209419E-02,7.3509387127300E-02,33
2000001,RISKFREE,30,CRSP Risk Free Rates - 1-Month (Nominal),29/05/2020,207511,20200630.400000,1.3181317157448E-01,1.2167315601705E-01,1.2674315252787E-01,32
2000001,RISKFREE,30,CRSP Risk Free Rates - 1-Month (Nominal),30/06/2020,207466,20200730.400000,1.2167275040576E-01,1.1153288978016E-01,1.1660280952945E-01,30
2000001,RISKFREE,30,CRSP Risk Free Rates - 1-Month (Nominal),31/07/2020,207534,20200901.400000,9.6323511494400E-02,8.6183811429362E-02,9.1253650194860E-02,32
2000001,RISKFREE,30,CRSP Risk Free Rates - 1-Month (Nominal),31/08/2020,207503,20201001.400000,9.6323384392167E-02,8.6183709678510E-02,9.1253536120203E-02,31
2000001,RISKFREE,30,CRSP Risk Free Rates - 1-Month (Nominal),30/09/2020,207538,20201103.400000,9.1253878344820E-02,8.1114175462929E-02,8.6184014932593E-02,34
2000001,RISKFREE,30,CRSP Risk Free Rates - 1-Month (Nominal),30/10/2020,207553,20201201.400000,8.1113995198558E-02,7.0974430338585E-02,7.6044201501583E-02,32
2000001,RISKFREE,30,CRSP Risk Free Rates - 1-Month (Nominal),30/11/2020,207455,20201231.400000,7.6044122284571E-02,6.5904622209175E-02,7.0974361332030E-02,31
2000001,RISKFREE,30,CRSP Risk Free Rates - 1-Month (Nominal),31/12/2020,207586,20210202.400000,5.5765294650994E-02,4.5625941041408E-02,5.0695606227506E-02,33
2000001,RISKFREE,30,CRSP Risk Free Rates - 1-Month (Nominal),29/01/2021,207601,20210302.400000,5.5765252050617E-02,5.0695571020946E-02,5.3230408719063E-02,32
2000001,RISKFREE,30,CRSP Risk Free Rates - 1-Month (Nominal),26/02/2021,207613,20210330.400000,3.5486663128647E-02,2.5347503862049E-02,3.0417072229596E-02,32
2000001,RISKFREE,30,CRSP Risk Free Rates - 1-Month (Nominal),31/03/2021,207629,20210504.400000,2.0277969292377E-02,1.0138936767162E-02,1.5208441060209E-02,34
2000001,RISKFREE,30,CRSP Risk Free Rates - 1-Month (Nominal),30/04/2021,207644,20210601.400000,1.0138933950917E-02,0.0000000000000E+00,5.0694557098449E-03,32
2000001,RISKFREE,30,CRSP Risk Free Rates - 1-Month (Nominal),28/05/2021,207656,20210629.400000,1.0138933950917E-02,0.0000000000000E+00,5.0694557098449E-03,32
2000001,RISKFREE,30,CRSP Risk Free Rates - 1-Month (Nominal),30/06/2021,207683,20210803.400000,4.0556321624190E-02,3.0417097577512E-02,3.5486697630526E-02,34
2000001,RISKFREE,30,CRSP Risk Free Rates - 1-Month (Nominal),30/07/2021,207695,20210831.400000,6.0834955613334E-02,5.0695571020946E-02,5.5765252050617E-02,32
2000001,RISKFREE,30,CRSP Risk Free Rates - 1-Month (Nominal),31/08/2021,207686,20210930.400000,4.5625855490172E-02,3.5486628626807E-02,4.0556231496392E-02,30
2000001,RISKFREE,30,CRSP Risk Free Rates - 1-Month (Nominal),30/09/2021,207748,20211101.400000,5.0695571020946E-02,4.0556276560321E-02,4.5625912524216E-02,32
2000001,RISKFREE,30,CRSP Risk Free Rates - 1-Month (Nominal),29/10/2021,207736,20211130.400000,5.5765252050617E-02,4.5625912524470E-02,5.0695571020946E-02,32
2000001,RISKFREE,30,CRSP Risk Free Rates - 1-Month (Nominal),30/11/2021,207649,20211230.400000,8.6183607927512E-02,7.6044043067692E-02,8.1113814935022E-02,30
2000001,RISKFREE,30,CRSP Risk Free Rates - 1-Month (Nominal),31/12/2021,207768,20220201.400000,5.5765252050617E-02,4.5625912524470E-02,5.0695571020946E-02,32
2000001,RISKFREE,30,CRSP Risk Free Rates - 1-Month (Nominal),31/01/2022,207755,20220303.400000,4.0556254028231E-02,3.0417059555473E-02,3.5486645877785E-02,31
2000001,RISKFREE,30,CRSP Risk Free Rates - 1-Month (Nominal),28/02/2022,207771,20220331.400000,7.6044122284571E-02,6.5904622209175E-02,7.0974361332030E-02,31
2000001,RISKFREE,30,CRSP Risk Free Rates - 1-Month (Nominal),31/03/2022,207813,20220503.400000,4.5625941041408E-02,3.5486680379646E-02,4.0556299092388E-02,33
2000001,RISKFREE,30,CRSP Risk Free Rates - 1-Month (Nominal),29/04/2022,207826,20220531.400000,3.5491632318021E-01,3.4477432407806E-01,3.4984531235651E-01,32
2000001,RISKFREE,30,CRSP Risk Free Rates - 1-Month (Nominal),31/05/2022,207816,20220630.400000,6.9978454067486E-01,6.7949526564081E-01,6.8963986086461E-01,30
2000001,RISKFREE,30,CRSP Risk Free Rates - 1-Month (Nominal),30/06/2022,207855,20220802.400000,1.1259896110762E+00,1.1158404419245E+00,1.1209150148594E+00,33
2000001,RISKFREE,30,CRSP Risk Free Rates - 1-Month (Nominal),29/07/2022,207867,20220830.400000,2.1717884898850E+00,2.1616303230530E+00,2.1667093951606E+00,32
2000001,RISKFREE,30,CRSP Risk Free Rates - 1-Month (Nominal),31/08/2022,207892,20221004.400000,2.3598835714313E+00,2.3497224183269E+00,2.3548029828571E+00,34
2000001,RISKFREE,30,CRSP Risk Free Rates - 1-Month (Nominal),30/09/2022,207896,20221101.400000,2.7916078012962E+00,2.6594869170832E+00,2.7255454462113E+00,32
2000001,RISKFREE,30,CRSP Risk Free Rates - 1-Month (Nominal),31/10/2022,207801,20221201.400000,3.4624471483158E+00,3.4522784439382E+00,3.4573627851493E+00,31
2000001,RISKFREE,30,CRSP Risk Free Rates - 1-Month (Nominal),30/11/2022,207923,20230103.400000,3.9919964048214E+00,3.9767315214552E+00,3.9843639360062E+00,34
2000001,RISKFREE,30,CRSP Risk Free Rates - 1-Month (Nominal),30/12/2022,207938,20230131.400000,4.0017338002145E+00,3.9813849370741E+00,3.9915593232659E+00,32
2000001,RISKFREE,30,CRSP Risk Free Rates - 1-Month (Nominal),31/01/2023,207926,20230302.400000,4.4998388502455E+00,4.4693098623425E+00,4.4845742605387E+00,30
2000001,RISKFREE,30,CRSP Risk Free Rates - 1-Month (Nominal),28/02/2023,207941,20230330.400000,4.4387816404634E+00,4.3980785361511E+00,4.4184299180939E+00,30
2000001,RISKFREE,30,CRSP Risk Free Rates - 1-Month (Nominal),31/03/2023,207981,20230502.400000,4.6734500224593E+00,4.6581793508507E+00,4.6658146610997E+00,32
2000001,RISKFREE,30,CRSP Risk Free Rates - 1-Month (Nominal),28/04/2023,207994,20230530.400000,4.1747137956394E+00,4.1645377755840E+00,4.1696257742636E+00,32
2000001,RISKFREE,30,CRSP Risk Free Rates - 1-Month (Nominal),31/05/2023,208008,20230705.400000,4.9595522631960E+00,4.9493650913572E+00,4.9544586648374E+00,35
2000001,RISKFREE,30,CRSP Risk Free Rates - 1-Month (Nominal),30/06/2023,208025,20230801.400000,5.1673119424502E+00,5.1571270631731E+00,5.1622194914438E+00,32
2000001,RISKFREE,30,CRSP Risk Free Rates - 1-Month (Nominal),31/07/2023,208011,20230831.400000,5.3349850627562E+00,5.3248001735322E+00,5.3298926071315E+00,31
2000001,RISKFREE,30,CRSP Risk Free Rates - 1-Month (Nominal),31/08/2023,208051,20231003.400000,5.3612362658546E+00,5.3510481599240E+00,5.3561422011586E+00,33
2000001,RISKFREE,30,CRSP Risk Free Rates - 1-Month (Nominal),29/09/2023,208067,20231031.400000,5.3710286283371E+00,5.3608419298768E+00,5.3659352677350E+00,32
2000001,RISKFREE,30,CRSP Risk Free Rates - 1-Month (Nominal),31/10/2023,207970,20231130.400000,5.3753290676947E+00,5.3651453279185E+00,5.3702371871515E+00,30
2000001,RISKFREE,30,CRSP Risk Free Rates - 1-Month (Nominal),30/11/2023,208094,20240102.400000,5.3510481599240E+00,5.3408601478367E+00,5.3459541421501E+00,33
2000001,RISKFREE,30,CRSP Risk Free Rates - 1-Month (Nominal),29/12/2023,208111,20240130.400000,5.3863088466087E+00,5.3761220116833E+00,5.3812154177737E+00,32
2000001,RISKFREE,30,CRSP Risk Free Rates - 1-Month (Nominal),31/01/2024,208124,20240305.400000,5.3157782191739E+00,5.3055890495633E+00,5.3106836222801E+00,34
2000001,RISKFREE,30,CRSP Risk Free Rates - 1-Month (Nominal),29/02/2024,208137,20240402.400000,5.3918011467248E+00,5.3816127592534E+00,5.3867069412578E+00,33
2000001,RISKFREE,30,CRSP Risk Free Rates - 1-Month (Nominal),28/03/2024,208153,20240430.400000,5.3714244656306E+00,5.3612362658546E+00,5.3663303540118E+00,33
2000001,RISKFREE,30,CRSP Risk Free Rates - 1-Month (Nominal),30/04/2024,208140,20240530.400000,5.3651453279185E+00,5.3549616733814E+00,5.3600534899951E+00,30
2000001,RISKFREE,30,CRSP Risk Free Rates - 1-Month (Nominal),31/05/2024,208182,20240702.400000,5.3608419298768E+00,5.3557486147621E+00,5.3582952694764E+00,32
2000001,RISKFREE,30,CRSP Risk Free Rates - 1-Month (Nominal),28/06/2024,208195,20240730.400000,5.3659352677350E+00,5.3557486147621E+00,5.3608419298768E+00,32
2000001,RISKFREE,30,CRSP Risk Free Rates - 1-Month (Nominal),31/07/2024,208208,20240903.400000,5.3616306792249E+00,5.3514410744081E+00,5.3565358647270E+00,34
2000001,RISKFREE,30,CRSP Risk Free Rates - 1-Month (Nominal),30/08/2024,208221,20241001.400000,5.2589799486074E+00,5.2538870883230E+00,5.2564335156227E+00,32
2000001,RISKFREE,30,CRSP Risk Free Rates - 1-Month (Nominal),30/09/2024,208128,20241031.400000,4.5964805060726E+00,4.5866307344552E+00,4.5915556099640E+00,31
2000001,RISKFREE,30,CRSP Risk Free Rates - 1-Month (Nominal),31/10/2024,208250,20241203.400000,4.5073152972326E+00,4.4974434212877E+00,4.5023793482466E+00,33
2000001,RISKFREE,30,CRSP Risk Free Rates - 1-Month (Nominal),29/11/2024,208266,20241231.400000,4.1745542858246E+00,4.1653329010815E+00,4.1699435841342E+00,32
2000001,RISKFREE,30,CRSP Risk Free Rates - 1-Month (Nominal),31/12/2024,208253,20250130.400000,4.0094971684390E+00,4.0000027348394E+00,4.0047499423779E+00,30
2000001,RISKFREE,30,CRSP Risk Free Rates - 1-Month (Nominal),31/01/2025,208297,20250304.400000,3.9142147722332E+00,3.9049954919564E+00,3.9096051227801E+00,32
2000001,RISKFREE,30,CRSP Risk Free Rates - 1-Month (Nominal),28/02/2025,208310,20250401.400000,3.9048409795139E+00,3.8956217750016E+00,3.9002313679434E+00,32
2000001,RISKFREE,30,CRSP Risk Free Rates - 1-Month (Nominal),31/03/2025,208300,20250501.400000,4.1600739054478E+00,4.1502277839240E+00,4.1551508343938E+00,31
2000001,RISKFREE,30,CRSP Risk Free Rates - 1-Month (Nominal),30/04/2025,208339,20250603.400000,4.1594233199698E+00,4.1441104338818E+00,4.1517668496231E+00,34
2000001,RISKFREE,30,CRSP Risk Free Rates - 1-Month (Nominal),30/05/2025,208352,20250701.400000,3.8864015004858E+00,3.8771824450107E+00,3.8817919634343E+00,32
2000001,RISKFREE,30,CRSP Risk Free Rates - 1-Month (Nominal),30/06/2025,208342,20250731.400000,4.0957039984937E+00,4.0563209779735E+00,4.0760123235702E+00,31
2000001,RISKFREE,30,CRSP Risk Free Rates - 1-Month (Nominal),31/07/2025,208380,20250902.400000,4.2120233880911E+00,4.1883380243826E+00,4.2001806428364E+00,33
2000001,RISKFREE,30,CRSP Risk Free Rates - 1-Month (Nominal),29/08/2025,208393,20250930.400000,3.7721946195164E+00,3.7632934842983E+00,3.7677440432245E+00,32
2000001,RISKFREE,30,CRSP Risk Free Rates - 1-Month (Nominal),30/09/2025,208301,20251030.400000,3.9802279888601E+00,3.9593330231746E+00,3.9697804611612E+00,30
2000001,RISKFREE,30,CRSP Risk Free Rates - 1-Month (Nominal),31/10/2025,208422,20251202.400000,3.5674437460302E+00,3.5397922474507E+00,3.5536179129482E+00,32
2000001,RISKFREE,30,CRSP Risk Free Rates - 1-Month (Nominal),28/11/2025,208435,20251230.400000,3.5660615556496E+00,3.5568439447474E+00,3.5614527408872E+00,32
2000001,RISKFREE,30,CRSP Risk Free Rates - 1-Month (Nominal),31/12/2025,208453,20260203.400000,3.3582919403234E+00,3.3343614916449E+00,3.3463266493037E+00,34
2000002,RISKFREE,90,CRSP Risk Free Rates - 3-Month (Nominal),31/01/2000,203130,20000427.400000,5.6394697933863E+00,5.6291938230529E+00,5.6343317767580E+00,87
2000002,RISKFREE,90,CRSP Risk Free Rates - 3-Month (Nominal),29/02/2000,203141,20000601.400000,5.7346793553443E+00,5.7243913677950E+00,5.7295353278595E+00,93
2000002,RISKFREE,90,CRSP Risk Free Rates - 3-Month (Nominal),31/03/2000,203146,20000629.400000,5.8233100077645E+00,5.8130246163309E+00,5.8181672794414E+00,90
2000002,RISKFREE,90,CRSP Risk Free Rates - 3-Month (Nominal),28/04/2000,203152,20000727.400000,5.7821700070390E+00,5.7718856589005E+00,5.7770278003701E+00,90
2000002,RISKFREE,90,CRSP Risk Free Rates - 3-Month (Nominal),31/05/2000,203164,20000831.400000,5.5851005620794E+00,5.5748180667170E+00,5.5799592810861E+00,92
2000002,RISKFREE,90,CRSP Risk Free Rates - 3-Month (Nominal),30/06/2000,203169,20000928.400000,5.8310242225264E+00,5.8207386354513E+00,5.8258813963813E+00,90
2000002,RISKFREE,90,CRSP Risk Free Rates - 3-Month (Nominal),31/07/2000,203175,20001026.400000,6.1741673820533E+00,6.1638783069644E+00,6.1690228129669E+00,87
2000002,RISKFREE,90,CRSP Risk Free Rates - 3-Month (Nominal),31/08/2000,203186,20001130.400000,6.2612202115065E+00,6.2509219433292E+00,6.2560710443666E+00,91
2000002,RISKFREE,90,CRSP Risk Free Rates - 3-Month (Nominal),29/09/2000,203192,20001228.400000,6.1628743450163E+00,6.1525803383134E+00,6.1577273090040E+00,90
2000002,RISKFREE,90,CRSP Risk Free Rates - 3-Month (Nominal),31/10/2000,203199,20010125.400000,6.2945374072049E+00,6.2842471529632E+00,6.2893922488975E+00,86
2000002,RISKFREE,90,CRSP Risk Free Rates - 3-Month (Nominal),30/11/2000,203211,20010301.400000,6.1633973377063E+00,6.1531015808061E+00,6.1582494262211E+00,91
2000002,RISKFREE,90,CRSP Risk Free Rates - 3-Month (Nominal),29/12/2000,203215,20010329.400000,5.8490246276266E+00,5.8387385840258E+00,5.8438815732158E+00,90
2000002,RISKFREE,90,CRSP Risk Free Rates - 3-Month (Nominal),31/01/2001,203226,20010503.400000,4.9634887569194E+00,4.9532223593722E+00,4.9583555249379E+00,92
2000002,RISKFREE,90,CRSP Risk Free Rates - 3-Month (Nominal),28/02/2001,203235,20010531.400000,4.8351778781600E+00,4.8249148003272E+00,4.8300463060572E+00,92
2000002,RISKFREE,90,CRSP Risk Free Rates - 3-Month (Nominal),30/03/2001,203240,20010628.400000,4.2756216503651E+00,4.2653754349305E+00,4.2704985102895E+00,90
2000002,RISKFREE,90,CRSP Risk Free Rates - 3-Month (Nominal),30/04/2001,203246,20010726.400000,3.8680192994116E+00,3.8577866259378E+00,3.8629029314776E+00,87
2000002,RISKFREE,90,CRSP Risk Free Rates - 3-Month (Nominal),31/05/2001,203256,20010830.400000,3.6078792588522E+00,3.5976488898610E+00,3.6027640417398E+00,91
2000002,RISKFREE,90,CRSP Risk Free Rates - 3-Month (Nominal),29/06/2001,203262,20010927.400000,3.6332749383477E+00,3.6230449385224E+00,3.6281599061790E+00,90
2000002,RISKFREE,90,CRSP Risk Free Rates - 3-Month (Nominal),31/07/2001,203271,20011101.400000,3.5238276952783E+00,3.5135974976122E+00,3.5187125631127E+00,93
2000002,RISKFREE,90,CRSP Risk Free Rates - 3-Month (Nominal),31/08/2001,203277,20011129.400000,3.3469324403861E+00,3.3367096608117E+00,3.3418210183885E+00,90
2000002,RISKFREE,90,CRSP Risk Free Rates - 3-Month (Nominal),28/09/2001,203282,20011227.400000,2.3463228116453E+00,2.3361252228857E+00,2.3412239852135E+00,90
2000002,RISKFREE,90,CRSP Risk Free Rates - 3-Month (Nominal),31/10/2001,203290,20020131.400000,2.0304298661854E+00,2.0202390864117E+00,2.0253344435781E+00,92
2000002,RISKFREE,90,CRSP Risk Free Rates - 3-Month (Nominal),30/11/2001,203297,20020228.400000,1.7883817759728E+00,1.7781982066731E+00,1.7832899593590E+00,90
2000002,RISKFREE,90,CRSP Risk Free Rates - 3-Month (Nominal),31/12/2001,203301,20020328.400000,1.7169808317119E+00,1.7068004876129E+00,1.7118906287836E+00,87
2000002,RISKFREE,90,CRSP Risk Free Rates - 3-Month (Nominal),31/01/2002,203313,20020502.400000,1.7629659692514E+00,1.7527825476940E+00,1.7578742261546E+00,91
2000002,RISKFREE,90,CRSP Risk Free Rates - 3-Month (Nominal),28/02/2002,203319,20020530.400000,1.7604200896235E+00,1.7502367327016E+00,1.7553283788448E+00,91
2000002,RISKFREE,90,CRSP Risk Free Rates - 3-Month (Nominal),28/03/2002,203327,20020627.400000,1.7884256543371E+00,1.7782415863761E+00,1.7833335880343E+00,91
2000002,RISKFREE,90,CRSP Risk Free Rates - 3-Month (Nominal),30/04/2002,203336,20020801.400000,1.7554129233815E+00,1.7452287168950E+00,1.7503207871048E+00,93
2000002,RISKFREE,90,CRSP Risk Free Rates - 3-Month (Nominal),31/05/2002,203341,20020829.400000,1.7272841954888E+00,1.7171021602250E+00,1.7221931459027E+00,90
2000002,RISKFREE,90,CRSP Risk Free Rates - 3-Month (Nominal),28/06/2002,203348,20020926.400000,1.6916481904086E+00,1.6814670497855E+00,1.6865575881483E+00,90
2000002,RISKFREE,90,CRSP Risk Free Rates - 3-Month (Nominal),31/07/2002,203356,20021031.400000,1.6968178461800E+00,1.6866356319689E+00,1.6917267064090E+00,92
2000002,RISKFREE,90,CRSP Risk Free Rates - 3-Month (Nominal),30/08/2002,203361,20021129.400000,1.6713244815099E+00,1.6611433863251E+00,1.6662339016142E+00,91
2000002,RISKFREE,90,CRSP Risk Free Rates - 3-Month (Nominal),30/09/2002,203368,20021226.400000,1.5464926444130E+00,1.5363164364007E+00,1.5414045095530E+00,87
2000002,RISKFREE,90,CRSP Risk Free Rates - 3-Month (Nominal),31/10/2002,203375,20030130.400000,1.4397684783870E+00,1.4295932590181E+00,1.4346808364365E+00,91
2000002,RISKFREE,90,CRSP Risk Free Rates - 3-Month (Nominal),29/11/2002,203383,20030227.400000,1.2235800553142E+00,1.2134106582336E+00,1.2184953248989E+00,90
2000002,RISKFREE,90,CRSP Risk Free Rates - 3-Month (Nominal),31/12/2002,203393,20030403.400000,1.1982160991958E+00,1.1880463408525E+00,1.1931311870843E+00,93
2000002,RISKFREE,90,CRSP Risk Free Rates - 3-Month (Nominal),31/01/2003,203400,20030501.400000,1.1727356197184E+00,1.1625674974776E+00,1.1676515267309E+00,90
2000002,RISKFREE,90,CRSP Risk Free Rates - 3-Month (Nominal),28/02/2003,203407,20030529.400000,1.2108683488067E+00,1.2006992704660E+00,1.2057837777633E+00,90
2000002,RISKFREE,90,CRSP Risk Free Rates - 3-Month (Nominal),31/03/2003,203414,20030626.400000,1.1065970100864E+00,1.0964314662938E+00,1.1015142074010E+00,87
2000002,RISKFREE,90,CRSP Risk Free Rates - 3-Month (Nominal),30/04/2003,203422,20030731.400000,1.1168483066322E+00,1.1066809661352E+00,1.1117646038135E+00,92
2000002,RISKFREE,90,CRSP Risk Free Rates - 3-Month (Nominal),30/05/2003,203429,20030828.400000,1.1168141019630E+00,1.1066473816767E+00,1.1117307099617E+00,90
2000002,RISKFREE,90,CRSP Risk Free Rates - 3-Month (Nominal),30/06/2003,203437,20031002.400000,9.0341123181574E-01,8.9324885937730E-01,8.9833001235086E-01,94
2000002,RISKFREE,90,CRSP Risk Free Rates - 3-Month (Nominal),31/07/2003,203442,20031030.400000,9.4402672668391E-01,9.3386407554004E-01,9.3894536892551E-01,91
2000002,RISKFREE,90,CRSP Risk Free Rates - 3-Month (Nominal),29/08/2003,203449,20031128.400000,9.9230283629478E-01,9.8213896192003E-01,9.8722086691324E-01,91
2000002,RISKFREE,90,CRSP Risk Free Rates - 3-Month (Nominal),30/09/2003,203457,20040102.400000,9.4152249739025E-01,9.3135912748346E-01,9.3644077918464E-01,94
2000002,RISKFREE,90,CRSP Risk Free Rates - 3-Month (Nominal),31/10/2003,203461,20040129.400000,9.3893328273932E-01,9.2877102064706E-01,9.3385211986294E-01,90
2000002,RISKFREE,90,CRSP Risk Free Rates - 3-Month (Nominal),28/11/2003,203468,20040226.400000,9.2877102064706E-01,9.1860901319061E-01,9.2368998509011E-01,90
2000002,RISKFREE,90,CRSP Risk Free Rates - 3-Month (Nominal),31/12/2003,203476,20040401.400000,9.3895745552683E-01,9.2879467280603E-01,9.3387603162546E-01,92
2000002,RISKFREE,90,CRSP Risk Free Rates - 3-Month (Nominal),30/01/2004,203482,20040429.400000,9.1352810494690E-01,9.0336647942036E-01,9.0844726035740E-01,90
2000002,RISKFREE,90,CRSP Risk Free Rates - 3-Month (Nominal),27/02/2004,203490,20040527.400000,9.4909579948015E-01,9.3893328273932E-01,9.4401450927787E-01,90
2000002,RISKFREE,90,CRSP Risk Free Rates - 3-Month (Nominal),31/03/2004,203500,20040701.400000,9.3895745552683E-01,9.2879467280603E-01,9.3387603162546E-01,92
2000002,RISKFREE,90,CRSP Risk Free Rates - 3-Month (Nominal),30/04/2004,203504,20040729.400000,9.6942159695867E-01,9.5925857088229E-01,9.6434005208547E-01,90
2000002,RISKFREE,90,CRSP Risk Free Rates - 3-Month (Nominal),28/05/2004,203512,20040826.400000,1.0761487499230E+00,1.0659830489973E+00,1.0710658676083E+00,90
2000002,RISKFREE,90,CRSP Risk Free Rates - 3-Month (Nominal),30/06/2004,203520,20040930.400000,1.2668468526635E+00,1.2566756674356E+00,1.2617612274547E+00,92
2000002,RISKFREE,90,CRSP Risk Free Rates - 3-Month (Nominal),30/07/2004,203525,20041028.400000,1.4371963201710E+00,1.4270215652705E+00,1.4321089108121E+00,90
2000002,RISKFREE,90,CRSP Risk Free Rates - 3-Month (Nominal),31/08/2004,203536,20041202.400000,1.6001324814991E+00,1.5899523035045E+00,1.5950423594944E+00,93
2000002,RISKFREE,90,CRSP Risk Free Rates - 3-Month (Nominal),30/09/2004,203541,20041230.400000,1.7044148257351E+00,1.6942328905936E+00,1.6993238258557E+00,91
2000002,RISKFREE,90,CRSP Risk Free Rates - 3-Month (Nominal),29/10/2004,203547,20050127.400000,1.9029645541588E+00,1.8927781072956E+00,1.8978712987452E+00,90
2000002,RISKFREE,90,CRSP Risk Free Rates - 3-Month (Nominal),30/11/2004,203556,20050303.400000,2.2267214611406E+00,2.2165250175758E+00,2.2216232062454E+00,93
2000002,RISKFREE,90,CRSP Risk Free Rates - 3-Month (Nominal),31/12/2004,203562,20050331.400000,2.2265173349201E+00,2.2163227581551E+00,2.2214200145046E+00,90
2000002,RISKFREE,90,CRSP Risk Free Rates - 3-Month (Nominal),31/01/2005,203568,20050428.400000,2.4659132734791E+00,2.4557147401673E+00,2.4608139758339E+00,87
2000002,RISKFREE,90,CRSP Risk Free Rates - 3-Month (Nominal),28/02/2005,203577,20050526.400000,2.7439187729760E+00,2.7337134795179E+00,2.7388160952166E+00,87
2000002,RISKFREE,90,CRSP Risk Free Rates - 3-Month (Nominal),31/03/2005,203585,20050630.400000,2.7724066601351E+00,2.7621975781351E+00,2.7673020866539E+00,91
2000002,RISKFREE,90,CRSP Risk Free Rates - 3-Month (Nominal),29/04/2005,203590,20050728.400000,2.8948208426225E+00,2.8846094528658E+00,2.8897151156054E+00,90
2000002,RISKFREE,90,CRSP Risk Free Rates - 3-Month (Nominal),31/05/2005,203599,20050901.400000,2.9692242781080E+00,2.9590085263279E+00,2.9641163689795E+00,93
2000002,RISKFREE,90,CRSP Risk Free Rates - 3-Month (Nominal),30/06/2005,203604,20050929.400000,3.0966801849947E+00,3.0864628461001E+00,3.0915714830135E+00,91
2000002,RISKFREE,90,CRSP Risk Free Rates - 3-Month (Nominal),29/07/2005,203610,20051027.400000,3.3903821285947E+00,3.3801582537456E+00,3.3852701589528E+00,90
2000002,RISKFREE,90,CRSP Risk Free Rates - 3-Month (Nominal),31/08/2005,203619,20051201.400000,3.4980845719617E+00,3.4878560241683E+00,3.4929702651015E+00,92
2000002,RISKFREE,90,CRSP Risk Free Rates - 3-Month (Nominal),30/09/2005,203623,20051229.400000,3.5386572846676E+00,3.5284296712315E+00,3.5335434457086E+00,90
2000002,RISKFREE,90,CRSP Risk Free Rates - 3-Month (Nominal),31/10/2005,203631,20060202.400000,3.9385881596610E+00,3.9283460416016E+00,3.9334670668617E+00,94
2000002,RISKFREE,90,CRSP Risk Free Rates - 3-Month (Nominal),30/11/2005,203638,20060302.400000,3.9381617812995E+00,3.9279218814873E+00,3.9330417983567E+00,92
2000002,RISKFREE,90,CRSP Risk Free Rates - 3-Month (Nominal),30/12/2005,203644,20060330.400000,4.0657283679859E+00,4.0554874539909E+00,4.0606078786635E+00,90
2000002,RISKFREE,90,CRSP Risk Free Rates - 3-Month (Nominal),31/01/2006,203652,20060504.400000,4.4507664061512E+00,4.4405120186775E+00,4.4456391789240E+00,93
2000002,RISKFREE,90,CRSP Risk Free Rates - 3-Month (Nominal),28/02/2006,203660,20060601.400000,4.6020497505552E+00,4.5917914096979E+00,4.5969205466104E+00,93
2000002,RISKFREE,90,CRSP Risk Free Rates - 3-Month (Nominal),31/03/2006,203664,20060629.400000,4.5832310895902E+00,4.5729770996639E+00,4.5781040622196E+00,90
2000002,RISKFREE,90,CRSP Risk Free Rates - 3-Month (Nominal),28/04/2006,203670,20060727.400000,4.7396365684250E+00,4.7293786232595E+00,4.7345075634097E+00,90
2000002,RISKFREE,90,CRSP Risk Free Rates - 3-Month (Nominal),31/05/2006,203678,20060831.400000,4.8197833609681E+00,4.8095206813567E+00,4.8146519879786E+00,92
2000002,RISKFREE,90,CRSP Risk Free Rates - 3-Month (Nominal),30/06/2006,203683,20060928.400000,4.9576792636599E+00,4.9474158020046E+00,4.9525475003649E+00,90
2000002,RISKFREE,90,CRSP Risk Free Rates - 3-Month (Nominal),31/07/2006,203689,20061026.400000,5.0746648576543E+00,5.0541408170401E+00,5.0644027118418E+00,87
2000002,RISKFREE,90,CRSP Risk Free Rates - 3-Month (Nominal),31/08/2006,203698,20061130.400000,5.0067790505211E+00,4.9862470913619E+00,4.9965129395645E+00,91
2000002,RISKFREE,90,CRSP Risk Free Rates - 3-Month (Nominal),29/09/2006,203703,20061228.400000,4.8601868633098E+00,4.8499258685832E+00,4.8550563334948E+00,90
2000002,RISKFREE,90,CRSP Risk Free Rates - 3-Month (Nominal),31/10/2006,203710,20070201.400000,5.0459797630390E+00,5.0357098124635E+00,5.0408447541592E+00,93
2000002,RISKFREE,90,CRSP Risk Free Rates - 3-Month (Nominal),30/11/2006,203718,20070301.400000,5.0042124981479E+00,4.9939464528812E+00,4.9990794426699E+00,91
2000002,RISKFREE,90,CRSP Risk Free Rates - 3-Month (Nominal),29/12/2006,203722,20070329.400000,4.9936034250369E+00,4.9833390542142E+00,4.9884712071525E+00,90
2000002,RISKFREE,90,CRSP Risk Free Rates - 3-Month (Nominal),31/01/2007,203732,20070503.400000,5.0764366671753E+00,5.0661673465029E+00,5.0713019736123E+00,92
2000002,RISKFREE,90,CRSP Risk Free Rates - 3-Month (Nominal),28/02/2007,203740,20070531.400000,5.1021111318541E+00,5.0918411466029E+00,5.0969761059973E+00,92
2000002,RISKFREE,90,CRSP Risk Free Rates - 3-Month (Nominal),30/03/2007,203745,20070628.400000,5.0038680556514E+00,4.9936034250369E+00,4.9987357078694E+00,90
2000002,RISKFREE,90,CRSP Risk Free Rates - 3-Month (Nominal),30/04/2007,203752,20070802.400000,4.8820206316263E+00,4.8717535987588E+00,4.8768870812587E+00,94
2000002,RISKFREE,90,CRSP Risk Free Rates - 3-Month (Nominal),31/05/2007,203759,20070830.400000,4.6963453820910E+00,4.6860872134968E+00,4.6912162649996E+00,91
2000002,RISKFREE,90,CRSP Risk Free Rates - 3-Month (Nominal),29/06/2007,203765,20070927.400000,4.7678472555441E+00,4.7575885968139E+00,4.7627178937420E+00,90
2000002,RISKFREE,90,CRSP Risk Free Rates - 3-Month (Nominal),31/07/2007,203772,20071101.400000,4.9073580997794E+00,4.8970917758668E+00,4.9022249042547E+00,93
2000002,RISKFREE,90,CRSP Risk Free Rates - 3-Month (Nominal),31/08/2007,203778,20071129.400000,4.1220580178857E+00,4.1118156813977E+00,4.1169368173078E+00,90
2000002,RISKFREE,90,CRSP Risk Free Rates - 3-Month (Nominal),28/09/2007,203784,20071227.400000,3.7841974173766E+00,3.7739636099231E+00,3.7790804813698E+00,90
2000002,RISKFREE,90,CRSP Risk Free Rates - 3-Month (Nominal),31/10/2007,203791,20080131.400000,3.8972037677156E+00,3.8869649249679E+00,3.8920843133119E+00,92
2000002,RISKFREE,90,CRSP Risk Free Rates - 3-Month (Nominal),30/11/2007,203798,20080228.400000,3.1399713615871E+00,3.1297537974538E+00,3.1348625473428E+00,90
2000002,RISKFREE,90,CRSP Risk Free Rates - 3-Month (Nominal),31/12/2007,203804,20080327.400000,3.2315106937095E+00,3.2212935328537E+00,3.2264020821790E+00,87
2000002,RISKFREE,90,CRSP Risk Free Rates - 3-Month (Nominal),31/01/2008,203815,20080501.400000,1.9361237048220E+00,1.9259358861032E+00,1.9310297631166E+00,91
2000002,RISKFREE,90,CRSP Risk Free Rates - 3-Month (Nominal),29/02/2008,203822,20080529.400000,1.8342110025122E+00,1.8240262823822E+00,1.8291186104760E+00,90
2000002,RISKFREE,90,CRSP Risk Free Rates - 3-Month (Nominal),31/03/2008,203828,20080626.400000,1.3150449575126E+00,1.3048743617911E+00,1.3099596288321E+00,87
2000002,RISKFREE,90,CRSP Risk Free Rates - 3-Month (Nominal),30/04/2008,203835,20080731.400000,1.3863778156055E+00,1.3762035655447E+00,1.3812906579606E+00,92
2000002,RISKFREE,90,CRSP Risk Free Rates - 3-Month (Nominal),30/05/2008,203842,20080828.400000,1.8851384400500E+00,1.8749524409145E+00,1.8800454085031E+00,90
2000002,RISKFREE,90,CRSP Risk Free Rates - 3-Month (Nominal),30/06/2008,203849,20080925.400000,1.7322518110581E+00,1.7220710963994E+00,1.7271614228476E+00,87
2000002,RISKFREE,90,CRSP Risk Free Rates - 3-Month (Nominal),31/07/2008,203856,20081030.400000,1.6713244815101E+00,1.6611433863251E+00,1.6662339016142E+00,91
2000002,RISKFREE,90,CRSP Risk Free Rates - 3-Month (Nominal),29/08/2008,203865,20081128.400000,1.7222338341984E+00,1.7120514467153E+00,1.7171426081453E+00,91
2000002,RISKFREE,90,CRSP Risk Free Rates - 3-Month (Nominal),30/09/2008,203871,20081226.400000,6.7477846907372E-01,6.6462338282178E-01,6.6970089522195E-01,87
2000002,RISKFREE,90,CRSP Risk Free Rates - 3-Month (Nominal),31/10/2008,203878,20090129.400000,4.4128165708176E-01,4.3113185715739E-01,4.3620672536738E-01,90
2000002,RISKFREE,90,CRSP Risk Free Rates - 3-Month (Nominal),28/11/2008,203885,20090226.400000,3.5487663719052E-02,2.5348014355897E-02,3.0417807348720E-02,90
2000002,RISKFREE,90,CRSP Risk Free Rates - 3-Month (Nominal),31/12/2008,203893,20090402.400000,1.1661435889384E-01,1.0647261904862E-01,1.1154345656493E-01,92
2000002,RISKFREE,90,CRSP Risk Free Rates - 3-Month (Nominal),30/01/2009,203900,20090430.400000,2.4594261444567E-01,2.3579770201444E-01,2.4087012650840E-01,90
2000002,RISKFREE,90,CRSP Risk Free Rates - 3-Month (Nominal),27/02/2009,203909,20090528.400000,2.5862411186402E-01,2.4847888220604E-01,2.5355146531132E-01,90
2000002,RISKFREE,90,CRSP Risk Free Rates - 3-Month (Nominal),31/03/2009,203918,20090702.400000,2.0790227787319E-01,1.9775814784988E-01,2.0283018008753E-01,93
2000002,RISKFREE,90,CRSP Risk Free Rates - 3-Month (Nominal),30/04/2009,203923,20090730.400000,1.3182721668615E-01,1.2168512317681E-01,1.2675613787512E-01,91
2000002,RISKFREE,90,CRSP Risk Free Rates - 3-Month (Nominal),29/05/2009,203931,20090827.400000,1.3689810285449E-01,1.2675591775494E-01,1.3182697860017E-01,90
2000002,RISKFREE,90,CRSP Risk Free Rates - 3-Month (Nominal),30/06/2009,206001,20091001.400000,1.9268618115857E-01,1.7747067434585E-01,1.8507835401729E-01,93
2000002,RISKFREE,90,CRSP Risk Free Rates - 3-Month (Nominal),31/07/2009,206004,20091029.400000,1.8254107482295E-01,1.7239774822813E-01,1.7746937981371E-01,90
2000002,RISKFREE,90,CRSP Risk Free Rates - 3-Month (Nominal),31/08/2009,206007,20091127.400000,1.4196873825879E-01,1.3182650243160E-01,1.3689758934480E-01,88
2000002,RISKFREE,90,CRSP Risk Free Rates - 3-Month (Nominal),30/09/2009,206011,20091231.400000,1.1661435889384E-01,1.0647261904862E-01,1.1154345656493E-01,92
2000002,RISKFREE,90,CRSP Risk Free Rates - 3-Month (Nominal),30/10/2009,206014,20100128.400000,5.0697613111309E-02,4.0557583468585E-02,4.5627566598743E-02,90
2000002,RISKFREE,90,CRSP Risk Free Rates - 3-Month (Nominal),30/11/2009,206017,20100225.400000,5.5767595192385E-02,4.5627481039262E-02,5.0697507480503E-02,87
2000002,RISKFREE,90,CRSP Risk Free Rates - 3-Month (Nominal),31/12/2009,206020,20100401.400000,6.0837946994339E-02,5.0697648321654E-02,5.5767765613010E-02,91
2000002,RISKFREE,90,CRSP Risk Free Rates - 3-Month (Nominal),29/01/2010,206071,20100429.400000,8.1119223303848E-02,7.0978433016258E-02,7.6048796464178E-02,90
2000002,RISKFREE,90,CRSP Risk Free Rates - 3-Month (Nominal),26/02/2010,206079,20100527.400000,1.2168492031746E-01,1.1154311565921E-01,1.1661398628615E-01,90
2000002,RISKFREE,90,CRSP Risk Free Rates - 3-Month (Nominal),31/03/2010,206026,20100701.400000,1.5718391098024E-01,1.4704113402631E-01,1.5211249009029E-01,92
2000002,RISKFREE,90,CRSP Risk Free Rates - 3-Month (Nominal),30/04/2010,206027,20100729.400000,1.6225467532118E-01,1.5211185608923E-01,1.5718323399662E-01,90
2000002,RISKFREE,90,CRSP Risk Free Rates - 3-Month (Nominal),28/05/2010,206028,20100826.400000,1.6225467532118E-01,1.5211185608923E-01,1.5718323399662E-01,90
2000002,RISKFREE,90,CRSP Risk Free Rates - 3-Month (Nominal),30/06/2010,206117,20100930.400000,1.7747024283236E-01,1.6732694724447E-01,1.7239856262214E-01,92
2000002,RISKFREE,90,CRSP Risk Free Rates - 3-Month (Nominal),30/07/2010,206125,20101028.400000,1.4704054159751E-01,1.3689810285449E-01,1.4196929051977E-01,90
2000002,RISKFREE,90,CRSP Risk Free Rates - 3-Month (Nominal),31/08/2010,206134,20101126.400000,1.2168431174477E-01,1.1154260430591E-01,1.1661342738045E-01,87
2000002,RISKFREE,90,CRSP Risk Free Rates - 3-Month (Nominal),30/09/2010,206146,20101230.400000,1.6225503600837E-01,1.5211217308883E-01,1.5718357248742E-01,91
2000002,RISKFREE,90,CRSP Risk Free Rates - 3-Month (Nominal),29/10/2010,206154,20110127.400000,1.2168492031746E-01,1.1154311565921E-01,1.1661398628615E-01,90
2000002,RISKFREE,90,CRSP Risk Free Rates - 3-Month (Nominal),30/11/2010,206163,20110303.400000,1.7239896982304E-01,1.6225575738922E-01,1.6732733083799E-01,93
2000002,RISKFREE,90,CRSP Risk Free Rates - 3-Month (Nominal),31/12/2010,206173,20110331.400000,1.2675591775494E-01,1.1661398628615E-01,1.2168492031746E-01,90
2000002,RISKFREE,90,CRSP Risk Free Rates - 3-Month (Nominal),31/01/2011,206181,20110428.400000,1.4703965296631E-01,1.3689733259187E-01,1.4196846213048E-01,87
2000002,RISKFREE,90,CRSP Risk Free Rates - 3-Month (Nominal),28/02/2011,206189,20110526.400000,1.4196846213048E-01,1.3182626434907E-01,1.3689733259187E-01,87
2000002,RISKFREE,90,CRSP Risk Free Rates - 3-Month (Nominal),31/03/2011,206147,20110630.400000,1.0140170547772E-01,8.6189815306963E-02,9.3795688277553E-02,91
2000002,RISKFREE,90,CRSP Risk Free Rates - 3-Month (Nominal),29/04/2011,206156,20110728.400000,4.5627566598743E-02,3.5487663719052E-02,4.0557583468585E-02,90
2000002,RISKFREE,90,CRSP Risk Free Rates - 3-Month (Nominal),31/05/2011,206219,20110901.400000,6.0838048403904E-02,4.0557651070318E-02,5.0697718742642E-02,93
2000002,RISKFREE,90,CRSP Risk Free Rates - 3-Month (Nominal),30/06/2011,206229,20110929.400000,2.0278290372258E-02,1.0139017035271E-02,1.5208621665276E-02,91
2000002,RISKFREE,90,CRSP Risk Free Rates - 3-Month (Nominal),29/07/2011,206238,20111027.400000,1.0140156461269E-01,8.6189713536961E-02,9.3795567752707E-02,90
2000002,RISKFREE,90,CRSP Risk Free Rates - 3-Month (Nominal),31/08/2011,206247,20111201.400000,1.5208624833837E-02,5.0694768328413E-03,1.0139018443550E-02,92
2000002,RISKFREE,90,CRSP Risk Free Rates - 3-Month (Nominal),30/09/2011,206258,20111229.400000,2.5348014355897E-02,1.5208618496724E-02,2.0278284739160E-02,90
2000002,RISKFREE,90,CRSP Risk Free Rates - 3-Month (Nominal),31/10/2011,206267,20120126.400000,7.6042355802828E-03,-2.5347145652811E-03,2.5347298792362E-03,87
2000002,RISKFREE,90,CRSP Risk Free Rates - 3-Month (Nominal),30/11/2011,206279,20120301.400000,5.0694768328413E-03,-5.0694120565961E-03,0.0000000000000E+00,92
2000002,RISKFREE,90,CRSP Risk Free Rates - 3-Month (Nominal),30/12/2011,206289,20120329.400000,1.5208618496724E-02,5.0694761287030E-03,1.0139015627076E-02,90
2000002,RISKFREE,90,CRSP Risk Free Rates - 3-Month (Nominal),31/01/2012,206240,20120503.400000,6.0838048403904E-02,5.0697718742642E-02,5.5767850823821E-02,93
2000002,RISKFREE,90,CRSP Risk Free Rates - 3-Month (Nominal),29/02/2012,206248,20120531.400000,8.1119403599413E-02,7.0978571050377E-02,7.6048954924438E-02,92
2000002,RISKFREE,90,CRSP Risk Free Rates - 3-Month (Nominal),30/03/2012,206260,20120628.400000,7.6048796464178E-02,6.5908132958578E-02,7.0978433016258E-02,90
2000002,RISKFREE,90,CRSP Risk Free Rates - 3-Month (Nominal),30/04/2012,206269,20120726.400000,9.6330502806557E-02,8.6189408229128E-02,9.1259924876627E-02,87
2000002,RISKFREE,90,CRSP Risk Free Rates - 3-Month (Nominal),31/05/2012,206333,20120830.400000,7.0978502033276E-02,6.0837946994339E-02,6.5908192467120E-02,91
2000002,RISKFREE,90,CRSP Risk Free Rates - 3-Month (Nominal),29/06/2012,206344,20120927.400000,8.6189713536961E-02,8.1119223303848E-02,8.3654460496107E-02,90
2000002,RISKFREE,90,CRSP Risk Free Rates - 3-Month (Nominal),31/07/2012,206354,20121101.400000,1.0140198720963E-01,9.6331265577025E-02,9.8866618204116E-02,93
2000002,RISKFREE,90,CRSP Risk Free Rates - 3-Month (Nominal),31/08/2012,206363,20121129.400000,9.1260267165117E-02,8.1119223303848E-02,8.6189713536961E-02,90
2000002,RISKFREE,90,CRSP Risk Free Rates - 3-Month (Nominal),28/09/2012,206373,20121227.400000,9.6330884189827E-02,8.6189713536961E-02,9.1260267165117E-02,90
2000002,RISKFREE,90,CRSP Risk Free Rates - 3-Month (Nominal),31/10/2012,206438,20130131.400000,1.1661435889384E-01,1.0647261904862E-01,1.1154345656493E-01,92
2000002,RISKFREE,90,CRSP Risk Free Rates - 3-Month (Nominal),30/11/2012,206521,20130228.400000,8.1119223303848E-02,7.0978433016258E-02,7.6048796464178E-02,90
2000002,RISKFREE,90,CRSP Risk Free Rates - 3-Month (Nominal),31/12/2012,206533,20130328.400000,5.0697507480596E-02,4.0557515867060E-02,4.5627481039262E-02,87
2000002,RISKFREE,90,CRSP Risk Free Rates - 3-Month (Nominal),31/01/2013,206355,20130502.400000,8.1119313451452E-02,6.5908192467209E-02,7.3513680851682E-02,91
2000002,RISKFREE,90,CRSP Risk Free Rates - 3-Month (Nominal),28/02/2013,206365,20130530.400000,1.1154328611177E-01,1.0140170547772E-01,1.0647246374166E-01,91
2000002,RISKFREE,90,CRSP Risk Free Rates - 3-Month (Nominal),28/03/2013,206375,20130627.400000,8.1119313451452E-02,7.0978502033276E-02,7.6048875694109E-02,91
2000002,RISKFREE,90,CRSP Risk Free Rates - 3-Month (Nominal),30/04/2013,206574,20130801.400000,5.5767850823734E-02,5.0697718742642E-02,5.3232776595962E-02,93
2000002,RISKFREE,90,CRSP Risk Free Rates - 3-Month (Nominal),31/05/2013,206584,20130829.400000,4.0557583468585E-02,3.0417807348630E-02,3.5487663718962E-02,90
2000002,RISKFREE,90,CRSP Risk Free Rates - 3-Month (Nominal),28/06/2013,206596,20130926.400000,4.0557583468585E-02,3.0417807348630E-02,3.5487663718962E-02,90
2000002,RISKFREE,90,CRSP Risk Free Rates - 3-Month (Nominal),31/07/2013,206605,20131031.400000,4.0557628536320E-02,3.0417832698473E-02,3.5487698223465E-02,92
2000002,RISKFREE,90,CRSP Risk Free Rates - 3-Month (Nominal),30/08/2013,206616,20131129.400000,2.5348023157786E-02,2.0278290372258E-02,2.2813148755017E-02,91
2000002,RISKFREE,90,CRSP Risk Free Rates - 3-Month (Nominal),30/09/2013,206626,20131226.400000,2.0278267839843E-02,1.0139011402378E-02,1.5208608991027E-02,87
2000002,RISKFREE,90,CRSP Risk Free Rates - 3-Month (Nominal),31/10/2013,206635,20140130.400000,4.0557606002408E-02,3.0417820023608E-02,3.5487680971203E-02,91
2000002,RISKFREE,90,CRSP Risk Free Rates - 3-Month (Nominal),29/11/2013,206647,20140227.400000,6.5908132958578E-02,5.5767723007705E-02,6.0837896289624E-02,90
2000002,RISKFREE,90,CRSP Risk Free Rates - 3-Month (Nominal),31/12/2013,206598,20140403.400000,7.0978640067720E-02,6.5908311484648E-02,6.8443467588267E-02,93
2000002,RISKFREE,90,CRSP Risk Free Rates - 3-Month (Nominal),31/01/2014,206606,20140501.400000,2.0278284739070E-02,1.0139015627076E-02,1.5208618496634E-02,90
2000002,RISKFREE,90,CRSP Risk Free Rates - 3-Month (Nominal),28/02/2014,206618,20140529.400000,5.5767723007705E-02,4.5627566598743E-02,5.0697613111309E-02,90
2000002,RISKFREE,90,CRSP Risk Free Rates - 3-Month (Nominal),31/03/2014,206628,20140626.400000,3.5487611962573E-02,2.5347987950334E-02,3.0417769324106E-02,87
2000002,RISKFREE,90,CRSP Risk Free Rates - 3-Month (Nominal),30/04/2014,206693,20140731.400000,4.0557628536320E-02,2.0278296005324E-02,3.0417832698473E-02,92
2000002,RISKFREE,90,CRSP Risk Free Rates - 3-Month (Nominal),30/05/2014,206703,20140828.400000,3.5487663719052E-02,2.5348014355897E-02,3.0417807348720E-02,90
2000002,RISKFREE,90,CRSP Risk Free Rates - 3-Month (Nominal),30/06/2014,206714,20140925.400000,2.5347987950334E-02,2.0278267839843E-02,2.2813120237331E-02,87
2000002,RISKFREE,90,CRSP Risk Free Rates - 3-Month (Nominal),31/07/2014,206723,20141030.400000,2.5348023157786E-02,2.0278290372258E-02,2.2813148755017E-02,91
2000002,RISKFREE,90,CRSP Risk Free Rates - 3-Month (Nominal),29/08/2014,206735,20141128.400000,3.0417820023608E-02,2.0278290372258E-02,2.5348023157786E-02,91
2000002,RISKFREE,90,CRSP Risk Free Rates - 3-Month (Nominal),30/09/2014,206744,20141226.400000,1.5208608991027E-02,5.0694750725698E-03,1.0139011402471E-02,87
2000002,RISKFREE,90,CRSP Risk Free Rates - 3-Month (Nominal),31/10/2014,206753,20150129.400000,1.5208618496724E-02,5.0694761287030E-03,1.0139015627076E-02,90
2000002,RISKFREE,90,CRSP Risk Free Rates - 3-Month (Nominal),28/11/2014,206763,20150226.400000,1.5208618496724E-02,5.0694761287030E-03,1.0139015627076E-02,90
2000002,RISKFREE,90,CRSP Risk Free Rates - 3-Month (Nominal),31/12/2014,206716,20150402.400000,4.5627623638658E-02,3.5487698223465E-02,4.0557628536320E-02,92
2000002,RISKFREE,90,CRSP Risk Free Rates - 3-Month (Nominal),30/01/2015,206724,20150430.400000,1.0139015627076E-02,0.0000000000000E+00,5.0694761287030E-03,90
2000002,RISKFREE,90,CRSP Risk Free Rates - 3-Month (Nominal),27/02/2015,206737,20150528.400000,1.5208618496724E-02,5.0694761287030E-03,1.0139015627076E-02,90
2000002,RISKFREE,90,CRSP Risk Free Rates - 3-Month (Nominal),31/03/2015,206800,20150702.400000,3.0417845373401E-02,2.5348040761524E-02,2.7882934881215E-02,93
2000002,RISKFREE,90,CRSP Risk Free Rates - 3-Month (Nominal),30/04/2015,206809,20150730.400000,1.0139017035271E-02,0.0000000000000E+00,5.0694764807615E-03,91
2000002,RISKFREE,90,CRSP Risk Free Rates - 3-Month (Nominal),29/05/2015,206818,20150827.400000,1.0139015627076E-02,0.0000000000000E+00,5.0694761287030E-03,90
2000002,RISKFREE,90,CRSP Risk Free Rates - 3-Month (Nominal),30/06/2015,206830,20151001.400000,2.5348040761524E-02,2.0278301638445E-02,2.2813163013967E-02,93
2000002,RISKFREE,90,CRSP Risk Free Rates - 3-Month (Nominal),31/07/2015,206838,20151029.400000,6.5908132958578E-02,6.0837896289624E-02,6.3373006700650E-02,90
2000002,RISKFREE,90,CRSP Risk Free Rates - 3-Month (Nominal),31/08/2015,206853,20151127.400000,7.6042363723719E-03,-2.5347144772820E-03,2.5347299672537E-03,88
2000002,RISKFREE,90,CRSP Risk Free Rates - 3-Month (Nominal),30/09/2015,206864,20151231.400000,1.0139018443550E-02,-5.0691205908567E-02,-2.0277259585536E-02,92
2000002,RISKFREE,90,CRSP Risk Free Rates - 3-Month (Nominal),30/10/2015,206872,20160128.400000,8.1119223303848E-02,7.0978433016258E-02,7.6048796464178E-02,90
2000002,RISKFREE,90,CRSP Risk Free Rates - 3-Month (Nominal),30/11/2015,206884,20160225.400000,1.7239652665624E-01,1.5718221853567E-01,1.6478930362911E-01,87
2000002,RISKFREE,90,CRSP Risk Free Rates - 3-Month (Nominal),31/12/2015,206831,20160331.400000,2.0282905277618E-01,1.5211217308883E-01,1.7746981132161E-01,91
2000002,RISKFREE,90,CRSP Risk Free Rates - 3-Month (Nominal),29/01/2016,206841,20160428.400000,3.1950081996609E-01,3.0935406734334E-01,3.1442741192148E-01,90
2000002,RISKFREE,90,CRSP Risk Free Rates - 3-Month (Nominal),29/02/2016,206855,20160526.400000,3.2456996101125E-01,3.1442334801267E-01,3.1949662383736E-01,87
2000002,RISKFREE,90,CRSP Risk Free Rates - 3-Month (Nominal),31/03/2016,206920,20160630.400000,2.0282905277618E-01,1.9775707621777E-01,2.0029305647996E-01,91
2000002,RISKFREE,90,CRSP Risk Free Rates - 3-Month (Nominal),29/04/2016,206934,20160728.400000,2.2311691833407E-01,2.0282848912674E-01,2.1297257686118E-01,90
2000002,RISKFREE,90,CRSP Risk Free Rates - 3-Month (Nominal),31/05/2016,206944,20160901.400000,3.3979983321410E-01,3.2965229354703E-01,3.3472603058457E-01,93
2000002,RISKFREE,90,CRSP Risk Free Rates - 3-Month (Nominal),30/06/2016,206954,20160929.400000,2.6877058509040E-01,2.5862502831558E-01,2.6369777462478E-01,91
2000002,RISKFREE,90,CRSP Risk Free Rates - 3-Month (Nominal),29/07/2016,206965,20161027.400000,2.6369682186557E-01,2.4340636254651E-01,2.5355146531132E-01,90
2000002,RISKFREE,90,CRSP Risk Free Rates - 3-Month (Nominal),31/08/2016,206975,20161201.400000,3.3472449534220E-01,3.2965080450040E-01,3.3218764181069E-01,92
2000002,RISKFREE,90,CRSP Risk Free Rates - 3-Month (Nominal),30/09/2016,206985,20161229.400000,2.8398829639283E-01,2.7384243222185E-01,2.7891533257969E-01,90
2000002,RISKFREE,90,CRSP Risk Free Rates - 3-Month (Nominal),31/10/2016,206993,20170126.400000,3.0935013353566E-01,2.9920388861872E-01,3.0427698040484E-01,87
2000002,RISKFREE,90,CRSP Risk Free Rates - 3-Month (Nominal),30/11/2016,206945,20170302.400000,4.8696539987793E-01,4.8188976174497E-01,4.8442757269463E-01,92
2000002,RISKFREE,90,CRSP Risk Free Rates - 3-Month (Nominal),30/12/2016,206956,20170330.400000,5.0218579158576E-01,4.9203446732415E-01,4.9711009769315E-01,90
2000002,RISKFREE,90,CRSP Risk Free Rates - 3-Month (Nominal),31/01/2017,207022,20170504.400000,5.2250042653623E-01,5.1234816203827E-01,5.1742426146060E-01,93
2000002,RISKFREE,90,CRSP Risk Free Rates - 3-Month (Nominal),28/02/2017,207030,20170601.400000,6.1896003934031E-01,6.0880527940730E-01,6.1388262653110E-01,93
2000002,RISKFREE,90,CRSP Risk Free Rates - 3-Month (Nominal),31/03/2017,207040,20170629.400000,7.5605151395436E-01,7.5097264185352E-01,7.5351206995341E-01,90
2000002,RISKFREE,90,CRSP Risk Free Rates - 3-Month (Nominal),28/04/2017,207049,20170727.400000,8.0176422526750E-01,7.8652608231521E-01,7.9414508222262E-01,90
2000002,RISKFREE,90,CRSP Risk Free Rates - 3-Month (Nominal),31/05/2017,207060,20170831.400000,9.7452924526969E-01,9.6944736574839E-01,9.7198829737220E-01,92
2000002,RISKFREE,90,CRSP Risk Free Rates - 3-Month (Nominal),30/06/2017,207071,20170928.400000,1.0202405478992E+00,1.0100762482608E+00,1.0151583662369E+00,90
2000002,RISKFREE,90,CRSP Risk Free Rates - 3-Month (Nominal),31/07/2017,207079,20171026.400000,1.0811836124276E+00,1.0710186843809E+00,1.0761011176188E+00,87
2000002,RISKFREE,90,CRSP Risk Free Rates - 3-Month (Nominal),31/08/2017,207088,20171130.400000,9.9484384513169E-01,9.8976184355540E-01,9.9230283629478E-01,91
2000002,RISKFREE,90,CRSP Risk Free Rates - 3-Month (Nominal),29/09/2017,207098,20171228.400000,1.0558176028800E+00,1.0456524115579E+00,1.0507349753703E+00,90
2000002,RISKFREE,90,CRSP Risk Free Rates - 3-Month (Nominal),31/10/2017,207051,20180201.400000,1.1473699424604E+00,1.1422856890687E+00,1.1448278075316E+00,93
2000002,RISKFREE,90,CRSP Risk Free Rates - 3-Month (Nominal),30/11/2017,207061,20180301.400000,1.2642821123623E+00,1.2541113437638E+00,1.2591966958252E+00,91
2000002,RISKFREE,90,CRSP Risk Free Rates - 3-Month (Nominal),29/12/2017,207073,20180329.400000,1.3863250981636E+00,1.3761516194466E+00,1.3812383269045E+00,90
2000002,RISKFREE,90,CRSP Risk Free Rates - 3-Month (Nominal),31/01/2018,207144,20180503.400000,1.4626930088786E+00,1.4525168015756E+00,1.4576048726001E+00,92
2000002,RISKFREE,90,CRSP Risk Free Rates - 3-Month (Nominal),28/02/2018,207144,20180503.400000,1.5482802851229E+00,1.5381139244682E+00,1.5431970821424E+00,64
2000002,RISKFREE,90,CRSP Risk Free Rates - 3-Month (Nominal),29/03/2018,207161,20180628.400000,1.7069603499068E+00,1.6967783501477E+00,1.7018693177181E+00,91
2000002,RISKFREE,90,CRSP Risk Free Rates - 3-Month (Nominal),30/04/2018,207169,20180802.400000,1.8242088856904E+00,1.8140223862343E+00,1.8191156025585E+00,94
2000002,RISKFREE,90,CRSP Risk Free Rates - 3-Month (Nominal),31/05/2018,207181,20180830.400000,1.9004674713598E+00,1.8902805582492E+00,1.8953739824642E+00,91
2000002,RISKFREE,90,CRSP Risk Free Rates - 3-Month (Nominal),29/06/2018,207191,20180927.400000,1.9156979725454E+00,1.9055112058525E+00,1.9106045572150E+00,90
2000002,RISKFREE,90,CRSP Risk Free Rates - 3-Month (Nominal),31/07/2018,207200,20181101.400000,2.0279385778574E+00,2.0177472972931E+00,2.0228429044959E+00,93
2000002,RISKFREE,90,CRSP Risk Free Rates - 3-Month (Nominal),31/08/2018,207209,20181129.400000,2.0991035406482E+00,2.0889121661804E+00,2.0940078214014E+00,90
2000002,RISKFREE,90,CRSP Risk Free Rates - 3-Month (Nominal),28/09/2018,207219,20181227.400000,2.2010313734870E+00,2.1908374373423E+00,2.1959343733857E+00,90
2000002,RISKFREE,90,CRSP Risk Free Rates - 3-Month (Nominal),31/10/2018,207170,20190131.400000,2.3235267857671E+00,2.3184275974740E+00,2.3209771834283E+00,92
2000002,RISKFREE,90,CRSP Risk Free Rates - 3-Month (Nominal),30/11/2018,207182,20190228.400000,2.3539711714915E+00,2.3437733904164E+00,2.3488722489008E+00,90
2000002,RISKFREE,90,CRSP Risk Free Rates - 3-Month (Nominal),31/12/2018,207193,20190328.400000,2.3588410364355E+00,2.3486451055612E+00,2.3537430400248E+00,87
2000002,RISKFREE,90,CRSP Risk Free Rates - 3-Month (Nominal),31/01/2019,207262,20190502.400000,2.3897438080794E+00,2.3744448849330E+00,2.3820942735638E+00,91
2000002,RISKFREE,90,CRSP Risk Free Rates - 3-Month (Nominal),28/02/2019,207277,20190530.400000,2.4305437895589E+00,2.4254435649044E+00,2.4279936691251E+00,91
2000002,RISKFREE,90,CRSP Risk Free Rates - 3-Month (Nominal),29/03/2019,207291,20190627.400000,2.3845660533595E+00,2.3743675029501E+00,2.3794667460969E+00,90
2000002,RISKFREE,90,CRSP Risk Free Rates - 3-Month (Nominal),30/04/2019,207304,20190801.400000,2.4205042375236E+00,2.4103027583086E+00,2.4154034647704E+00,93
2000002,RISKFREE,90,CRSP Risk Free Rates - 3-Month (Nominal),31/05/2019,207321,20190829.400000,2.3437733904164E+00,2.3335758657602E+00,2.3386745960367E+00,90
2000002,RISKFREE,90,CRSP Risk Free Rates - 3-Month (Nominal),28/06/2019,207333,20190926.400000,2.0889121661804E+00,2.0736255846561E+00,2.0812688033937E+00,90
2000002,RISKFREE,90,CRSP Risk Free Rates - 3-Month (Nominal),31/07/2019,207345,20191031.400000,2.0533600777961E+00,1.9922157916785E+00,2.0227867568148E+00,92
2000002,RISKFREE,90,CRSP Risk Free Rates - 3-Month (Nominal),30/08/2019,207357,20191129.400000,1.9819720915844E+00,1.9615943837874E+00,1.9717831082756E+00,91
2000002,RISKFREE,90,CRSP Risk Free Rates - 3-Month (Nominal),30/09/2019,207370,20191226.400000,1.8137064233118E+00,1.8035237318781E+00,1.8086150467018E+00,87
2000002,RISKFREE,90,CRSP Risk Free Rates - 3-Month (Nominal),31/10/2019,207306,20200130.400000,1.5440793623501E+00,1.5339014964752E+00,1.5389903971298E+00,91
2000002,RISKFREE,90,CRSP Risk Free Rates - 3-Month (Nominal),29/11/2019,207323,20200227.400000,1.5745805016023E+00,1.5694913685744E+00,1.5720359271057E+00,90
2000002,RISKFREE,90,CRSP Risk Free Rates - 3-Month (Nominal),31/12/2019,207412,20200402.400000,1.5441447699748E+00,1.5390553740379E+00,1.5416000637567E+00,93
2000002,RISKFREE,90,CRSP Risk Free Rates - 3-Month (Nominal),31/01/2020,207425,20200430.400000,1.5542243526468E+00,1.5389579114197E+00,1.5465910601984E+00,90
2000002,RISKFREE,90,CRSP Risk Free Rates - 3-Month (Nominal),28/02/2020,207440,20200528.400000,1.2795162978388E+00,1.2693454980651E+00,1.2744308660682E+00,90
2000002,RISKFREE,90,CRSP Risk Free Rates - 3-Month (Nominal),31/03/2020,207454,20200702.400000,1.1154362701887E-01,9.6331265577025E-02,1.0393737259349E-01,93
2000002,RISKFREE,90,CRSP Risk Free Rates - 3-Month (Nominal),30/04/2020,207466,20200730.400000,1.0647246374166E-01,9.6331011318397E-02,1.0140170547781E-01,91
2000002,RISKFREE,90,CRSP Risk Free Rates - 3-Month (Nominal),29/05/2020,207485,20200827.400000,1.4704054159751E-01,1.4196929051977E-01,1.4450490813203E-01,90
2000002,RISKFREE,90,CRSP Risk Free Rates - 3-Month (Nominal),30/06/2020,207520,20200929.400000,1.9775707621777E-01,1.8761331550552E-01,1.9268516379477E-01,91
2000002,RISKFREE,90,CRSP Risk Free Rates - 3-Month (Nominal),31/07/2020,207524,20201029.400000,9.6330884189827E-02,8.6189713536961E-02,9.1260267165117E-02,90
2000002,RISKFREE,90,CRSP Risk Free Rates - 3-Month (Nominal),31/08/2020,207541,20201127.400000,1.0647199782430E-01,9.6330629933863E-02,1.0140128288395E-01,88
2000002,RISKFREE,90,CRSP Risk Free Rates - 3-Month (Nominal),30/09/2020,207571,20201229.400000,9.1260267165117E-02,8.1119223303848E-02,8.6189713536961E-02,90
2000002,RISKFREE,90,CRSP Risk Free Rates - 3-Month (Nominal),30/10/2020,207468,20210128.400000,9.1260267165117E-02,8.6189713536961E-02,8.8724982426553E-02,90
2000002,RISKFREE,90,CRSP Risk Free Rates - 3-Month (Nominal),30/11/2020,207601,20210302.400000,8.6189917077184E-02,7.0978571050377E-02,7.8584171161666E-02,92
2000002,RISKFREE,90,CRSP Risk Free Rates - 3-Month (Nominal),31/12/2020,207605,20210401.400000,8.6189815306963E-02,7.0978502033276E-02,7.8584086560686E-02,91
2000002,RISKFREE,90,CRSP Risk Free Rates - 3-Month (Nominal),29/01/2021,207617,20210429.400000,5.5767723007705E-02,5.0697613111309E-02,5.3232660136434E-02,90
2000002,RISKFREE,90,CRSP Risk Free Rates - 3-Month (Nominal),26/02/2021,207631,20210527.400000,4.0557583468585E-02,3.5487663719052E-02,3.8022615671312E-02,90
2000002,RISKFREE,90,CRSP Risk Free Rates - 3-Month (Nominal),31/03/2021,207656,20210629.400000,7.0978433016258E-02,6.0837896289624E-02,6.5908132958578E-02,90
2000002,RISKFREE,90,CRSP Risk Free Rates - 3-Month (Nominal),30/04/2021,207660,20210729.400000,1.5208618496724E-02,5.0694761287030E-03,1.0139015627076E-02,90
2000002,RISKFREE,90,CRSP Risk Free Rates - 3-Month (Nominal),28/05/2021,207671,20210826.400000,1.0139015627076E-02,5.0694761287030E-03,7.6042379565637E-03,90
2000002,RISKFREE,90,CRSP Risk Free Rates - 3-Month (Nominal),30/06/2021,207708,20210928.400000,4.0557583468585E-02,3.0417807348630E-02,3.5487663718962E-02,90
2000002,RISKFREE,90,CRSP Risk Free Rates - 3-Month (Nominal),30/07/2021,207698,20211028.400000,5.0697613111309E-02,4.5627566598743E-02,4.8162581932187E-02,90
2000002,RISKFREE,90,CRSP Risk Free Rates - 3-Month (Nominal),31/08/2021,207736,20211130.400000,6.0837946994339E-02,5.0697648321654E-02,5.5767765613010E-02,91
2000002,RISKFREE,90,CRSP Risk Free Rates - 3-Month (Nominal),30/09/2021,207649,20211230.400000,4.0557606002408E-02,3.5487680971203E-02,3.8022635476323E-02,91
2000002,RISKFREE,90,CRSP Risk Free Rates - 3-Month (Nominal),29/10/2021,207662,20220127.400000,6.0837896289624E-02,5.0697613111309E-02,5.5767723007705E-02,90
2000002,RISKFREE,90,CRSP Risk Free Rates - 3-Month (Nominal),30/11/2021,207783,20220301.400000,7.0978502033276E-02,6.0837946994339E-02,6.5908192467120E-02,91
2000002,RISKFREE,90,CRSP Risk Free Rates - 3-Month (Nominal),31/12/2021,207771,20220331.400000,5.0697613111309E-02,4.0557583468585E-02,4.5627566598743E-02,90
2000002,RISKFREE,90,CRSP Risk Free Rates - 3-Month (Nominal),31/01/2022,207813,20220503.400000,2.0790168567010E-01,1.9775761203190E-01,2.0282961642971E-01,92
2000002,RISKFREE,90,CRSP Risk Free Rates - 3-Month (Nominal),28/02/2022,207826,20220531.400000,3.4487207168452E-01,3.3472449534220E-01,3.3979825106973E-01,92
2000002,RISKFREE,90,CRSP Risk Free Rates - 3-Month (Nominal),31/03/2022,207816,20220630.400000,5.0726507535946E-01,5.0218924770915E-01,5.0472715350512E-01,91
2000002,RISKFREE,90,CRSP Risk Free Rates - 3-Month (Nominal),29/04/2022,207828,20220728.400000,8.3732211889913E-01,8.2716240259128E-01,8.3224222893086E-01,90
2000002,RISKFREE,90,CRSP Risk Free Rates - 3-Month (Nominal),31/05/2022,207867,20220830.400000,1.0761646286074E+00,1.0659986289737E+00,1.0710815965829E+00,91
2000002,RISKFREE,90,CRSP Risk Free Rates - 3-Month (Nominal),30/06/2022,207858,20220929.400000,1.7476909338678E+00,1.6560529356408E+00,1.7018693177181E+00,91
2000002,RISKFREE,90,CRSP Risk Free Rates - 3-Month (Nominal),29/07/2022,207870,20221027.400000,2.3590701581902E+00,2.3437733904164E+00,2.3514217021827E+00,90
2000002,RISKFREE,90,CRSP Risk Free Rates - 3-Month (Nominal),31/08/2022,207909,20221129.400000,2.7774053805848E+00,2.7620928261762E+00,2.7697490311110E+00,90
2000002,RISKFREE,90,CRSP Risk Free Rates - 3-Month (Nominal),30/09/2022,207818,20221229.400000,3.3034874067140E+00,3.2932657221799E+00,3.2983765322433E+00,90
2000002,RISKFREE,90,CRSP Risk Free Rates - 3-Month (Nominal),31/10/2022,207938,20230131.400000,4.0456966890654E+00,4.0303327747591E+00,4.0380146575404E+00,92
2000002,RISKFREE,90,CRSP Risk Free Rates - 3-Month (Nominal),30/11/2022,207952,20230228.400000,4.2296181711632E+00,4.2193731179093E+00,4.2244956121852E+00,90
2000002,RISKFREE,90,CRSP Risk Free Rates - 3-Month (Nominal),30/12/2022,207941,20230330.400000,4.3628274203671E+00,4.3423308416068E+00,4.3525790015011E+00,90
2000002,RISKFREE,90,CRSP Risk Free Rates - 3-Month (Nominal),31/01/2023,207981,20230502.400000,4.6604429397525E+00,4.6501856893161E+00,4.6553142817458E+00,91
2000002,RISKFREE,90,CRSP Risk Free Rates - 3-Month (Nominal),28/02/2023,207994,20230530.400000,4.7681599091108E+00,4.7578999037077E+00,4.7630298736032E+00,91
2000002,RISKFREE,90,CRSP Risk Free Rates - 3-Month (Nominal),31/03/2023,207984,20230629.400000,4.7422010952575E+00,4.7319430852266E+00,4.7370720578091E+00,90
2000002,RISKFREE,90,CRSP Risk Free Rates - 3-Month (Nominal),28/04/2023,207997,20230727.400000,5.0705944879769E+00,5.0090004683847E+00,5.0397963088518E+00,90
2000002,RISKFREE,90,CRSP Risk Free Rates - 3-Month (Nominal),31/05/2023,208037,20230829.400000,5.2657039541974E+00,5.2554326944478E+00,5.2605682918059E+00,90
2000002,RISKFREE,90,CRSP Risk Free Rates - 3-Month (Nominal),30/06/2023,208028,20230928.400000,5.2554326944478E+00,5.2502971621217E+00,5.2528649201559E+00,90
2000002,RISKFREE,90,CRSP Risk Free Rates - 3-Month (Nominal),31/07/2023,208067,20231031.400000,5.3640856197250E+00,5.3486705662405E+00,5.3563780181150E+00,92
2000002,RISKFREE,90,CRSP Risk Free Rates - 3-Month (Nominal),31/08/2023,207970,20231130.400000,5.4202083007649E+00,5.4099316027828E+00,5.4150699188610E+00,91
2000002,RISKFREE,90,CRSP Risk Free Rates - 3-Month (Nominal),29/09/2023,207986,20231228.400000,5.4198040746874E+00,5.4146664605250E+00,5.4172352594707E+00,90
2000002,RISKFREE,90,CRSP Risk Free Rates - 3-Month (Nominal),31/10/2023,208111,20240130.400000,5.4613177259250E+00,5.4510399746232E+00,5.4561788173545E+00,91
2000002,RISKFREE,90,CRSP Risk Free Rates - 3-Month (Nominal),30/11/2023,208097,20240229.400000,5.3482769436385E+00,5.3380020884464E+00,5.3431394831415E+00,91
2000002,RISKFREE,90,CRSP Risk Free Rates - 3-Month (Nominal),29/12/2023,208113,20240328.400000,5.3016554120138E+00,5.2913832417148E+00,5.2965192943417E+00,90
2000002,RISKFREE,90,CRSP Risk Free Rates - 3-Month (Nominal),31/01/2024,208153,20240430.400000,5.3119278424995E+00,5.3016554120138E+00,5.3067915947325E+00,90
2000002,RISKFREE,90,CRSP Risk Free Rates - 3-Month (Nominal),29/02/2024,208140,20240530.400000,5.3380020884464E+00,5.3328647595520E+00,5.3354334157743E+00,91
2000002,RISKFREE,90,CRSP Risk Free Rates - 3-Month (Nominal),28/03/2024,208155,20240627.400000,5.3277274964563E+00,5.3225902991576E+00,5.3251588895824E+00,91
2000002,RISKFREE,90,CRSP Risk Free Rates - 3-Month (Nominal),30/04/2024,208195,20240730.400000,5.3842410097190E+00,5.3739652332146E+00,5.3791030885599E+00,91
2000002,RISKFREE,90,CRSP Risk Free Rates - 3-Month (Nominal),31/05/2024,208185,20240829.400000,5.3581569998491E+00,5.3530201665730E+00,5.3555885750780E+00,90
2000002,RISKFREE,90,CRSP Risk Free Rates - 3-Month (Nominal),28/06/2024,208198,20240926.400000,5.3273369761071E+00,5.3222005331852E+00,5.3247687465143E+00,90
2000002,RISKFREE,90,CRSP Risk Free Rates - 3-Month (Nominal),31/07/2024,208237,20241029.400000,5.2451616948258E+00,5.2348909553179E+00,5.2400262925584E+00,90
2000002,RISKFREE,90,CRSP Risk Free Rates - 3-Month (Nominal),30/08/2024,208142,20241129.400000,5.0760821731630E+00,5.0709481978577E+00,5.0735151772961E+00,91
2000002,RISKFREE,90,CRSP Risk Free Rates - 3-Month (Nominal),30/09/2024,208266,20241231.400000,4.5494860496698E+00,4.5373127532448E+00,4.5433993547676E+00,92
2000002,RISKFREE,90,CRSP Risk Free Rates - 3-Month (Nominal),31/10/2024,208253,20250130.400000,4.4761792862723E+00,4.4660394106885E+00,4.4711093164381E+00,91
2000002,RISKFREE,90,CRSP Risk Free Rates - 3-Month (Nominal),29/11/2024,208269,20250227.400000,4.3198968838450E+00,4.2990950663485E+00,4.3094958417256E+00,90
2000002,RISKFREE,90,CRSP Risk Free Rates - 3-Month (Nominal),31/12/2024,208310,20250401.400000,4.1478651794867E+00,4.1378458567566E+00,4.1428554868368E+00,91
2000002,RISKFREE,90,CRSP Risk Free Rates - 3-Month (Nominal),31/01/2025,208300,20250501.400000,4.1281396299926E+00,4.1182384155173E+00,4.1231889925389E+00,90
2000002,RISKFREE,90,CRSP Risk Free Rates - 3-Month (Nominal),28/02/2025,208313,20250529.400000,4.1398975081170E+00,4.1299960065848E+00,4.1349467271332E+00,90
2000002,RISKFREE,90,CRSP Risk Free Rates - 3-Month (Nominal),31/03/2025,208352,20250701.400000,4.2244294508098E+00,4.2092255510255E+00,4.2168274280869E+00,92
2000002,RISKFREE,90,CRSP Risk Free Rates - 3-Month (Nominal),30/04/2025,208367,20250729.400000,4.2156837327137E+00,4.2045395590461E+00,4.2101116076013E+00,90
2000002,RISKFREE,90,CRSP Risk Free Rates - 3-Month (Nominal),30/05/2025,208355,20250828.400000,4.1772276911445E+00,4.1673252781777E+00,4.1722764544378E+00,90
2000002,RISKFREE,90,CRSP Risk Free Rates - 3-Month (Nominal),30/06/2025,208393,20250930.400000,4.2481232258017E+00,4.2329184180110E+00,4.2405207490669E+00,92
2000002,RISKFREE,90,CRSP Risk Free Rates - 3-Month (Nominal),31/07/2025,208301,20251030.400000,4.2738358582867E+00,4.2637010966381E+00,4.2687684454524E+00,91
2000002,RISKFREE,90,CRSP Risk Free Rates - 3-Month (Nominal),29/08/2025,208315,20251128.400000,3.9431357771104E+00,3.9333467757114E+00,3.9382412465478E+00,91
2000002,RISKFREE,90,CRSP Risk Free Rates - 3-Month (Nominal),30/09/2025,208435,20251230.400000,3.8742642256769E+00,3.8611022036912E+00,3.8676831606952E+00,91
2000002,RISKFREE,90,CRSP Risk Free Rates - 3-Month (Nominal),31/10/2025,208425,20260129.400000,3.6719262069066E+00,3.6620361240066E+00,3.6669811353085E+00,90
2000002,RISKFREE,90,CRSP Risk Free Rates - 3-Month (Nominal),28/11/2025,208438,20260226.400000,3.6653988151641E+00,3.6495751348145E+00,3.6574868978146E+00,90
2000002,RISKFREE,90,CRSP Risk Free Rates - 3-Month (Nominal),31/12/2025,208479,20260331.400000,3.5003300174829E+00,3.4730823021446E+00,3.4867059309800E+00,90
2000003,FIXEDTERM,112,CRSP Fixed Term Index - 1-Year (Nominal),,,,,,,
2000004,FIXEDTERM,212,CRSP Fixed Term Index - 2-Year (Nominal),,,,,,,
2000005,FIXEDTERM,512,CRSP Fixed Term Index - 5-Year (Nominal),,,,,,,
2000006,FIXEDTERM,712,CRSP Fixed Term Index - 7-Year (Nominal),,,,,,,
2000007,FIXEDTERM,1012,CRSP Fixed Term Index - 10-Year (Nominal),,,,,,,
2000008,FIXEDTERM,2012,CRSP Fixed Term Index - 20-Year (Nominal),,,,,,,
2000009,FIXEDTERM,3012,CRSP Fixed Term Index - 30-Year (Nominal),,,,,,,
2000010,TERMSTRUCT,1201,Fama T-Bill 12-Month Term Structure - 1 Month,,,,,,,
2000011,TERMSTRUCT,1202,Fama T-Bill 12-Month Term Structure - 2 Month,,,,,,,
2000012,TERMSTRUCT,1203,Fama T-Bill 12-Month Term Structure - 3 Month,,,,,,,
2000013,TERMSTRUCT,1204,Fama T-Bill 12-Month Term Structure - 4 Month,,,,,,,
2000014,TERMSTRUCT,1205,Fama T-Bill 12-Month Term Structure - 5 Month,,,,,,,
2000015,TERMSTRUCT,1206,Fama T-Bill 12-Month Term Structure - 6 Month,,,,,,,
2000016,TERMSTRUCT,1207,Fama T-Bill 12-Month Term Structure - 7 Month,,,,,,,
2000017,TERMSTRUCT,1208,Fama T-Bill 12-Month Term Structure - 8 Month,,,,,,,
2000018,TERMSTRUCT,1209,Fama T-Bill 12-Month Term Structure - 9 Month,,,,,,,
2000019,TERMSTRUCT,1210,Fama T-Bill 12-Month Term Structure - 10 Month,,,,,,,
2000020,TERMSTRUCT,1211,Fama T-Bill 12-Month Term Structure - 11 Month,,,,,,,
2000021,TERMSTRUCT,1212,Fama T-Bill 12-Month Term Structure - 12 Month,,,,,,,
2000022,TERMSTRUCT,601,Fama T-Bill 6-Month Term Structure - 1 Month,,,,,,,
2000023,TERMSTRUCT,602,Fama T-Bill 6-Month Term Structure - 2 Month,,,,,,,
2000024,TERMSTRUCT,603,Fama T-Bill 6-Month Term Structure - 3 Month,,,,,,,
2000025,TERMSTRUCT,604,Fama T-Bill 6-Month Term Structure - 4 Month,,,,,,,
2000026,TERMSTRUCT,605,Fama T-Bill 6-Month Term Structure - 5 Month,,,,,,,
2000027,TERMSTRUCT,606,Fama T-Bill 6-Month Term Structure - 6 Month,,,,,,,
2000028,BONDMATPORT,6006,Fama Maturity Portfolios - <= 6 Month,,,,,,,
2000029,BONDMATPORT,6012,Fama Maturity Portfolios - > 6 and <= 12 Month,,,,,,,
2000030,BONDMATPORT,6018,Fama Maturity Portfolios - > 12 and <= 18 Month,,,,,,,
2000031,BONDMATPORT,6024,Fama Maturity Portfolios - > 18 and <= 24 Month,,,,,,,
2000032,BONDMATPORT,6030,Fama Maturity Portfolios - > 24 and <= 30 Month,,,,,,,
2000033,BONDMATPORT,6036,Fama Maturity Portfolios - > 30 and <= 36 Month,,,,,,,
2000034,BONDMATPORT,6042,Fama Maturity Portfolios - > 36 and <= 42 Month,,,,,,,
2000035,BONDMATPORT,6048,Fama Maturity Portfolios - > 42 and <= 48 Month,,,,,,,
2000036,BONDMATPORT,6054,Fama Maturity Portfolios - > 48 and <= 54 Month,,,,,,,
2000037,BONDMATPORT,6060,Fama Maturity Portfolios - > 54 and <= 60 Month,,,,,,,
2000038,BONDMATPORT,6120,Fama Maturity Portfolios - > 60 and <= 120 Month,,,,,,,
2000039,BONDMATPORT,6121,Fama Maturity Portfolios - > 120 Month,,,,,,,
2000040,BONDMATPORT,12012,Fama Maturity Portfolios - <= 12 Month,,,,,,,
2000041,BONDMATPORT,12024,Fama Maturity Portfolios - > 12 and <= 24 Month,,,,,,,
2000042,BONDMATPORT,12036,Fama Maturity Portfolios - > 24 and <= 36 Month,,,,,,,
2000043,BONDMATPORT,12048,Fama Maturity Portfolios - > 36 and <= 48 Month,,,,,,,
2000044,BONDMATPORT,12060,Fama Maturity Portfolios - > 48 and <= 60 Month,,,,,,,
2000047,DISCBOND,5001,Fama Bliss Discount Bonds - 1-Year (Nominal),,,,,,,
2000048,DISCBOND,5002,Fama Bliss Discount Bonds - 2-Year (Nominal),,,,,,,
2000049,DISCBOND,5003,Fama Bliss Discount Bonds - 3-Year (Nominal),,,,,,,
2000050,DISCBOND,5004,Fama Bliss Discount Bonds - 4-Year (Nominal),,,,,,,
2000051,DISCBOND,5005,Fama Bliss Discount Bonds - 5-Year (Nominal),,,,,,,
2000052,CD,7100,One-month Certificate of Deposit CD1M,,,,,,,
2000053,CD,7300,Three-month Certificate of Deposit CD3M,,,,,,,
2000054,CD,7600,Six-month Certificate of Deposit CD6M,,,,,,,
2000055,CD,7030,30-Day Commercial Paper CP30D,,,,,,,
2000056,CD,7060,60-Day Commercial Paper CP60D,,,,,,,
2000057,CD,7090,90-Day Commercial Paper CP90D,,,,,,,
2000058,CD,7201,Federal Funds Effective(FFEFRT),,,,,,,
2000059,CD,7202,Federal Funds Minimum Trading Range(FFMINR),,,,,,,
2000060,CD,7203,Federal Funds Maximum Trading Range(FFMAXR),,,,,,,
2000061,RISKFREE,28,CRSP Risk Free - 4 week (Nominal),,,,,,,
2000062,RISKFREE,91,CRSP Risk Free - 13 week (Nominal),,,,,,,
2000063,RISKFREE,182,CRSP Risk Free - 26 week (Nominal),,,,,,,
2000064,TERMSTRUCT,2607,Fama T-Bill 26-Week Term Structure - 1 Week,,,,,,,
2000065,TERMSTRUCT,2614,Fama T-Bill 26-Week Term Structure - 2 Week,,,,,,,
2000066,TERMSTRUCT,2621,Fama T-Bill 26-Week Term Structure - 3 Week,,,,,,,
2000067,TERMSTRUCT,2628,Fama T-Bill 26-Week Term Structure - 4 Week,,,,,,,
2000068,TERMSTRUCT,2635,Fama T-Bill 26-Week Term Structure - 5 Week,,,,,,,
2000069,TERMSTRUCT,2642,Fama T-Bill 26-Week Term Structure - 6 Week,,,,,,,
2000070,TERMSTRUCT,2649,Fama T-Bill 26-Week Term Structure - 7 Week,,,,,,,
2000071,TERMSTRUCT,2656,Fama T-Bill 26-Week Term Structure - 8 Week,,,,,,,
2000072,TERMSTRUCT,2663,Fama T-Bill 26-Week Term Structure - 9 Week,,,,,,,
2000073,TERMSTRUCT,2670,Fama T-Bill 26-Week Term Structure - 10 Week,,,,,,,
2000074,TERMSTRUCT,2677,Fama T-Bill 26-Week Term Structure - 11 Week,,,,,,,
2000075,TERMSTRUCT,2684,Fama T-Bill 26-Week Term Structure - 12 Week,,,,,,,
2000076,TERMSTRUCT,2691,Fama T-Bill 26-Week Term Structure - 13 Week,,,,,,,
2000077,TERMSTRUCT,2698,Fama T-Bill 26-Week Term Structure - 14 Week,,,,,,,
2000078,TERMSTRUCT,26105,Fama T-Bill 26-Week Term Structure - 15 Week,,,,,,,
2000079,TERMSTRUCT,26112,Fama T-Bill 26-Week Term Structure - 16 Week,,,,,,,
2000080,TERMSTRUCT,26119,Fama T-Bill 26-Week Term Structure - 17 Week,,,,,,,
2000081,TERMSTRUCT,26126,Fama T-Bill 26-Week Term Structure - 18 Week,,,,,,,
2000082,TERMSTRUCT,26133,Fama T-Bill 26-Week Term Structure - 19 Week,,,,,,,
2000083,TERMSTRUCT,26140,Fama T-Bill 26-Week Term Structure - 20 Week,,,,,,,
2000084,TERMSTRUCT,26147,Fama T-Bill 26-Week Term Structure - 21 Week,,,,,,,
2000085,TERMSTRUCT,26154,Fama T-Bill 26-Week Term Structure - 22 Week,,,,,,,
2000086,TERMSTRUCT,26161,Fama T-Bill 26-Week Term Structure - 23 Week,,,,,,,
2000087,TERMSTRUCT,26168,Fama T-Bill 26-Week Term Structure - 24 Week,,,,,,,
2000088,TERMSTRUCT,26175,Fama T-Bill 26-Week Term Structure - 25 Week,,,,,,,
2000089,TERMSTRUCT,26182,Fama T-Bill 26-Week Term Structure - 26 Week,,,,,,,
2000090,CPI,1,Published and Reference CPI,,,,,,,
