KYTREASNOX,TIDXFAM,TTERMTYPE,TTERMLBL,MCALDT,TMEWRETD
2000001,RISKFREE,30,CRSP Risk Free Rates - 1-Month (Nominal),,
2000002,RISKFREE,90,CRSP Risk Free Rates - 3-Month (Nominal),,
2000003,FIXEDTERM,112,CRSP Fixed Term Index - 1-Year (Nominal),,
2000004,FIXEDTERM,212,CRSP Fixed Term Index - 2-Year (Nominal),,
2000005,FIXEDTERM,512,CRSP Fixed Term Index - 5-Year (Nominal),,
2000006,FIXEDTERM,712,CRSP Fixed Term Index - 7-Year (Nominal),,
2000007,FIXEDTERM,1012,CRSP Fixed Term Index - 10-Year (Nominal),,
2000008,FIXEDTERM,2012,CRSP Fixed Term Index - 20-Year (Nominal),,
2000009,FIXEDTERM,3012,CRSP Fixed Term Index - 30-Year (Nominal),,
2000010,TERMSTRUCT,1201,Fama T-Bill 12-Month Term Structure - 1 Month,,
2000011,TERMSTRUCT,1202,Fama T-Bill 12-Month Term Structure - 2 Month,,
2000012,TERMSTRUCT,1203,Fama T-Bill 12-Month Term Structure - 3 Month,,
2000013,TERMSTRUCT,1204,Fama T-Bill 12-Month Term Structure - 4 Month,,
2000014,TERMSTRUCT,1205,Fama T-Bill 12-Month Term Structure - 5 Month,,
2000015,TERMSTRUCT,1206,Fama T-Bill 12-Month Term Structure - 6 Month,,
2000016,TERMSTRUCT,1207,Fama T-Bill 12-Month Term Structure - 7 Month,,
2000017,TERMSTRUCT,1208,Fama T-Bill 12-Month Term Structure - 8 Month,,
2000018,TERMSTRUCT,1209,Fama T-Bill 12-Month Term Structure - 9 Month,,
2000019,TERMSTRUCT,1210,Fama T-Bill 12-Month Term Structure - 10 Month,,
2000020,TERMSTRUCT,1211,Fama T-Bill 12-Month Term Structure - 11 Month,,
2000021,TERMSTRUCT,1212,Fama T-Bill 12-Month Term Structure - 12 Month,,
2000022,TERMSTRUCT,601,Fama T-Bill 6-Month Term Structure - 1 Month,,
2000023,TERMSTRUCT,602,Fama T-Bill 6-Month Term Structure - 2 Month,,
2000024,TERMSTRUCT,603,Fama T-Bill 6-Month Term Structure - 3 Month,,
2000025,TERMSTRUCT,604,Fama T-Bill 6-Month Term Structure - 4 Month,,
2000026,TERMSTRUCT,605,Fama T-Bill 6-Month Term Structure - 5 Month,,
2000027,TERMSTRUCT,606,Fama T-Bill 6-Month Term Structure - 6 Month,,
2000028,BONDMATPORT,6006,Fama Maturity Portfolios - <= 6 Month,31/01/2000,4.1269503180112E-03
2000028,BONDMATPORT,6006,Fama Maturity Portfolios - <= 6 Month,29/02/2000,4.4527361230421E-03
2000028,BONDMATPORT,6006,Fama Maturity Portfolios - <= 6 Month,31/03/2000,4.8362591163996E-03
2000028,BONDMATPORT,6006,Fama Maturity Portfolios - <= 6 Month,28/04/2000,4.6630956698311E-03
2000028,BONDMATPORT,6006,Fama Maturity Portfolios - <= 6 Month,31/05/2000,6.0132300989813E-03
2000028,BONDMATPORT,6006,Fama Maturity Portfolios - <= 6 Month,30/06/2000,5.0372017552139E-03
2000028,BONDMATPORT,6006,Fama Maturity Portfolios - <= 6 Month,31/07/2000,4.7402645161311E-03
2000028,BONDMATPORT,6006,Fama Maturity Portfolios - <= 6 Month,31/08/2000,5.4646048393831E-03
2000028,BONDMATPORT,6006,Fama Maturity Portfolios - <= 6 Month,29/09/2000,5.0050864300044E-03
2000028,BONDMATPORT,6006,Fama Maturity Portfolios - <= 6 Month,31/10/2000,5.2225150391068E-03
2000028,BONDMATPORT,6006,Fama Maturity Portfolios - <= 6 Month,30/11/2000,5.6811593622584E-03
2000028,BONDMATPORT,6006,Fama Maturity Portfolios - <= 6 Month,29/12/2000,5.7776420234812E-03
2000028,BONDMATPORT,6006,Fama Maturity Portfolios - <= 6 Month,31/01/2001,7.2156052952450E-03
2000028,BONDMATPORT,6006,Fama Maturity Portfolios - <= 6 Month,28/02/2001,3.9361474867301E-03
2000028,BONDMATPORT,6006,Fama Maturity Portfolios - <= 6 Month,30/03/2001,4.7531681402260E-03
2000028,BONDMATPORT,6006,Fama Maturity Portfolios - <= 6 Month,30/04/2001,4.4572694738797E-03
2000028,BONDMATPORT,6006,Fama Maturity Portfolios - <= 6 Month,31/05/2001,4.4278959045271E-03
2000028,BONDMATPORT,6006,Fama Maturity Portfolios - <= 6 Month,29/06/2001,2.5267083110327E-03
2000028,BONDMATPORT,6006,Fama Maturity Portfolios - <= 6 Month,31/07/2001,3.6900982435755E-03
2000028,BONDMATPORT,6006,Fama Maturity Portfolios - <= 6 Month,31/08/2001,2.9688168824969E-03
2000028,BONDMATPORT,6006,Fama Maturity Portfolios - <= 6 Month,28/09/2001,4.4380594124235E-03
2000028,BONDMATPORT,6006,Fama Maturity Portfolios - <= 6 Month,31/10/2001,3.8229390099006E-03
2000028,BONDMATPORT,6006,Fama Maturity Portfolios - <= 6 Month,30/11/2001,1.7762216183559E-03
2000028,BONDMATPORT,6006,Fama Maturity Portfolios - <= 6 Month,31/12/2001,1.8666850330982E-03
2000028,BONDMATPORT,6006,Fama Maturity Portfolios - <= 6 Month,31/01/2002,1.1271214019783E-03
2000028,BONDMATPORT,6006,Fama Maturity Portfolios - <= 6 Month,28/02/2002,1.5702818380006E-03
2000028,BONDMATPORT,6006,Fama Maturity Portfolios - <= 6 Month,28/03/2002,8.9766019125153E-04
2000028,BONDMATPORT,6006,Fama Maturity Portfolios - <= 6 Month,30/04/2002,2.4991883945942E-03
2000028,BONDMATPORT,6006,Fama Maturity Portfolios - <= 6 Month,31/05/2002,1.5147008108336E-03
2000028,BONDMATPORT,6006,Fama Maturity Portfolios - <= 6 Month,28/06/2002,1.4963272886076E-03
2000028,BONDMATPORT,6006,Fama Maturity Portfolios - <= 6 Month,31/07/2002,1.7741318119183E-03
2000028,BONDMATPORT,6006,Fama Maturity Portfolios - <= 6 Month,30/08/2002,1.0833626103647E-03
2000028,BONDMATPORT,6006,Fama Maturity Portfolios - <= 6 Month,30/09/2002,2.2095448768372E-03
2000028,BONDMATPORT,6006,Fama Maturity Portfolios - <= 6 Month,31/10/2002,1.4775060720225E-03
2000028,BONDMATPORT,6006,Fama Maturity Portfolios - <= 6 Month,29/11/2002,1.3185137993200E-03
2000028,BONDMATPORT,6006,Fama Maturity Portfolios - <= 6 Month,31/12/2002,1.1698464071522E-03
2000028,BONDMATPORT,6006,Fama Maturity Portfolios - <= 6 Month,31/01/2003,8.7824444891142E-04
2000028,BONDMATPORT,6006,Fama Maturity Portfolios - <= 6 Month,28/02/2003,9.5063531802186E-04
2000028,BONDMATPORT,6006,Fama Maturity Portfolios - <= 6 Month,31/03/2003,1.4256018884465E-03
2000028,BONDMATPORT,6006,Fama Maturity Portfolios - <= 6 Month,30/04/2003,8.4366452872043E-04
2000028,BONDMATPORT,6006,Fama Maturity Portfolios - <= 6 Month,30/05/2003,8.1077223871333E-04
2000028,BONDMATPORT,6006,Fama Maturity Portfolios - <= 6 Month,30/06/2003,1.6359070574876E-03
2000028,BONDMATPORT,6006,Fama Maturity Portfolios - <= 6 Month,31/07/2003,6.2196655448426E-04
2000028,BONDMATPORT,6006,Fama Maturity Portfolios - <= 6 Month,29/08/2003,4.7093157181009E-04
2000028,BONDMATPORT,6006,Fama Maturity Portfolios - <= 6 Month,30/09/2003,1.3595424874421E-03
2000028,BONDMATPORT,6006,Fama Maturity Portfolios - <= 6 Month,31/10/2003,5.8479573644599E-04
2000028,BONDMATPORT,6006,Fama Maturity Portfolios - <= 6 Month,28/11/2003,7.6560805207275E-04
2000028,BONDMATPORT,6006,Fama Maturity Portfolios - <= 6 Month,31/12/2003,1.3600817945047E-03
2000028,BONDMATPORT,6006,Fama Maturity Portfolios - <= 6 Month,30/01/2004,7.0196213753087E-04
2000028,BONDMATPORT,6006,Fama Maturity Portfolios - <= 6 Month,27/02/2004,8.2771780699390E-04
2000028,BONDMATPORT,6006,Fama Maturity Portfolios - <= 6 Month,31/03/2004,1.2072816694176E-03
2000028,BONDMATPORT,6006,Fama Maturity Portfolios - <= 6 Month,30/04/2004,3.9039285064616E-04
2000028,BONDMATPORT,6006,Fama Maturity Portfolios - <= 6 Month,28/05/2004,4.7740087963746E-04
2000028,BONDMATPORT,6006,Fama Maturity Portfolios - <= 6 Month,30/06/2004,1.1896604872189E-03
2000028,BONDMATPORT,6006,Fama Maturity Portfolios - <= 6 Month,30/07/2004,8.9738850811030E-04
2000028,BONDMATPORT,6006,Fama Maturity Portfolios - <= 6 Month,31/08/2004,1.5581459780056E-03
2000028,BONDMATPORT,6006,Fama Maturity Portfolios - <= 6 Month,30/09/2004,9.2696432494428E-04
2000028,BONDMATPORT,6006,Fama Maturity Portfolios - <= 6 Month,29/10/2004,9.7034968459111E-04
2000028,BONDMATPORT,6006,Fama Maturity Portfolios - <= 6 Month,30/11/2004,1.2972657497798E-03
2000028,BONDMATPORT,6006,Fama Maturity Portfolios - <= 6 Month,31/12/2004,1.6536552797119E-03
2000028,BONDMATPORT,6006,Fama Maturity Portfolios - <= 6 Month,31/01/2005,1.6547962679185E-03
2000028,BONDMATPORT,6006,Fama Maturity Portfolios - <= 6 Month,28/02/2005,1.5908112847686E-03
2000028,BONDMATPORT,6006,Fama Maturity Portfolios - <= 6 Month,31/03/2005,2.3166270727396E-03
2000028,BONDMATPORT,6006,Fama Maturity Portfolios - <= 6 Month,29/04/2005,2.1206070441826E-03
2000028,BONDMATPORT,6006,Fama Maturity Portfolios - <= 6 Month,31/05/2005,2.7799260524290E-03
2000028,BONDMATPORT,6006,Fama Maturity Portfolios - <= 6 Month,30/06/2005,2.0643933632440E-03
2000028,BONDMATPORT,6006,Fama Maturity Portfolios - <= 6 Month,29/07/2005,2.0266970680765E-03
2000028,BONDMATPORT,6006,Fama Maturity Portfolios - <= 6 Month,31/08/2005,3.1226190385602E-03
2000028,BONDMATPORT,6006,Fama Maturity Portfolios - <= 6 Month,30/09/2005,2.4507976317602E-03
2000028,BONDMATPORT,6006,Fama Maturity Portfolios - <= 6 Month,31/10/2005,2.5428151478190E-03
2000028,BONDMATPORT,6006,Fama Maturity Portfolios - <= 6 Month,30/11/2005,3.3337788681986E-03
2000028,BONDMATPORT,6006,Fama Maturity Portfolios - <= 6 Month,30/12/2005,3.2879979499706E-03
2000028,BONDMATPORT,6006,Fama Maturity Portfolios - <= 6 Month,31/01/2006,3.2020669448935E-03
2000028,BONDMATPORT,6006,Fama Maturity Portfolios - <= 6 Month,28/02/2006,3.1807988803188E-03
2000028,BONDMATPORT,6006,Fama Maturity Portfolios - <= 6 Month,31/03/2006,3.8767560715468E-03
2000028,BONDMATPORT,6006,Fama Maturity Portfolios - <= 6 Month,28/04/2006,3.3719425407609E-03
2000028,BONDMATPORT,6006,Fama Maturity Portfolios - <= 6 Month,31/05/2006,4.0350138861208E-03
2000028,BONDMATPORT,6006,Fama Maturity Portfolios - <= 6 Month,30/06/2006,3.8159425500171E-03
2000028,BONDMATPORT,6006,Fama Maturity Portfolios - <= 6 Month,31/07/2006,4.4106682234265E-03
2000028,BONDMATPORT,6006,Fama Maturity Portfolios - <= 6 Month,31/08/2006,4.3977746587730E-03
2000028,BONDMATPORT,6006,Fama Maturity Portfolios - <= 6 Month,29/09/2006,4.3186852794184E-03
2000028,BONDMATPORT,6006,Fama Maturity Portfolios - <= 6 Month,31/10/2006,4.0268826074982E-03
2000028,BONDMATPORT,6006,Fama Maturity Portfolios - <= 6 Month,30/11/2006,4.2929984746131E-03
2000028,BONDMATPORT,6006,Fama Maturity Portfolios - <= 6 Month,29/12/2006,4.0206385818353E-03
2000028,BONDMATPORT,6006,Fama Maturity Portfolios - <= 6 Month,31/01/2007,4.2872170919214E-03
2000028,BONDMATPORT,6006,Fama Maturity Portfolios - <= 6 Month,28/02/2007,3.8892234254927E-03
2000028,BONDMATPORT,6006,Fama Maturity Portfolios - <= 6 Month,30/03/2007,4.2889598860499E-03
2000028,BONDMATPORT,6006,Fama Maturity Portfolios - <= 6 Month,30/04/2007,4.2961408936460E-03
2000028,BONDMATPORT,6006,Fama Maturity Portfolios - <= 6 Month,31/05/2007,4.3666972673742E-03
2000028,BONDMATPORT,6006,Fama Maturity Portfolios - <= 6 Month,29/06/2007,4.0528842686046E-03
2000028,BONDMATPORT,6006,Fama Maturity Portfolios - <= 6 Month,31/07/2007,4.0028474289622E-03
2000028,BONDMATPORT,6006,Fama Maturity Portfolios - <= 6 Month,31/08/2007,6.3987221842660E-03
2000028,BONDMATPORT,6006,Fama Maturity Portfolios - <= 6 Month,28/09/2007,3.7158110370518E-03
2000028,BONDMATPORT,6006,Fama Maturity Portfolios - <= 6 Month,31/10/2007,3.6241450722917E-03
2000028,BONDMATPORT,6006,Fama Maturity Portfolios - <= 6 Month,30/11/2007,5.7646237017327E-03
2000028,BONDMATPORT,6006,Fama Maturity Portfolios - <= 6 Month,31/12/2007,1.7670154939302E-03
2000028,BONDMATPORT,6006,Fama Maturity Portfolios - <= 6 Month,31/01/2008,5.8845185407091E-03
2000028,BONDMATPORT,6006,Fama Maturity Portfolios - <= 6 Month,29/02/2008,2.0052070088321E-03
2000028,BONDMATPORT,6006,Fama Maturity Portfolios - <= 6 Month,31/03/2008,2.8442167138058E-03
2000028,BONDMATPORT,6006,Fama Maturity Portfolios - <= 6 Month,30/04/2008,8.3238798564597E-04
2000028,BONDMATPORT,6006,Fama Maturity Portfolios - <= 6 Month,30/05/2008,3.4873000125332E-05
2000028,BONDMATPORT,6006,Fama Maturity Portfolios - <= 6 Month,30/06/2008,1.8110440532683E-03
2000028,BONDMATPORT,6006,Fama Maturity Portfolios - <= 6 Month,31/07/2008,2.1292220777484E-03
2000028,BONDMATPORT,6006,Fama Maturity Portfolios - <= 6 Month,29/08/2008,1.1142360164049E-03
2000028,BONDMATPORT,6006,Fama Maturity Portfolios - <= 6 Month,30/09/2008,3.7319846347916E-03
2000028,BONDMATPORT,6006,Fama Maturity Portfolios - <= 6 Month,31/10/2008,1.9740539105776E-03
2000028,BONDMATPORT,6006,Fama Maturity Portfolios - <= 6 Month,28/11/2008,2.0927137249158E-03
2000028,BONDMATPORT,6006,Fama Maturity Portfolios - <= 6 Month,31/12/2008,1.3726326845295E-03
2000028,BONDMATPORT,6006,Fama Maturity Portfolios - <= 6 Month,30/01/2009,-3.0485933024376E-04
2000028,BONDMATPORT,6006,Fama Maturity Portfolios - <= 6 Month,27/02/2009,2.0358329650445E-04
2000028,BONDMATPORT,6006,Fama Maturity Portfolios - <= 6 Month,31/03/2009,8.4737333123956E-04
2000028,BONDMATPORT,6006,Fama Maturity Portfolios - <= 6 Month,30/04/2009,6.2424167832070E-04
2000028,BONDMATPORT,6006,Fama Maturity Portfolios - <= 6 Month,29/05/2009,-4.7669467801750E-05
2000028,BONDMATPORT,6006,Fama Maturity Portfolios - <= 6 Month,30/06/2009,4.3800081088056E-04
2000028,BONDMATPORT,6006,Fama Maturity Portfolios - <= 6 Month,31/07/2009,1.7265941773116E-04
2000028,BONDMATPORT,6006,Fama Maturity Portfolios - <= 6 Month,31/08/2009,5.8319665352024E-04
2000028,BONDMATPORT,6006,Fama Maturity Portfolios - <= 6 Month,30/09/2009,3.9875758851457E-04
2000028,BONDMATPORT,6006,Fama Maturity Portfolios - <= 6 Month,30/10/2009,6.4019600635993E-05
2000028,BONDMATPORT,6006,Fama Maturity Portfolios - <= 6 Month,30/11/2009,4.7744055627350E-04
2000028,BONDMATPORT,6006,Fama Maturity Portfolios - <= 6 Month,31/12/2009,-2.0360144501528E-04
2000028,BONDMATPORT,6006,Fama Maturity Portfolios - <= 6 Month,29/01/2010,2.2276377181690E-04
2000028,BONDMATPORT,6006,Fama Maturity Portfolios - <= 6 Month,26/02/2010,7.0676861319716E-05
2000028,BONDMATPORT,6006,Fama Maturity Portfolios - <= 6 Month,31/03/2010,2.0464848186182E-04
2000028,BONDMATPORT,6006,Fama Maturity Portfolios - <= 6 Month,30/04/2010,-1.8839329500950E-05
2000028,BONDMATPORT,6006,Fama Maturity Portfolios - <= 6 Month,28/05/2010,2.0241743171857E-04
2000028,BONDMATPORT,6006,Fama Maturity Portfolios - <= 6 Month,30/06/2010,5.2242564523191E-04
2000028,BONDMATPORT,6006,Fama Maturity Portfolios - <= 6 Month,30/07/2010,5.9923987155871E-05
2000028,BONDMATPORT,6006,Fama Maturity Portfolios - <= 6 Month,31/08/2010,2.9772104173536E-04
2000028,BONDMATPORT,6006,Fama Maturity Portfolios - <= 6 Month,30/09/2010,1.7430056797762E-04
2000028,BONDMATPORT,6006,Fama Maturity Portfolios - <= 6 Month,29/10/2010,1.1951135933378E-04
2000028,BONDMATPORT,6006,Fama Maturity Portfolios - <= 6 Month,30/11/2010,1.7248261318627E-04
2000028,BONDMATPORT,6006,Fama Maturity Portfolios - <= 6 Month,31/12/2010,1.8947339097060E-04
2000028,BONDMATPORT,6006,Fama Maturity Portfolios - <= 6 Month,31/01/2011,2.9220032491697E-04
2000028,BONDMATPORT,6006,Fama Maturity Portfolios - <= 6 Month,28/02/2011,2.4944506644663E-04
2000028,BONDMATPORT,6006,Fama Maturity Portfolios - <= 6 Month,31/03/2011,1.2515092016970E-04
2000028,BONDMATPORT,6006,Fama Maturity Portfolios - <= 6 Month,29/04/2011,1.6773422095392E-04
2000028,BONDMATPORT,6006,Fama Maturity Portfolios - <= 6 Month,31/05/2011,2.0966798418704E-04
2000028,BONDMATPORT,6006,Fama Maturity Portfolios - <= 6 Month,30/06/2011,1.2260343342330E-04
2000028,BONDMATPORT,6006,Fama Maturity Portfolios - <= 6 Month,29/07/2011,-2.8263893971186E-04
2000028,BONDMATPORT,6006,Fama Maturity Portfolios - <= 6 Month,31/08/2011,7.5537637016371E-04
2000028,BONDMATPORT,6006,Fama Maturity Portfolios - <= 6 Month,30/09/2011,-1.1191045537841E-04
2000028,BONDMATPORT,6006,Fama Maturity Portfolios - <= 6 Month,31/10/2011,1.8956261158821E-04
2000028,BONDMATPORT,6006,Fama Maturity Portfolios - <= 6 Month,30/11/2011,1.0584233224365E-04
2000028,BONDMATPORT,6006,Fama Maturity Portfolios - <= 6 Month,30/12/2011,-1.2933265474308E-04
2000028,BONDMATPORT,6006,Fama Maturity Portfolios - <= 6 Month,31/01/2012,1.5256575525405E-04
2000028,BONDMATPORT,6006,Fama Maturity Portfolios - <= 6 Month,29/02/2012,2.8094339803851E-05
2000028,BONDMATPORT,6006,Fama Maturity Portfolios - <= 6 Month,30/03/2012,-8.2512403019873E-05
2000028,BONDMATPORT,6006,Fama Maturity Portfolios - <= 6 Month,30/04/2012,2.7423799642340E-04
2000028,BONDMATPORT,6006,Fama Maturity Portfolios - <= 6 Month,31/05/2012,1.7631288867400E-04
2000028,BONDMATPORT,6006,Fama Maturity Portfolios - <= 6 Month,29/06/2012,-2.5584763986385E-05
2000028,BONDMATPORT,6006,Fama Maturity Portfolios - <= 6 Month,31/07/2012,2.7072024168334E-04
2000028,BONDMATPORT,6006,Fama Maturity Portfolios - <= 6 Month,31/08/2012,1.8271086576384E-05
2000028,BONDMATPORT,6006,Fama Maturity Portfolios - <= 6 Month,28/09/2012,1.7214124915033E-04
2000028,BONDMATPORT,6006,Fama Maturity Portfolios - <= 6 Month,31/10/2012,1.7847353090885E-04
2000028,BONDMATPORT,6006,Fama Maturity Portfolios - <= 6 Month,30/11/2012,1.7919573958855E-04
2000028,BONDMATPORT,6006,Fama Maturity Portfolios - <= 6 Month,31/12/2012,2.5647038744215E-04
2000028,BONDMATPORT,6006,Fama Maturity Portfolios - <= 6 Month,31/01/2013,1.4235209232245E-04
2000028,BONDMATPORT,6006,Fama Maturity Portfolios - <= 6 Month,28/02/2013,5.8460632426842E-05
2000028,BONDMATPORT,6006,Fama Maturity Portfolios - <= 6 Month,28/03/2013,2.2678376101332E-05
2000028,BONDMATPORT,6006,Fama Maturity Portfolios - <= 6 Month,30/04/2013,3.1101940988280E-04
2000028,BONDMATPORT,6006,Fama Maturity Portfolios - <= 6 Month,31/05/2013,-1.0120996191241E-05
2000028,BONDMATPORT,6006,Fama Maturity Portfolios - <= 6 Month,28/06/2013,4.3325067857326E-05
2000028,BONDMATPORT,6006,Fama Maturity Portfolios - <= 6 Month,31/07/2013,2.5947114564481E-04
2000028,BONDMATPORT,6006,Fama Maturity Portfolios - <= 6 Month,30/08/2013,1.2122828165135E-06
2000028,BONDMATPORT,6006,Fama Maturity Portfolios - <= 6 Month,30/09/2013,2.2051110595355E-04
2000028,BONDMATPORT,6006,Fama Maturity Portfolios - <= 6 Month,31/10/2013,-6.7701649974805E-05
2000028,BONDMATPORT,6006,Fama Maturity Portfolios - <= 6 Month,29/11/2013,-4.1598483449350E-05
2000028,BONDMATPORT,6006,Fama Maturity Portfolios - <= 6 Month,31/12/2013,2.8201864141807E-04
2000028,BONDMATPORT,6006,Fama Maturity Portfolios - <= 6 Month,31/01/2014,6.9039391781874E-05
2000028,BONDMATPORT,6006,Fama Maturity Portfolios - <= 6 Month,28/02/2014,8.2683095515526E-05
2000028,BONDMATPORT,6006,Fama Maturity Portfolios - <= 6 Month,31/03/2014,2.0856449323389E-04
2000028,BONDMATPORT,6006,Fama Maturity Portfolios - <= 6 Month,30/04/2014,9.1667466863659E-05
2000028,BONDMATPORT,6006,Fama Maturity Portfolios - <= 6 Month,30/05/2014,-2.7448685132287E-05
2000028,BONDMATPORT,6006,Fama Maturity Portfolios - <= 6 Month,30/06/2014,1.2932602583903E-04
2000028,BONDMATPORT,6006,Fama Maturity Portfolios - <= 6 Month,31/07/2014,9.2598666798146E-05
2000028,BONDMATPORT,6006,Fama Maturity Portfolios - <= 6 Month,29/08/2014,-7.2132349341922E-05
2000028,BONDMATPORT,6006,Fama Maturity Portfolios - <= 6 Month,30/09/2014,2.7015970038491E-04
2000028,BONDMATPORT,6006,Fama Maturity Portfolios - <= 6 Month,31/10/2014,-8.1609201680622E-05
2000028,BONDMATPORT,6006,Fama Maturity Portfolios - <= 6 Month,28/11/2014,1.8687326662709E-05
2000028,BONDMATPORT,6006,Fama Maturity Portfolios - <= 6 Month,31/12/2014,1.4791153375458E-04
2000028,BONDMATPORT,6006,Fama Maturity Portfolios - <= 6 Month,30/01/2015,1.0703228695088E-04
2000028,BONDMATPORT,6006,Fama Maturity Portfolios - <= 6 Month,27/02/2015,9.8605040701835E-05
2000028,BONDMATPORT,6006,Fama Maturity Portfolios - <= 6 Month,31/03/2015,7.6344431368588E-05
2000028,BONDMATPORT,6006,Fama Maturity Portfolios - <= 6 Month,30/04/2015,1.6775708485145E-04
2000028,BONDMATPORT,6006,Fama Maturity Portfolios - <= 6 Month,29/05/2015,-4.1246796427121E-05
2000028,BONDMATPORT,6006,Fama Maturity Portfolios - <= 6 Month,30/06/2015,2.5074607839216E-04
2000028,BONDMATPORT,6006,Fama Maturity Portfolios - <= 6 Month,31/07/2015,-1.5161518092858E-04
2000028,BONDMATPORT,6006,Fama Maturity Portfolios - <= 6 Month,31/08/2015,1.2561266972277E-04
2000028,BONDMATPORT,6006,Fama Maturity Portfolios - <= 6 Month,30/09/2015,5.5688999954624E-04
2000028,BONDMATPORT,6006,Fama Maturity Portfolios - <= 6 Month,30/10/2015,-2.2129908093539E-04
2000028,BONDMATPORT,6006,Fama Maturity Portfolios - <= 6 Month,30/11/2015,7.1199629933101E-05
2000028,BONDMATPORT,6006,Fama Maturity Portfolios - <= 6 Month,31/12/2015,2.5366074901064E-05
2000028,BONDMATPORT,6006,Fama Maturity Portfolios - <= 6 Month,29/01/2016,3.9688043238732E-04
2000028,BONDMATPORT,6006,Fama Maturity Portfolios - <= 6 Month,29/02/2016,5.8128389110007E-04
2000028,BONDMATPORT,6006,Fama Maturity Portfolios - <= 6 Month,31/03/2016,5.8876056387509E-04
2000028,BONDMATPORT,6006,Fama Maturity Portfolios - <= 6 Month,29/04/2016,3.4822092207435E-04
2000028,BONDMATPORT,6006,Fama Maturity Portfolios - <= 6 Month,31/05/2016,1.0968398704929E-04
2000028,BONDMATPORT,6006,Fama Maturity Portfolios - <= 6 Month,30/06/2016,8.1125990541345E-04
2000028,BONDMATPORT,6006,Fama Maturity Portfolios - <= 6 Month,29/07/2016,1.6747525580058E-04
2000028,BONDMATPORT,6006,Fama Maturity Portfolios - <= 6 Month,31/08/2016,2.8698847936811E-04
2000028,BONDMATPORT,6006,Fama Maturity Portfolios - <= 6 Month,30/09/2016,5.1620889188917E-04
2000028,BONDMATPORT,6006,Fama Maturity Portfolios - <= 6 Month,31/10/2016,4.0970962750878E-04
2000028,BONDMATPORT,6006,Fama Maturity Portfolios - <= 6 Month,30/11/2016,1.6105862599143E-04
2000028,BONDMATPORT,6006,Fama Maturity Portfolios - <= 6 Month,30/12/2016,3.1726328805019E-04
2000028,BONDMATPORT,6006,Fama Maturity Portfolios - <= 6 Month,31/01/2017,7.2526786085317E-04
2000028,BONDMATPORT,6006,Fama Maturity Portfolios - <= 6 Month,28/02/2017,3.4903409904794E-04
2000028,BONDMATPORT,6006,Fama Maturity Portfolios - <= 6 Month,31/03/2017,1.7675276327191E-04
2000028,BONDMATPORT,6006,Fama Maturity Portfolios - <= 6 Month,28/04/2017,5.5820630123545E-04
2000028,BONDMATPORT,6006,Fama Maturity Portfolios - <= 6 Month,31/05/2017,6.3411376387760E-04
2000028,BONDMATPORT,6006,Fama Maturity Portfolios - <= 6 Month,30/06/2017,7.4518542442082E-04
2000028,BONDMATPORT,6006,Fama Maturity Portfolios - <= 6 Month,31/07/2017,9.5970453545058E-04
2000028,BONDMATPORT,6006,Fama Maturity Portfolios - <= 6 Month,31/08/2017,9.9797615545589E-04
2000028,BONDMATPORT,6006,Fama Maturity Portfolios - <= 6 Month,29/09/2017,8.6303213090257E-04
2000028,BONDMATPORT,6006,Fama Maturity Portfolios - <= 6 Month,31/10/2017,8.7605765899607E-04
2000028,BONDMATPORT,6006,Fama Maturity Portfolios - <= 6 Month,30/11/2017,7.2967833226721E-04
2000028,BONDMATPORT,6006,Fama Maturity Portfolios - <= 6 Month,29/12/2017,9.1306353681733E-04
2000028,BONDMATPORT,6006,Fama Maturity Portfolios - <= 6 Month,31/01/2018,1.2352298088716E-03
2000028,BONDMATPORT,6006,Fama Maturity Portfolios - <= 6 Month,28/02/2018,7.4301495634609E-04
2000028,BONDMATPORT,6006,Fama Maturity Portfolios - <= 6 Month,29/03/2018,1.3372577239350E-03
2000028,BONDMATPORT,6006,Fama Maturity Portfolios - <= 6 Month,30/04/2018,1.4899490088597E-03
2000028,BONDMATPORT,6006,Fama Maturity Portfolios - <= 6 Month,31/05/2018,1.5047560479225E-03
2000028,BONDMATPORT,6006,Fama Maturity Portfolios - <= 6 Month,29/06/2018,1.6832385474228E-03
2000028,BONDMATPORT,6006,Fama Maturity Portfolios - <= 6 Month,31/07/2018,1.6241369290020E-03
2000028,BONDMATPORT,6006,Fama Maturity Portfolios - <= 6 Month,31/08/2018,1.7735716916736E-03
2000028,BONDMATPORT,6006,Fama Maturity Portfolios - <= 6 Month,28/09/2018,1.4981766722438E-03
2000028,BONDMATPORT,6006,Fama Maturity Portfolios - <= 6 Month,31/10/2018,1.9527407115909E-03
2000028,BONDMATPORT,6006,Fama Maturity Portfolios - <= 6 Month,30/11/2018,1.9599752258149E-03
2000028,BONDMATPORT,6006,Fama Maturity Portfolios - <= 6 Month,31/12/2018,2.1286683784681E-03
2000028,BONDMATPORT,6006,Fama Maturity Portfolios - <= 6 Month,31/01/2019,2.1566601431428E-03
2000028,BONDMATPORT,6006,Fama Maturity Portfolios - <= 6 Month,28/02/2019,1.7994421954331E-03
2000028,BONDMATPORT,6006,Fama Maturity Portfolios - <= 6 Month,29/03/2019,2.1212964507554E-03
2000028,BONDMATPORT,6006,Fama Maturity Portfolios - <= 6 Month,30/04/2019,2.1716868737604E-03
2000028,BONDMATPORT,6006,Fama Maturity Portfolios - <= 6 Month,31/05/2019,2.2250402768299E-03
2000028,BONDMATPORT,6006,Fama Maturity Portfolios - <= 6 Month,28/06/2019,2.2894155230060E-03
2000028,BONDMATPORT,6006,Fama Maturity Portfolios - <= 6 Month,31/07/2019,1.9007391744971E-03
2000028,BONDMATPORT,6006,Fama Maturity Portfolios - <= 6 Month,30/08/2019,2.0758096571974E-03
2000028,BONDMATPORT,6006,Fama Maturity Portfolios - <= 6 Month,30/09/2019,1.7633339882799E-03
2000028,BONDMATPORT,6006,Fama Maturity Portfolios - <= 6 Month,31/10/2019,2.3564248230632E-03
2000028,BONDMATPORT,6006,Fama Maturity Portfolios - <= 6 Month,29/11/2019,1.0757008654847E-03
2000028,BONDMATPORT,6006,Fama Maturity Portfolios - <= 6 Month,31/12/2019,1.5876368170921E-03
2000028,BONDMATPORT,6006,Fama Maturity Portfolios - <= 6 Month,31/01/2020,1.3985481849597E-03
2000028,BONDMATPORT,6006,Fama Maturity Portfolios - <= 6 Month,28/02/2020,1.7396489201391E-03
2000028,BONDMATPORT,6006,Fama Maturity Portfolios - <= 6 Month,31/03/2020,4.0874558012764E-03
2000028,BONDMATPORT,6006,Fama Maturity Portfolios - <= 6 Month,30/04/2020,1.1998925859880E-04
2000028,BONDMATPORT,6006,Fama Maturity Portfolios - <= 6 Month,29/05/2020,-1.7316476397133E-04
2000028,BONDMATPORT,6006,Fama Maturity Portfolios - <= 6 Month,30/06/2020,2.7823061157638E-04
2000028,BONDMATPORT,6006,Fama Maturity Portfolios - <= 6 Month,31/07/2020,1.5411880682130E-04
2000028,BONDMATPORT,6006,Fama Maturity Portfolios - <= 6 Month,31/08/2020,1.0151478317943E-04
2000028,BONDMATPORT,6006,Fama Maturity Portfolios - <= 6 Month,30/09/2020,1.9708400465379E-04
2000028,BONDMATPORT,6006,Fama Maturity Portfolios - <= 6 Month,30/10/2020,-1.0195480642140E-04
2000028,BONDMATPORT,6006,Fama Maturity Portfolios - <= 6 Month,30/11/2020,2.0082918171336E-04
2000028,BONDMATPORT,6006,Fama Maturity Portfolios - <= 6 Month,31/12/2020,3.1143171158561E-04
2000028,BONDMATPORT,6006,Fama Maturity Portfolios - <= 6 Month,29/01/2021,-1.1008619181107E-04
2000028,BONDMATPORT,6006,Fama Maturity Portfolios - <= 6 Month,26/02/2021,8.3916584058570E-05
2000028,BONDMATPORT,6006,Fama Maturity Portfolios - <= 6 Month,31/03/2021,1.5476029011671E-04
2000028,BONDMATPORT,6006,Fama Maturity Portfolios - <= 6 Month,30/04/2021,-5.9141937449733E-06
2000028,BONDMATPORT,6006,Fama Maturity Portfolios - <= 6 Month,28/05/2021,2.2248796062685E-04
2000028,BONDMATPORT,6006,Fama Maturity Portfolios - <= 6 Month,30/06/2021,-2.1370148051102E-04
2000028,BONDMATPORT,6006,Fama Maturity Portfolios - <= 6 Month,30/07/2021,-3.1108362647019E-05
2000028,BONDMATPORT,6006,Fama Maturity Portfolios - <= 6 Month,31/08/2021,1.1471858340312E-04
2000028,BONDMATPORT,6006,Fama Maturity Portfolios - <= 6 Month,30/09/2021,7.7453430241557E-05
2000028,BONDMATPORT,6006,Fama Maturity Portfolios - <= 6 Month,29/10/2021,-6.0822788000935E-05
2000028,BONDMATPORT,6006,Fama Maturity Portfolios - <= 6 Month,30/11/2021,8.6079324689631E-05
2000028,BONDMATPORT,6006,Fama Maturity Portfolios - <= 6 Month,31/12/2021,-9.4922569254224E-05
2000028,BONDMATPORT,6006,Fama Maturity Portfolios - <= 6 Month,31/01/2022,-2.6710706901385E-04
2000028,BONDMATPORT,6006,Fama Maturity Portfolios - <= 6 Month,28/02/2022,-1.6204104722863E-05
2000028,BONDMATPORT,6006,Fama Maturity Portfolios - <= 6 Month,31/03/2022,1.6039678377965E-04
2000028,BONDMATPORT,6006,Fama Maturity Portfolios - <= 6 Month,29/04/2022,-9.8076798353001E-05
2000028,BONDMATPORT,6006,Fama Maturity Portfolios - <= 6 Month,31/05/2022,9.4397420253922E-04
2000028,BONDMATPORT,6006,Fama Maturity Portfolios - <= 6 Month,30/06/2022,-4.2484842209998E-04
2000028,BONDMATPORT,6006,Fama Maturity Portfolios - <= 6 Month,29/07/2022,9.4942713409249E-04
2000028,BONDMATPORT,6006,Fama Maturity Portfolios - <= 6 Month,31/08/2022,1.5429628799815E-03
2000028,BONDMATPORT,6006,Fama Maturity Portfolios - <= 6 Month,30/09/2022,1.1309893101319E-03
2000028,BONDMATPORT,6006,Fama Maturity Portfolios - <= 6 Month,31/10/2022,1.5890054746436E-03
2000028,BONDMATPORT,6006,Fama Maturity Portfolios - <= 6 Month,30/11/2022,3.0492698468498E-03
2000028,BONDMATPORT,6006,Fama Maturity Portfolios - <= 6 Month,30/12/2022,3.8707077209888E-03
2000028,BONDMATPORT,6006,Fama Maturity Portfolios - <= 6 Month,31/01/2023,3.5002526341572E-03
2000028,BONDMATPORT,6006,Fama Maturity Portfolios - <= 6 Month,28/02/2023,3.0803072051376E-03
2000028,BONDMATPORT,6006,Fama Maturity Portfolios - <= 6 Month,31/03/2023,5.0316087438987E-03
2000028,BONDMATPORT,6006,Fama Maturity Portfolios - <= 6 Month,28/04/2023,2.9661161906389E-03
2000028,BONDMATPORT,6006,Fama Maturity Portfolios - <= 6 Month,31/05/2023,3.2927197228795E-03
2000028,BONDMATPORT,6006,Fama Maturity Portfolios - <= 6 Month,30/06/2023,4.6614084495622E-03
2000028,BONDMATPORT,6006,Fama Maturity Portfolios - <= 6 Month,31/07/2023,4.2628198719261E-03
2000028,BONDMATPORT,6006,Fama Maturity Portfolios - <= 6 Month,31/08/2023,4.3190506546150E-03
2000028,BONDMATPORT,6006,Fama Maturity Portfolios - <= 6 Month,29/09/2023,4.4309243561021E-03
2000028,BONDMATPORT,6006,Fama Maturity Portfolios - <= 6 Month,31/10/2023,4.4776299738579E-03
2000028,BONDMATPORT,6006,Fama Maturity Portfolios - <= 6 Month,30/11/2023,4.7638276958428E-03
2000028,BONDMATPORT,6006,Fama Maturity Portfolios - <= 6 Month,29/12/2023,4.5893858113292E-03
2000028,BONDMATPORT,6006,Fama Maturity Portfolios - <= 6 Month,31/01/2024,4.4092792899317E-03
2000028,BONDMATPORT,6006,Fama Maturity Portfolios - <= 6 Month,29/02/2024,3.8045262922567E-03
2000028,BONDMATPORT,6006,Fama Maturity Portfolios - <= 6 Month,28/03/2024,4.2556532572094E-03
2000028,BONDMATPORT,6006,Fama Maturity Portfolios - <= 6 Month,30/04/2024,4.2496259253485E-03
2000028,BONDMATPORT,6006,Fama Maturity Portfolios - <= 6 Month,31/05/2024,4.7015764252791E-03
2000028,BONDMATPORT,6006,Fama Maturity Portfolios - <= 6 Month,28/06/2024,4.0790204035861E-03
2000028,BONDMATPORT,6006,Fama Maturity Portfolios - <= 6 Month,31/07/2024,4.8311423919174E-03
2000028,BONDMATPORT,6006,Fama Maturity Portfolios - <= 6 Month,30/08/2024,5.1100289457221E-03
2000028,BONDMATPORT,6006,Fama Maturity Portfolios - <= 6 Month,30/09/2024,4.5755635205111E-03
2000028,BONDMATPORT,6006,Fama Maturity Portfolios - <= 6 Month,31/10/2024,3.5167332434497E-03
2000028,BONDMATPORT,6006,Fama Maturity Portfolios - <= 6 Month,29/11/2024,3.6377721732379E-03
2000028,BONDMATPORT,6006,Fama Maturity Portfolios - <= 6 Month,31/12/2024,4.3669684534061E-03
2000028,BONDMATPORT,6006,Fama Maturity Portfolios - <= 6 Month,31/01/2025,3.5367956688296E-03
2000028,BONDMATPORT,6006,Fama Maturity Portfolios - <= 6 Month,28/02/2025,3.2390582502807E-03
2000028,BONDMATPORT,6006,Fama Maturity Portfolios - <= 6 Month,31/03/2025,3.5997683866372E-03
2000028,BONDMATPORT,6006,Fama Maturity Portfolios - <= 6 Month,30/04/2025,3.4017174559180E-03
2000028,BONDMATPORT,6006,Fama Maturity Portfolios - <= 6 Month,30/05/2025,3.2523651973481E-03
2000028,BONDMATPORT,6006,Fama Maturity Portfolios - <= 6 Month,30/06/2025,3.5761038488016E-03
2000028,BONDMATPORT,6006,Fama Maturity Portfolios - <= 6 Month,31/07/2025,3.4603726562030E-03
2000028,BONDMATPORT,6006,Fama Maturity Portfolios - <= 6 Month,29/08/2025,3.9223334352631E-03
2000028,BONDMATPORT,6006,Fama Maturity Portfolios - <= 6 Month,30/09/2025,3.8468660637415E-03
2000028,BONDMATPORT,6006,Fama Maturity Portfolios - <= 6 Month,31/10/2025,3.4284716518800E-03
2000028,BONDMATPORT,6006,Fama Maturity Portfolios - <= 6 Month,28/11/2025,3.0373717449383E-03
2000028,BONDMATPORT,6006,Fama Maturity Portfolios - <= 6 Month,31/12/2025,3.9418116843295E-03
2000029,BONDMATPORT,6012,Fama Maturity Portfolios - > 6 and <= 12 Month,31/01/2000,3.8456029991808E-03
2000029,BONDMATPORT,6012,Fama Maturity Portfolios - > 6 and <= 12 Month,29/02/2000,5.0647341584392E-03
2000029,BONDMATPORT,6012,Fama Maturity Portfolios - > 6 and <= 12 Month,31/03/2000,4.9929041446952E-03
2000029,BONDMATPORT,6012,Fama Maturity Portfolios - > 6 and <= 12 Month,28/04/2000,4.1149119750974E-03
2000029,BONDMATPORT,6012,Fama Maturity Portfolios - > 6 and <= 12 Month,31/05/2000,4.6630755834886E-03
2000029,BONDMATPORT,6012,Fama Maturity Portfolios - > 6 and <= 12 Month,30/06/2000,7.1033802973284E-03
2000029,BONDMATPORT,6012,Fama Maturity Portfolios - > 6 and <= 12 Month,31/07/2000,5.2877285414856E-03
2000029,BONDMATPORT,6012,Fama Maturity Portfolios - > 6 and <= 12 Month,31/08/2000,5.9562556420711E-03
2000029,BONDMATPORT,6012,Fama Maturity Portfolios - > 6 and <= 12 Month,29/09/2000,5.4104881134204E-03
2000029,BONDMATPORT,6012,Fama Maturity Portfolios - > 6 and <= 12 Month,31/10/2000,5.1084914751944E-03
2000029,BONDMATPORT,6012,Fama Maturity Portfolios - > 6 and <= 12 Month,30/11/2000,6.4629563930497E-03
2000029,BONDMATPORT,6012,Fama Maturity Portfolios - > 6 and <= 12 Month,29/12/2000,8.1961752124150E-03
2000029,BONDMATPORT,6012,Fama Maturity Portfolios - > 6 and <= 12 Month,31/01/2001,1.0585029326860E-02
2000029,BONDMATPORT,6012,Fama Maturity Portfolios - > 6 and <= 12 Month,28/02/2001,4.5741335266312E-03
2000029,BONDMATPORT,6012,Fama Maturity Portfolios - > 6 and <= 12 Month,30/03/2001,6.1400350225015E-03
2000029,BONDMATPORT,6012,Fama Maturity Portfolios - > 6 and <= 12 Month,30/04/2001,4.8324361279404E-03
2000029,BONDMATPORT,6012,Fama Maturity Portfolios - > 6 and <= 12 Month,31/05/2001,5.8382488993593E-03
2000029,BONDMATPORT,6012,Fama Maturity Portfolios - > 6 and <= 12 Month,29/06/2001,2.5529123289213E-03
2000029,BONDMATPORT,6012,Fama Maturity Portfolios - > 6 and <= 12 Month,31/07/2001,5.7644722064579E-03
2000029,BONDMATPORT,6012,Fama Maturity Portfolios - > 6 and <= 12 Month,31/08/2001,4.0296800201715E-03
2000029,BONDMATPORT,6012,Fama Maturity Portfolios - > 6 and <= 12 Month,28/09/2001,8.5116565530310E-03
2000029,BONDMATPORT,6012,Fama Maturity Portfolios - > 6 and <= 12 Month,31/10/2001,6.3215489802108E-03
2000029,BONDMATPORT,6012,Fama Maturity Portfolios - > 6 and <= 12 Month,30/11/2001,1.5409554014141E-03
2000029,BONDMATPORT,6012,Fama Maturity Portfolios - > 6 and <= 12 Month,31/12/2001,2.4925330483590E-03
2000029,BONDMATPORT,6012,Fama Maturity Portfolios - > 6 and <= 12 Month,31/01/2002,5.8937495723206E-04
2000029,BONDMATPORT,6012,Fama Maturity Portfolios - > 6 and <= 12 Month,28/02/2002,2.5250675740592E-03
2000029,BONDMATPORT,6012,Fama Maturity Portfolios - > 6 and <= 12 Month,28/03/2002,-1.4869771664060E-03
2000029,BONDMATPORT,6012,Fama Maturity Portfolios - > 6 and <= 12 Month,30/04/2002,6.0061609720354E-03
2000029,BONDMATPORT,6012,Fama Maturity Portfolios - > 6 and <= 12 Month,31/05/2002,2.0303259244035E-03
2000029,BONDMATPORT,6012,Fama Maturity Portfolios - > 6 and <= 12 Month,28/06/2002,3.5365206085674E-03
2000029,BONDMATPORT,6012,Fama Maturity Portfolios - > 6 and <= 12 Month,31/07/2002,3.1229301755645E-03
2000029,BONDMATPORT,6012,Fama Maturity Portfolios - > 6 and <= 12 Month,30/08/2002,1.2802077202574E-03
2000029,BONDMATPORT,6012,Fama Maturity Portfolios - > 6 and <= 12 Month,30/09/2002,3.5298961865408E-03
2000029,BONDMATPORT,6012,Fama Maturity Portfolios - > 6 and <= 12 Month,31/10/2002,1.8770745810653E-03
2000029,BONDMATPORT,6012,Fama Maturity Portfolios - > 6 and <= 12 Month,29/11/2002,5.9067835355049E-04
2000029,BONDMATPORT,6012,Fama Maturity Portfolios - > 6 and <= 12 Month,31/12/2002,2.9610626131056E-03
2000029,BONDMATPORT,6012,Fama Maturity Portfolios - > 6 and <= 12 Month,31/01/2003,8.2521045050936E-04
2000029,BONDMATPORT,6012,Fama Maturity Portfolios - > 6 and <= 12 Month,28/02/2003,1.3606544824191E-03
2000029,BONDMATPORT,6012,Fama Maturity Portfolios - > 6 and <= 12 Month,31/03/2003,1.6376977106094E-03
2000029,BONDMATPORT,6012,Fama Maturity Portfolios - > 6 and <= 12 Month,30/04/2003,8.7453189551864E-04
2000029,BONDMATPORT,6012,Fama Maturity Portfolios - > 6 and <= 12 Month,30/05/2003,8.3395886830287E-04
2000029,BONDMATPORT,6012,Fama Maturity Portfolios - > 6 and <= 12 Month,30/06/2003,2.1436031356297E-03
2000029,BONDMATPORT,6012,Fama Maturity Portfolios - > 6 and <= 12 Month,31/07/2003,8.4167592376310E-06
2000029,BONDMATPORT,6012,Fama Maturity Portfolios - > 6 and <= 12 Month,29/08/2003,3.4602319499444E-04
2000029,BONDMATPORT,6012,Fama Maturity Portfolios - > 6 and <= 12 Month,30/09/2003,2.6989691102791E-03
2000029,BONDMATPORT,6012,Fama Maturity Portfolios - > 6 and <= 12 Month,31/10/2003,1.7701903142474E-05
2000029,BONDMATPORT,6012,Fama Maturity Portfolios - > 6 and <= 12 Month,28/11/2003,1.4201458919076E-04
2000029,BONDMATPORT,6012,Fama Maturity Portfolios - > 6 and <= 12 Month,31/12/2003,2.7687928560579E-03
2000029,BONDMATPORT,6012,Fama Maturity Portfolios - > 6 and <= 12 Month,30/01/2004,1.1548781338802E-03
2000029,BONDMATPORT,6012,Fama Maturity Portfolios - > 6 and <= 12 Month,27/02/2004,1.3611078840695E-03
2000029,BONDMATPORT,6012,Fama Maturity Portfolios - > 6 and <= 12 Month,31/03/2004,1.4729257609444E-03
2000029,BONDMATPORT,6012,Fama Maturity Portfolios - > 6 and <= 12 Month,30/04/2004,-1.1326643677793E-03
2000029,BONDMATPORT,6012,Fama Maturity Portfolios - > 6 and <= 12 Month,28/05/2004,-1.2852789634272E-04
2000029,BONDMATPORT,6012,Fama Maturity Portfolios - > 6 and <= 12 Month,30/06/2004,6.3398937254871E-04
2000029,BONDMATPORT,6012,Fama Maturity Portfolios - > 6 and <= 12 Month,30/07/2004,1.5569044257077E-03
2000029,BONDMATPORT,6012,Fama Maturity Portfolios - > 6 and <= 12 Month,31/08/2004,2.8050231035517E-03
2000029,BONDMATPORT,6012,Fama Maturity Portfolios - > 6 and <= 12 Month,30/09/2004,6.6695606580301E-06
2000029,BONDMATPORT,6012,Fama Maturity Portfolios - > 6 and <= 12 Month,29/10/2004,1.2937168885154E-03
2000029,BONDMATPORT,6012,Fama Maturity Portfolios - > 6 and <= 12 Month,30/11/2004,-8.2796321494816E-04
2000029,BONDMATPORT,6012,Fama Maturity Portfolios - > 6 and <= 12 Month,31/12/2004,1.5806783842002E-03
2000029,BONDMATPORT,6012,Fama Maturity Portfolios - > 6 and <= 12 Month,31/01/2005,1.1207629852406E-03
2000029,BONDMATPORT,6012,Fama Maturity Portfolios - > 6 and <= 12 Month,28/02/2005,5.5419700754709E-04
2000029,BONDMATPORT,6012,Fama Maturity Portfolios - > 6 and <= 12 Month,31/03/2005,1.9211514824430E-03
2000029,BONDMATPORT,6012,Fama Maturity Portfolios - > 6 and <= 12 Month,29/04/2005,3.0211068630154E-03
2000029,BONDMATPORT,6012,Fama Maturity Portfolios - > 6 and <= 12 Month,31/05/2005,3.3288187472901E-03
2000029,BONDMATPORT,6012,Fama Maturity Portfolios - > 6 and <= 12 Month,30/06/2005,1.8936904913827E-03
2000029,BONDMATPORT,6012,Fama Maturity Portfolios - > 6 and <= 12 Month,29/07/2005,3.5684183448487E-04
2000029,BONDMATPORT,6012,Fama Maturity Portfolios - > 6 and <= 12 Month,31/08/2005,4.2560837119963E-03
2000029,BONDMATPORT,6012,Fama Maturity Portfolios - > 6 and <= 12 Month,30/09/2005,9.6703909426203E-04
2000029,BONDMATPORT,6012,Fama Maturity Portfolios - > 6 and <= 12 Month,31/10/2005,1.7647988330502E-03
2000029,BONDMATPORT,6012,Fama Maturity Portfolios - > 6 and <= 12 Month,30/11/2005,3.0872334277264E-03
2000029,BONDMATPORT,6012,Fama Maturity Portfolios - > 6 and <= 12 Month,30/12/2005,3.5666825529071E-03
2000029,BONDMATPORT,6012,Fama Maturity Portfolios - > 6 and <= 12 Month,31/01/2006,2.6276130549319E-03
2000029,BONDMATPORT,6012,Fama Maturity Portfolios - > 6 and <= 12 Month,28/02/2006,2.4415976795856E-03
2000029,BONDMATPORT,6012,Fama Maturity Portfolios - > 6 and <= 12 Month,31/03/2006,3.1584269535811E-03
2000029,BONDMATPORT,6012,Fama Maturity Portfolios - > 6 and <= 12 Month,28/04/2006,3.1697615202419E-03
2000029,BONDMATPORT,6012,Fama Maturity Portfolios - > 6 and <= 12 Month,31/05/2006,3.0731875468073E-03
2000029,BONDMATPORT,6012,Fama Maturity Portfolios - > 6 and <= 12 Month,30/06/2006,2.8881931471230E-03
2000029,BONDMATPORT,6012,Fama Maturity Portfolios - > 6 and <= 12 Month,31/07/2006,5.4203002625846E-03
2000029,BONDMATPORT,6012,Fama Maturity Portfolios - > 6 and <= 12 Month,31/08/2006,4.8423694897408E-03
2000029,BONDMATPORT,6012,Fama Maturity Portfolios - > 6 and <= 12 Month,29/09/2006,4.3688357139812E-03
2000029,BONDMATPORT,6012,Fama Maturity Portfolios - > 6 and <= 12 Month,31/10/2006,4.0797590201946E-03
2000029,BONDMATPORT,6012,Fama Maturity Portfolios - > 6 and <= 12 Month,30/11/2006,4.1450804253236E-03
2000029,BONDMATPORT,6012,Fama Maturity Portfolios - > 6 and <= 12 Month,29/12/2006,3.2416218137352E-03
2000029,BONDMATPORT,6012,Fama Maturity Portfolios - > 6 and <= 12 Month,31/01/2007,4.1640553803868E-03
2000029,BONDMATPORT,6012,Fama Maturity Portfolios - > 6 and <= 12 Month,28/02/2007,4.6191332317456E-03
2000029,BONDMATPORT,6012,Fama Maturity Portfolios - > 6 and <= 12 Month,30/03/2007,3.9229976440309E-03
2000029,BONDMATPORT,6012,Fama Maturity Portfolios - > 6 and <= 12 Month,30/04/2007,3.9668072847017E-03
2000029,BONDMATPORT,6012,Fama Maturity Portfolios - > 6 and <= 12 Month,31/05/2007,3.6287972263838E-03
2000029,BONDMATPORT,6012,Fama Maturity Portfolios - > 6 and <= 12 Month,29/06/2007,4.2470905684536E-03
2000029,BONDMATPORT,6012,Fama Maturity Portfolios - > 6 and <= 12 Month,31/07/2007,5.2081686667636E-03
2000029,BONDMATPORT,6012,Fama Maturity Portfolios - > 6 and <= 12 Month,31/08/2007,6.6726032015078E-03
2000029,BONDMATPORT,6012,Fama Maturity Portfolios - > 6 and <= 12 Month,28/09/2007,5.4575101798986E-03
2000029,BONDMATPORT,6012,Fama Maturity Portfolios - > 6 and <= 12 Month,31/10/2007,3.6251220793926E-03
2000029,BONDMATPORT,6012,Fama Maturity Portfolios - > 6 and <= 12 Month,30/11/2007,1.0324272975865E-02
2000029,BONDMATPORT,6012,Fama Maturity Portfolios - > 6 and <= 12 Month,31/12/2007,2.0033960012332E-03
2000029,BONDMATPORT,6012,Fama Maturity Portfolios - > 6 and <= 12 Month,31/01/2008,1.1563313882241E-02
2000029,BONDMATPORT,6012,Fama Maturity Portfolios - > 6 and <= 12 Month,29/02/2008,4.4365352617797E-03
2000029,BONDMATPORT,6012,Fama Maturity Portfolios - > 6 and <= 12 Month,31/03/2008,3.4003301796160E-03
2000029,BONDMATPORT,6012,Fama Maturity Portfolios - > 6 and <= 12 Month,30/04/2008,-1.0370222037213E-03
2000029,BONDMATPORT,6012,Fama Maturity Portfolios - > 6 and <= 12 Month,30/05/2008,-5.7641744335707E-04
2000029,BONDMATPORT,6012,Fama Maturity Portfolios - > 6 and <= 12 Month,30/06/2008,9.4521905486540E-04
2000029,BONDMATPORT,6012,Fama Maturity Portfolios - > 6 and <= 12 Month,31/07/2008,3.1887143081321E-03
2000029,BONDMATPORT,6012,Fama Maturity Portfolios - > 6 and <= 12 Month,29/08/2008,1.9539032821302E-03
2000029,BONDMATPORT,6012,Fama Maturity Portfolios - > 6 and <= 12 Month,30/09/2008,4.6991634860212E-03
2000029,BONDMATPORT,6012,Fama Maturity Portfolios - > 6 and <= 12 Month,31/10/2008,5.0823738433169E-03
2000029,BONDMATPORT,6012,Fama Maturity Portfolios - > 6 and <= 12 Month,28/11/2008,4.8524199479950E-03
2000029,BONDMATPORT,6012,Fama Maturity Portfolios - > 6 and <= 12 Month,31/12/2008,4.4708981757678E-03
2000029,BONDMATPORT,6012,Fama Maturity Portfolios - > 6 and <= 12 Month,30/01/2009,-7.3290515006331E-04
2000029,BONDMATPORT,6012,Fama Maturity Portfolios - > 6 and <= 12 Month,27/02/2009,-8.8557312587791E-04
2000029,BONDMATPORT,6012,Fama Maturity Portfolios - > 6 and <= 12 Month,31/03/2009,1.8571525232073E-03
2000029,BONDMATPORT,6012,Fama Maturity Portfolios - > 6 and <= 12 Month,30/04/2009,1.5736204242674E-03
2000029,BONDMATPORT,6012,Fama Maturity Portfolios - > 6 and <= 12 Month,29/05/2009,3.8911814581205E-04
2000029,BONDMATPORT,6012,Fama Maturity Portfolios - > 6 and <= 12 Month,30/06/2009,5.8421097943983E-04
2000029,BONDMATPORT,6012,Fama Maturity Portfolios - > 6 and <= 12 Month,31/07/2009,8.5226626685229E-04
2000029,BONDMATPORT,6012,Fama Maturity Portfolios - > 6 and <= 12 Month,31/08/2009,1.1124575456669E-03
2000029,BONDMATPORT,6012,Fama Maturity Portfolios - > 6 and <= 12 Month,30/09/2009,6.7065252553679E-04
2000029,BONDMATPORT,6012,Fama Maturity Portfolios - > 6 and <= 12 Month,30/10/2009,5.3724193761960E-04
2000029,BONDMATPORT,6012,Fama Maturity Portfolios - > 6 and <= 12 Month,30/11/2009,1.2182890527017E-03
2000029,BONDMATPORT,6012,Fama Maturity Portfolios - > 6 and <= 12 Month,31/12/2009,-1.0238798194805E-03
2000029,BONDMATPORT,6012,Fama Maturity Portfolios - > 6 and <= 12 Month,29/01/2010,1.6863798744086E-03
2000029,BONDMATPORT,6012,Fama Maturity Portfolios - > 6 and <= 12 Month,26/02/2010,1.4256197180728E-04
2000029,BONDMATPORT,6012,Fama Maturity Portfolios - > 6 and <= 12 Month,31/03/2010,-2.7169000522259E-05
2000029,BONDMATPORT,6012,Fama Maturity Portfolios - > 6 and <= 12 Month,30/04/2010,3.6904717549175E-04
2000029,BONDMATPORT,6012,Fama Maturity Portfolios - > 6 and <= 12 Month,28/05/2010,6.4130462298483E-04
2000029,BONDMATPORT,6012,Fama Maturity Portfolios - > 6 and <= 12 Month,30/06/2010,9.8504162070023E-04
2000029,BONDMATPORT,6012,Fama Maturity Portfolios - > 6 and <= 12 Month,30/07/2010,4.6281286105422E-04
2000029,BONDMATPORT,6012,Fama Maturity Portfolios - > 6 and <= 12 Month,31/08/2010,7.3083833346729E-04
2000029,BONDMATPORT,6012,Fama Maturity Portfolios - > 6 and <= 12 Month,30/09/2010,4.5331702770165E-04
2000029,BONDMATPORT,6012,Fama Maturity Portfolios - > 6 and <= 12 Month,29/10/2010,2.3370615530553E-04
2000029,BONDMATPORT,6012,Fama Maturity Portfolios - > 6 and <= 12 Month,30/11/2010,-1.8489777621462E-05
2000029,BONDMATPORT,6012,Fama Maturity Portfolios - > 6 and <= 12 Month,31/12/2010,3.0049256219603E-04
2000029,BONDMATPORT,6012,Fama Maturity Portfolios - > 6 and <= 12 Month,31/01/2011,7.7338367460441E-04
2000029,BONDMATPORT,6012,Fama Maturity Portfolios - > 6 and <= 12 Month,28/02/2011,3.5416767963760E-04
2000029,BONDMATPORT,6012,Fama Maturity Portfolios - > 6 and <= 12 Month,31/03/2011,2.4981578700194E-04
2000029,BONDMATPORT,6012,Fama Maturity Portfolios - > 6 and <= 12 Month,29/04/2011,7.8552887540543E-04
2000029,BONDMATPORT,6012,Fama Maturity Portfolios - > 6 and <= 12 Month,31/05/2011,6.1511805407068E-04
2000029,BONDMATPORT,6012,Fama Maturity Portfolios - > 6 and <= 12 Month,30/06/2011,2.8937791113351E-04
2000029,BONDMATPORT,6012,Fama Maturity Portfolios - > 6 and <= 12 Month,29/07/2011,-4.0104959797127E-04
2000029,BONDMATPORT,6012,Fama Maturity Portfolios - > 6 and <= 12 Month,31/08/2011,1.6159218081090E-03
2000029,BONDMATPORT,6012,Fama Maturity Portfolios - > 6 and <= 12 Month,30/09/2011,-3.7695811153479E-04
2000029,BONDMATPORT,6012,Fama Maturity Portfolios - > 6 and <= 12 Month,31/10/2011,5.7630853380996E-04
2000029,BONDMATPORT,6012,Fama Maturity Portfolios - > 6 and <= 12 Month,30/11/2011,2.5581527849018E-04
2000029,BONDMATPORT,6012,Fama Maturity Portfolios - > 6 and <= 12 Month,30/12/2011,1.5951397687482E-04
2000029,BONDMATPORT,6012,Fama Maturity Portfolios - > 6 and <= 12 Month,31/01/2012,2.9698073910675E-04
2000029,BONDMATPORT,6012,Fama Maturity Portfolios - > 6 and <= 12 Month,29/02/2012,-2.3885032342528E-04
2000029,BONDMATPORT,6012,Fama Maturity Portfolios - > 6 and <= 12 Month,30/03/2012,-3.7325872145326E-05
2000029,BONDMATPORT,6012,Fama Maturity Portfolios - > 6 and <= 12 Month,30/04/2012,4.1481242517181E-04
2000029,BONDMATPORT,6012,Fama Maturity Portfolios - > 6 and <= 12 Month,31/05/2012,2.3746773049003E-04
2000029,BONDMATPORT,6012,Fama Maturity Portfolios - > 6 and <= 12 Month,29/06/2012,-4.9418038098197E-05
2000029,BONDMATPORT,6012,Fama Maturity Portfolios - > 6 and <= 12 Month,31/07/2012,6.5487977131956E-04
2000029,BONDMATPORT,6012,Fama Maturity Portfolios - > 6 and <= 12 Month,31/08/2012,4.7433314234418E-05
2000029,BONDMATPORT,6012,Fama Maturity Portfolios - > 6 and <= 12 Month,28/09/2012,2.1220767700611E-04
2000029,BONDMATPORT,6012,Fama Maturity Portfolios - > 6 and <= 12 Month,31/10/2012,1.2963043699238E-04
2000029,BONDMATPORT,6012,Fama Maturity Portfolios - > 6 and <= 12 Month,30/11/2012,2.4454822407774E-04
2000029,BONDMATPORT,6012,Fama Maturity Portfolios - > 6 and <= 12 Month,31/12/2012,3.8665389983400E-04
2000029,BONDMATPORT,6012,Fama Maturity Portfolios - > 6 and <= 12 Month,31/01/2013,3.4865094917349E-04
2000029,BONDMATPORT,6012,Fama Maturity Portfolios - > 6 and <= 12 Month,28/02/2013,1.2949158046911E-04
2000029,BONDMATPORT,6012,Fama Maturity Portfolios - > 6 and <= 12 Month,28/03/2013,2.1922651557028E-04
2000029,BONDMATPORT,6012,Fama Maturity Portfolios - > 6 and <= 12 Month,30/04/2013,4.7599595728132E-04
2000029,BONDMATPORT,6012,Fama Maturity Portfolios - > 6 and <= 12 Month,31/05/2013,-1.4834671776142E-06
2000029,BONDMATPORT,6012,Fama Maturity Portfolios - > 6 and <= 12 Month,28/06/2013,1.7786638096226E-05
2000029,BONDMATPORT,6012,Fama Maturity Portfolios - > 6 and <= 12 Month,31/07/2013,6.0005691785106E-04
2000029,BONDMATPORT,6012,Fama Maturity Portfolios - > 6 and <= 12 Month,30/08/2013,3.4075692365252E-05
2000029,BONDMATPORT,6012,Fama Maturity Portfolios - > 6 and <= 12 Month,30/09/2013,5.0907703840891E-04
2000029,BONDMATPORT,6012,Fama Maturity Portfolios - > 6 and <= 12 Month,31/10/2013,-1.7328422712536E-05
2000029,BONDMATPORT,6012,Fama Maturity Portfolios - > 6 and <= 12 Month,29/11/2013,-1.2466269182893E-04
2000029,BONDMATPORT,6012,Fama Maturity Portfolios - > 6 and <= 12 Month,31/12/2013,2.9421397074913E-04
2000029,BONDMATPORT,6012,Fama Maturity Portfolios - > 6 and <= 12 Month,31/01/2014,2.7171038110893E-04
2000029,BONDMATPORT,6012,Fama Maturity Portfolios - > 6 and <= 12 Month,28/02/2014,1.4638552564846E-04
2000029,BONDMATPORT,6012,Fama Maturity Portfolios - > 6 and <= 12 Month,31/03/2014,3.5292440604756E-04
2000029,BONDMATPORT,6012,Fama Maturity Portfolios - > 6 and <= 12 Month,30/04/2014,3.3136264867516E-04
2000029,BONDMATPORT,6012,Fama Maturity Portfolios - > 6 and <= 12 Month,30/05/2014,-1.0505218050591E-05
2000029,BONDMATPORT,6012,Fama Maturity Portfolios - > 6 and <= 12 Month,30/06/2014,1.3685924759368E-04
2000029,BONDMATPORT,6012,Fama Maturity Portfolios - > 6 and <= 12 Month,31/07/2014,1.9533487846365E-04
2000029,BONDMATPORT,6012,Fama Maturity Portfolios - > 6 and <= 12 Month,29/08/2014,1.9060258550788E-04
2000029,BONDMATPORT,6012,Fama Maturity Portfolios - > 6 and <= 12 Month,30/09/2014,3.1015155146615E-04
2000029,BONDMATPORT,6012,Fama Maturity Portfolios - > 6 and <= 12 Month,31/10/2014,-2.7827958703707E-06
2000029,BONDMATPORT,6012,Fama Maturity Portfolios - > 6 and <= 12 Month,28/11/2014,-2.1659594461181E-05
2000029,BONDMATPORT,6012,Fama Maturity Portfolios - > 6 and <= 12 Month,31/12/2014,-3.9694930117544E-04
2000029,BONDMATPORT,6012,Fama Maturity Portfolios - > 6 and <= 12 Month,30/01/2015,8.7773322672553E-04
2000029,BONDMATPORT,6012,Fama Maturity Portfolios - > 6 and <= 12 Month,27/02/2015,-2.0711771396264E-05
2000029,BONDMATPORT,6012,Fama Maturity Portfolios - > 6 and <= 12 Month,31/03/2015,2.3421209337227E-04
2000029,BONDMATPORT,6012,Fama Maturity Portfolios - > 6 and <= 12 Month,30/04/2015,6.3030706947548E-04
2000029,BONDMATPORT,6012,Fama Maturity Portfolios - > 6 and <= 12 Month,29/05/2015,1.3941700078588E-04
2000029,BONDMATPORT,6012,Fama Maturity Portfolios - > 6 and <= 12 Month,30/06/2015,3.0667135458587E-04
2000029,BONDMATPORT,6012,Fama Maturity Portfolios - > 6 and <= 12 Month,31/07/2015,1.0442989722169E-04
2000029,BONDMATPORT,6012,Fama Maturity Portfolios - > 6 and <= 12 Month,31/08/2015,-9.2220989207560E-05
2000029,BONDMATPORT,6012,Fama Maturity Portfolios - > 6 and <= 12 Month,30/09/2015,1.0695428981768E-03
2000029,BONDMATPORT,6012,Fama Maturity Portfolios - > 6 and <= 12 Month,30/10/2015,-3.4748457039404E-04
2000029,BONDMATPORT,6012,Fama Maturity Portfolios - > 6 and <= 12 Month,30/11/2015,-8.8585702216952E-04
2000029,BONDMATPORT,6012,Fama Maturity Portfolios - > 6 and <= 12 Month,31/12/2015,-3.6233287072943E-05
2000029,BONDMATPORT,6012,Fama Maturity Portfolios - > 6 and <= 12 Month,29/01/2016,1.7609228626480E-03
2000029,BONDMATPORT,6012,Fama Maturity Portfolios - > 6 and <= 12 Month,29/02/2016,4.8565403580087E-04
2000029,BONDMATPORT,6012,Fama Maturity Portfolios - > 6 and <= 12 Month,31/03/2016,1.2994462231790E-03
2000029,BONDMATPORT,6012,Fama Maturity Portfolios - > 6 and <= 12 Month,29/04/2016,7.6332552313950E-04
2000029,BONDMATPORT,6012,Fama Maturity Portfolios - > 6 and <= 12 Month,31/05/2016,-2.7439711262394E-04
2000029,BONDMATPORT,6012,Fama Maturity Portfolios - > 6 and <= 12 Month,30/06/2016,2.1399211903089E-03
2000029,BONDMATPORT,6012,Fama Maturity Portfolios - > 6 and <= 12 Month,29/07/2016,5.3320839167268E-05
2000029,BONDMATPORT,6012,Fama Maturity Portfolios - > 6 and <= 12 Month,31/08/2016,1.4096707519053E-04
2000029,BONDMATPORT,6012,Fama Maturity Portfolios - > 6 and <= 12 Month,30/09/2016,6.2777782429898E-04
2000029,BONDMATPORT,6012,Fama Maturity Portfolios - > 6 and <= 12 Month,31/10/2016,6.7046518991488E-04
2000029,BONDMATPORT,6012,Fama Maturity Portfolios - > 6 and <= 12 Month,30/11/2016,-3.4032337179047E-04
2000029,BONDMATPORT,6012,Fama Maturity Portfolios - > 6 and <= 12 Month,30/12/2016,6.9309701578629E-04
2000029,BONDMATPORT,6012,Fama Maturity Portfolios - > 6 and <= 12 Month,31/01/2017,1.3390477694721E-03
2000029,BONDMATPORT,6012,Fama Maturity Portfolios - > 6 and <= 12 Month,28/02/2017,3.5303303063474E-04
2000029,BONDMATPORT,6012,Fama Maturity Portfolios - > 6 and <= 12 Month,31/03/2017,-1.3087308809929E-04
2000029,BONDMATPORT,6012,Fama Maturity Portfolios - > 6 and <= 12 Month,28/04/2017,5.3203867399970E-04
2000029,BONDMATPORT,6012,Fama Maturity Portfolios - > 6 and <= 12 Month,31/05/2017,4.5216911626536E-04
2000029,BONDMATPORT,6012,Fama Maturity Portfolios - > 6 and <= 12 Month,30/06/2017,5.0800801079048E-04
2000029,BONDMATPORT,6012,Fama Maturity Portfolios - > 6 and <= 12 Month,31/07/2017,1.4693913349264E-03
2000029,BONDMATPORT,6012,Fama Maturity Portfolios - > 6 and <= 12 Month,31/08/2017,1.1226578667423E-03
2000029,BONDMATPORT,6012,Fama Maturity Portfolios - > 6 and <= 12 Month,29/09/2017,4.8246250220226E-04
2000029,BONDMATPORT,6012,Fama Maturity Portfolios - > 6 and <= 12 Month,31/10/2017,5.6224479766930E-04
2000029,BONDMATPORT,6012,Fama Maturity Portfolios - > 6 and <= 12 Month,30/11/2017,1.2479596163399E-04
2000029,BONDMATPORT,6012,Fama Maturity Portfolios - > 6 and <= 12 Month,29/12/2017,5.6911225013803E-04
2000029,BONDMATPORT,6012,Fama Maturity Portfolios - > 6 and <= 12 Month,31/01/2018,1.0151005137677E-03
2000029,BONDMATPORT,6012,Fama Maturity Portfolios - > 6 and <= 12 Month,28/02/2018,5.2837165736272E-04
2000029,BONDMATPORT,6012,Fama Maturity Portfolios - > 6 and <= 12 Month,29/03/2018,1.3937724679154E-03
2000029,BONDMATPORT,6012,Fama Maturity Portfolios - > 6 and <= 12 Month,30/04/2018,1.1537849483478E-03
2000029,BONDMATPORT,6012,Fama Maturity Portfolios - > 6 and <= 12 Month,31/05/2018,1.9562435114877E-03
2000029,BONDMATPORT,6012,Fama Maturity Portfolios - > 6 and <= 12 Month,29/06/2018,1.5134915512871E-03
2000029,BONDMATPORT,6012,Fama Maturity Portfolios - > 6 and <= 12 Month,31/07/2018,1.6140126148146E-03
2000029,BONDMATPORT,6012,Fama Maturity Portfolios - > 6 and <= 12 Month,31/08/2018,2.1998169712527E-03
2000029,BONDMATPORT,6012,Fama Maturity Portfolios - > 6 and <= 12 Month,28/09/2018,9.7511732315850E-04
2000029,BONDMATPORT,6012,Fama Maturity Portfolios - > 6 and <= 12 Month,31/10/2018,1.9338384896488E-03
2000029,BONDMATPORT,6012,Fama Maturity Portfolios - > 6 and <= 12 Month,30/11/2018,2.2474236723142E-03
2000029,BONDMATPORT,6012,Fama Maturity Portfolios - > 6 and <= 12 Month,31/12/2018,2.7988359638987E-03
2000029,BONDMATPORT,6012,Fama Maturity Portfolios - > 6 and <= 12 Month,31/01/2019,2.7706598302724E-03
2000029,BONDMATPORT,6012,Fama Maturity Portfolios - > 6 and <= 12 Month,28/02/2019,2.0310668690456E-03
2000029,BONDMATPORT,6012,Fama Maturity Portfolios - > 6 and <= 12 Month,29/03/2019,3.0121833065450E-03
2000029,BONDMATPORT,6012,Fama Maturity Portfolios - > 6 and <= 12 Month,30/04/2019,2.0015957410282E-03
2000029,BONDMATPORT,6012,Fama Maturity Portfolios - > 6 and <= 12 Month,31/05/2019,2.9397975669747E-03
2000029,BONDMATPORT,6012,Fama Maturity Portfolios - > 6 and <= 12 Month,28/06/2019,3.4675791625889E-03
2000029,BONDMATPORT,6012,Fama Maturity Portfolios - > 6 and <= 12 Month,31/07/2019,1.2791799801755E-03
2000029,BONDMATPORT,6012,Fama Maturity Portfolios - > 6 and <= 12 Month,30/08/2019,3.2033174076287E-03
2000029,BONDMATPORT,6012,Fama Maturity Portfolios - > 6 and <= 12 Month,30/09/2019,1.4540192507474E-03
2000029,BONDMATPORT,6012,Fama Maturity Portfolios - > 6 and <= 12 Month,31/10/2019,3.1880619051542E-03
2000029,BONDMATPORT,6012,Fama Maturity Portfolios - > 6 and <= 12 Month,29/11/2019,8.0923350677734E-04
2000029,BONDMATPORT,6012,Fama Maturity Portfolios - > 6 and <= 12 Month,31/12/2019,1.8223690367109E-03
2000029,BONDMATPORT,6012,Fama Maturity Portfolios - > 6 and <= 12 Month,31/01/2020,2.0924857093760E-03
2000029,BONDMATPORT,6012,Fama Maturity Portfolios - > 6 and <= 12 Month,28/02/2020,3.8798416098872E-03
2000029,BONDMATPORT,6012,Fama Maturity Portfolios - > 6 and <= 12 Month,31/03/2020,8.1484118842995E-03
2000029,BONDMATPORT,6012,Fama Maturity Portfolios - > 6 and <= 12 Month,30/04/2020,1.8700056262739E-04
2000029,BONDMATPORT,6012,Fama Maturity Portfolios - > 6 and <= 12 Month,29/05/2020,-2.3708485046829E-04
2000029,BONDMATPORT,6012,Fama Maturity Portfolios - > 6 and <= 12 Month,30/06/2020,3.2625966144036E-04
2000029,BONDMATPORT,6012,Fama Maturity Portfolios - > 6 and <= 12 Month,31/07/2020,4.0932829030524E-04
2000029,BONDMATPORT,6012,Fama Maturity Portfolios - > 6 and <= 12 Month,31/08/2020,1.8524160384893E-04
2000029,BONDMATPORT,6012,Fama Maturity Portfolios - > 6 and <= 12 Month,30/09/2020,1.6532059460148E-04
2000029,BONDMATPORT,6012,Fama Maturity Portfolios - > 6 and <= 12 Month,30/10/2020,-1.1672701324481E-04
2000029,BONDMATPORT,6012,Fama Maturity Portfolios - > 6 and <= 12 Month,30/11/2020,4.3132768893341E-04
2000029,BONDMATPORT,6012,Fama Maturity Portfolios - > 6 and <= 12 Month,31/12/2020,2.2946103034002E-04
2000029,BONDMATPORT,6012,Fama Maturity Portfolios - > 6 and <= 12 Month,29/01/2021,1.6346310288504E-05
2000029,BONDMATPORT,6012,Fama Maturity Portfolios - > 6 and <= 12 Month,26/02/2021,1.4746251477789E-04
2000029,BONDMATPORT,6012,Fama Maturity Portfolios - > 6 and <= 12 Month,31/03/2021,3.4085960781229E-04
2000029,BONDMATPORT,6012,Fama Maturity Portfolios - > 6 and <= 12 Month,30/04/2021,9.6339481698581E-05
2000029,BONDMATPORT,6012,Fama Maturity Portfolios - > 6 and <= 12 Month,28/05/2021,2.0210193972405E-04
2000029,BONDMATPORT,6012,Fama Maturity Portfolios - > 6 and <= 12 Month,30/06/2021,-1.2179705684404E-04
2000029,BONDMATPORT,6012,Fama Maturity Portfolios - > 6 and <= 12 Month,30/07/2021,1.4187401573743E-04
2000029,BONDMATPORT,6012,Fama Maturity Portfolios - > 6 and <= 12 Month,31/08/2021,7.5558044022227E-05
2000029,BONDMATPORT,6012,Fama Maturity Portfolios - > 6 and <= 12 Month,30/09/2021,3.2274482503915E-05
2000029,BONDMATPORT,6012,Fama Maturity Portfolios - > 6 and <= 12 Month,29/10/2021,-2.0536082118081E-04
2000029,BONDMATPORT,6012,Fama Maturity Portfolios - > 6 and <= 12 Month,30/11/2021,-1.2700683770817E-04
2000029,BONDMATPORT,6012,Fama Maturity Portfolios - > 6 and <= 12 Month,31/12/2021,-6.2257161598792E-04
2000029,BONDMATPORT,6012,Fama Maturity Portfolios - > 6 and <= 12 Month,31/01/2022,-1.7483545461290E-03
2000029,BONDMATPORT,6012,Fama Maturity Portfolios - > 6 and <= 12 Month,28/02/2022,-9.6846066714010E-04
2000029,BONDMATPORT,6012,Fama Maturity Portfolios - > 6 and <= 12 Month,31/03/2022,-2.5343105939777E-03
2000029,BONDMATPORT,6012,Fama Maturity Portfolios - > 6 and <= 12 Month,29/04/2022,-9.2085139564811E-04
2000029,BONDMATPORT,6012,Fama Maturity Portfolios - > 6 and <= 12 Month,31/05/2022,2.0923042291922E-03
2000029,BONDMATPORT,6012,Fama Maturity Portfolios - > 6 and <= 12 Month,30/06/2022,-3.9157064018932E-03
2000029,BONDMATPORT,6012,Fama Maturity Portfolios - > 6 and <= 12 Month,29/07/2022,1.2002810104032E-03
2000029,BONDMATPORT,6012,Fama Maturity Portfolios - > 6 and <= 12 Month,31/08/2022,-4.4645414039843E-04
2000029,BONDMATPORT,6012,Fama Maturity Portfolios - > 6 and <= 12 Month,30/09/2022,-2.4767861389119E-03
2000029,BONDMATPORT,6012,Fama Maturity Portfolios - > 6 and <= 12 Month,31/10/2022,5.5257871700603E-04
2000029,BONDMATPORT,6012,Fama Maturity Portfolios - > 6 and <= 12 Month,30/11/2022,2.8808172930883E-03
2000029,BONDMATPORT,6012,Fama Maturity Portfolios - > 6 and <= 12 Month,30/12/2022,4.0689459691848E-03
2000029,BONDMATPORT,6012,Fama Maturity Portfolios - > 6 and <= 12 Month,31/01/2023,3.5714086297935E-03
2000029,BONDMATPORT,6012,Fama Maturity Portfolios - > 6 and <= 12 Month,28/02/2023,1.2503814580353E-03
2000029,BONDMATPORT,6012,Fama Maturity Portfolios - > 6 and <= 12 Month,31/03/2023,7.4216910868172E-03
2000029,BONDMATPORT,6012,Fama Maturity Portfolios - > 6 and <= 12 Month,28/04/2023,2.3832744031934E-03
2000029,BONDMATPORT,6012,Fama Maturity Portfolios - > 6 and <= 12 Month,31/05/2023,1.1993353171559E-03
2000029,BONDMATPORT,6012,Fama Maturity Portfolios - > 6 and <= 12 Month,30/06/2023,3.3325131162741E-03
2000029,BONDMATPORT,6012,Fama Maturity Portfolios - > 6 and <= 12 Month,31/07/2023,4.7526221141808E-03
2000029,BONDMATPORT,6012,Fama Maturity Portfolios - > 6 and <= 12 Month,31/08/2023,4.1946886332404E-03
2000029,BONDMATPORT,6012,Fama Maturity Portfolios - > 6 and <= 12 Month,29/09/2023,3.8730459821989E-03
2000029,BONDMATPORT,6012,Fama Maturity Portfolios - > 6 and <= 12 Month,31/10/2023,4.5359129680555E-03
2000029,BONDMATPORT,6012,Fama Maturity Portfolios - > 6 and <= 12 Month,30/11/2023,6.0432149592699E-03
2000029,BONDMATPORT,6012,Fama Maturity Portfolios - > 6 and <= 12 Month,29/12/2023,6.3414448943774E-03
2000029,BONDMATPORT,6012,Fama Maturity Portfolios - > 6 and <= 12 Month,31/01/2024,4.0932898045526E-03
2000029,BONDMATPORT,6012,Fama Maturity Portfolios - > 6 and <= 12 Month,29/02/2024,1.8885195524539E-03
2000029,BONDMATPORT,6012,Fama Maturity Portfolios - > 6 and <= 12 Month,28/03/2024,3.4422864452057E-03
2000029,BONDMATPORT,6012,Fama Maturity Portfolios - > 6 and <= 12 Month,30/04/2024,3.2241510712022E-03
2000029,BONDMATPORT,6012,Fama Maturity Portfolios - > 6 and <= 12 Month,31/05/2024,4.7859586761524E-03
2000029,BONDMATPORT,6012,Fama Maturity Portfolios - > 6 and <= 12 Month,28/06/2024,3.9818588486922E-03
2000029,BONDMATPORT,6012,Fama Maturity Portfolios - > 6 and <= 12 Month,31/07/2024,6.5784285003790E-03
2000029,BONDMATPORT,6012,Fama Maturity Portfolios - > 6 and <= 12 Month,30/08/2024,6.3061502344312E-03
2000029,BONDMATPORT,6012,Fama Maturity Portfolios - > 6 and <= 12 Month,30/09/2024,6.1024518352233E-03
2000029,BONDMATPORT,6012,Fama Maturity Portfolios - > 6 and <= 12 Month,31/10/2024,1.1813955592225E-03
2000029,BONDMATPORT,6012,Fama Maturity Portfolios - > 6 and <= 12 Month,29/11/2024,3.1704956482228E-03
2000029,BONDMATPORT,6012,Fama Maturity Portfolios - > 6 and <= 12 Month,31/12/2024,4.8124905800698E-03
2000029,BONDMATPORT,6012,Fama Maturity Portfolios - > 6 and <= 12 Month,31/01/2025,3.3955779005097E-03
2000029,BONDMATPORT,6012,Fama Maturity Portfolios - > 6 and <= 12 Month,28/02/2025,3.7261565532315E-03
2000029,BONDMATPORT,6012,Fama Maturity Portfolios - > 6 and <= 12 Month,31/03/2025,3.8168568632601E-03
2000029,BONDMATPORT,6012,Fama Maturity Portfolios - > 6 and <= 12 Month,30/04/2025,3.9511701146471E-03
2000029,BONDMATPORT,6012,Fama Maturity Portfolios - > 6 and <= 12 Month,30/05/2025,1.5173838490401E-03
2000029,BONDMATPORT,6012,Fama Maturity Portfolios - > 6 and <= 12 Month,30/06/2025,4.0399165854514E-03
2000029,BONDMATPORT,6012,Fama Maturity Portfolios - > 6 and <= 12 Month,31/07/2025,2.3665613287417E-03
2000029,BONDMATPORT,6012,Fama Maturity Portfolios - > 6 and <= 12 Month,29/08/2025,5.3850066404973E-03
2000029,BONDMATPORT,6012,Fama Maturity Portfolios - > 6 and <= 12 Month,30/09/2025,4.2445911776441E-03
2000029,BONDMATPORT,6012,Fama Maturity Portfolios - > 6 and <= 12 Month,31/10/2025,3.1061902225792E-03
2000029,BONDMATPORT,6012,Fama Maturity Portfolios - > 6 and <= 12 Month,28/11/2025,3.2581504433939E-03
2000029,BONDMATPORT,6012,Fama Maturity Portfolios - > 6 and <= 12 Month,31/12/2025,4.0762267902381E-03
2000030,BONDMATPORT,6018,Fama Maturity Portfolios - > 12 and <= 18 Month,31/01/2000,1.6582921747474E-03
2000030,BONDMATPORT,6018,Fama Maturity Portfolios - > 12 and <= 18 Month,29/02/2000,6.0794657741044E-03
2000030,BONDMATPORT,6018,Fama Maturity Portfolios - > 12 and <= 18 Month,31/03/2000,5.3979998205296E-03
2000030,BONDMATPORT,6018,Fama Maturity Portfolios - > 12 and <= 18 Month,28/04/2000,3.0182285091564E-03
2000030,BONDMATPORT,6018,Fama Maturity Portfolios - > 12 and <= 18 Month,31/05/2000,4.7033456268732E-03
2000030,BONDMATPORT,6018,Fama Maturity Portfolios - > 12 and <= 18 Month,30/06/2000,8.5044703414357E-03
2000030,BONDMATPORT,6018,Fama Maturity Portfolios - > 12 and <= 18 Month,31/07/2000,5.8428015160639E-03
2000030,BONDMATPORT,6018,Fama Maturity Portfolios - > 12 and <= 18 Month,31/08/2000,6.5671241960253E-03
2000030,BONDMATPORT,6018,Fama Maturity Portfolios - > 12 and <= 18 Month,29/09/2000,5.8529982175067E-03
2000030,BONDMATPORT,6018,Fama Maturity Portfolios - > 12 and <= 18 Month,31/10/2000,5.0944928145783E-03
2000030,BONDMATPORT,6018,Fama Maturity Portfolios - > 12 and <= 18 Month,30/11/2000,7.7441123261573E-03
2000030,BONDMATPORT,6018,Fama Maturity Portfolios - > 12 and <= 18 Month,29/12/2000,1.0519195101745E-02
2000030,BONDMATPORT,6018,Fama Maturity Portfolios - > 12 and <= 18 Month,31/01/2001,1.2609266353500E-02
2000030,BONDMATPORT,6018,Fama Maturity Portfolios - > 12 and <= 18 Month,28/02/2001,5.5032815946589E-03
2000030,BONDMATPORT,6018,Fama Maturity Portfolios - > 12 and <= 18 Month,30/03/2001,7.5328335454303E-03
2000030,BONDMATPORT,6018,Fama Maturity Portfolios - > 12 and <= 18 Month,30/04/2001,4.2096897519818E-03
2000030,BONDMATPORT,6018,Fama Maturity Portfolios - > 12 and <= 18 Month,31/05/2001,6.2033710008300E-03
2000030,BONDMATPORT,6018,Fama Maturity Portfolios - > 12 and <= 18 Month,29/06/2001,2.4839245100817E-03
2000030,BONDMATPORT,6018,Fama Maturity Portfolios - > 12 and <= 18 Month,31/07/2001,9.0305270651499E-03
2000030,BONDMATPORT,6018,Fama Maturity Portfolios - > 12 and <= 18 Month,31/08/2001,5.3197838363672E-03
2000030,BONDMATPORT,6018,Fama Maturity Portfolios - > 12 and <= 18 Month,28/09/2001,1.2628599051143E-02
2000030,BONDMATPORT,6018,Fama Maturity Portfolios - > 12 and <= 18 Month,31/10/2001,9.1895633296465E-03
2000030,BONDMATPORT,6018,Fama Maturity Portfolios - > 12 and <= 18 Month,30/11/2001,-4.0262236525741E-04
2000030,BONDMATPORT,6018,Fama Maturity Portfolios - > 12 and <= 18 Month,31/12/2001,2.3175894790169E-03
2000030,BONDMATPORT,6018,Fama Maturity Portfolios - > 12 and <= 18 Month,31/01/2002,9.7306831552861E-04
2000030,BONDMATPORT,6018,Fama Maturity Portfolios - > 12 and <= 18 Month,28/02/2002,3.7665946249175E-03
2000030,BONDMATPORT,6018,Fama Maturity Portfolios - > 12 and <= 18 Month,28/03/2002,-4.3099911124258E-03
2000030,BONDMATPORT,6018,Fama Maturity Portfolios - > 12 and <= 18 Month,30/04/2002,9.3078088682935E-03
2000030,BONDMATPORT,6018,Fama Maturity Portfolios - > 12 and <= 18 Month,31/05/2002,2.8956545272517E-03
2000030,BONDMATPORT,6018,Fama Maturity Portfolios - > 12 and <= 18 Month,28/06/2002,6.4320171624442E-03
2000030,BONDMATPORT,6018,Fama Maturity Portfolios - > 12 and <= 18 Month,31/07/2002,7.9671552508514E-03
2000030,BONDMATPORT,6018,Fama Maturity Portfolios - > 12 and <= 18 Month,30/08/2002,1.9900233715601E-03
2000030,BONDMATPORT,6018,Fama Maturity Portfolios - > 12 and <= 18 Month,30/09/2002,5.0318454605983E-03
2000030,BONDMATPORT,6018,Fama Maturity Portfolios - > 12 and <= 18 Month,31/10/2002,2.3828853796876E-03
2000030,BONDMATPORT,6018,Fama Maturity Portfolios - > 12 and <= 18 Month,29/11/2002,-1.2846383553612E-03
2000030,BONDMATPORT,6018,Fama Maturity Portfolios - > 12 and <= 18 Month,31/12/2002,6.6657085659801E-03
2000030,BONDMATPORT,6018,Fama Maturity Portfolios - > 12 and <= 18 Month,31/01/2003,2.6942050292803E-04
2000030,BONDMATPORT,6018,Fama Maturity Portfolios - > 12 and <= 18 Month,28/02/2003,2.6761424608217E-03
2000030,BONDMATPORT,6018,Fama Maturity Portfolios - > 12 and <= 18 Month,31/03/2003,1.9311033611763E-03
2000030,BONDMATPORT,6018,Fama Maturity Portfolios - > 12 and <= 18 Month,30/04/2003,1.3493648614023E-03
2000030,BONDMATPORT,6018,Fama Maturity Portfolios - > 12 and <= 18 Month,30/05/2003,1.6233458821739E-03
2000030,BONDMATPORT,6018,Fama Maturity Portfolios - > 12 and <= 18 Month,30/06/2003,2.3468474962248E-03
2000030,BONDMATPORT,6018,Fama Maturity Portfolios - > 12 and <= 18 Month,31/07/2003,-1.7261785659050E-03
2000030,BONDMATPORT,6018,Fama Maturity Portfolios - > 12 and <= 18 Month,29/08/2003,3.4378470255810E-04
2000030,BONDMATPORT,6018,Fama Maturity Portfolios - > 12 and <= 18 Month,30/09/2003,5.6824128937392E-03
2000030,BONDMATPORT,6018,Fama Maturity Portfolios - > 12 and <= 18 Month,31/10/2003,-1.8586324342653E-03
2000030,BONDMATPORT,6018,Fama Maturity Portfolios - > 12 and <= 18 Month,28/11/2003,-8.0622476448169E-04
2000030,BONDMATPORT,6018,Fama Maturity Portfolios - > 12 and <= 18 Month,31/12/2003,4.9629605327648E-03
2000030,BONDMATPORT,6018,Fama Maturity Portfolios - > 12 and <= 18 Month,30/01/2004,1.4422835983561E-03
2000030,BONDMATPORT,6018,Fama Maturity Portfolios - > 12 and <= 18 Month,27/02/2004,3.3617433812599E-03
2000030,BONDMATPORT,6018,Fama Maturity Portfolios - > 12 and <= 18 Month,31/03/2004,1.6654315667350E-03
2000030,BONDMATPORT,6018,Fama Maturity Portfolios - > 12 and <= 18 Month,30/04/2004,-5.0566583465998E-03
2000030,BONDMATPORT,6018,Fama Maturity Portfolios - > 12 and <= 18 Month,28/05/2004,-6.7313191125079E-04
2000030,BONDMATPORT,6018,Fama Maturity Portfolios - > 12 and <= 18 Month,30/06/2004,4.2442377356046E-04
2000030,BONDMATPORT,6018,Fama Maturity Portfolios - > 12 and <= 18 Month,30/07/2004,2.1400727310296E-03
2000030,BONDMATPORT,6018,Fama Maturity Portfolios - > 12 and <= 18 Month,31/08/2004,5.2329108092931E-03
2000030,BONDMATPORT,6018,Fama Maturity Portfolios - > 12 and <= 18 Month,30/09/2004,-1.0481455013707E-03
2000030,BONDMATPORT,6018,Fama Maturity Portfolios - > 12 and <= 18 Month,29/10/2004,2.1471037341441E-03
2000030,BONDMATPORT,6018,Fama Maturity Portfolios - > 12 and <= 18 Month,30/11/2004,-3.3232947170515E-03
2000030,BONDMATPORT,6018,Fama Maturity Portfolios - > 12 and <= 18 Month,31/12/2004,1.5799393696761E-03
2000030,BONDMATPORT,6018,Fama Maturity Portfolios - > 12 and <= 18 Month,31/01/2005,2.8599902571914E-04
2000030,BONDMATPORT,6018,Fama Maturity Portfolios - > 12 and <= 18 Month,28/02/2005,-1.2080782954817E-03
2000030,BONDMATPORT,6018,Fama Maturity Portfolios - > 12 and <= 18 Month,31/03/2005,2.0314757975766E-03
2000030,BONDMATPORT,6018,Fama Maturity Portfolios - > 12 and <= 18 Month,29/04/2005,3.3529952484000E-03
2000030,BONDMATPORT,6018,Fama Maturity Portfolios - > 12 and <= 18 Month,31/05/2005,3.5098095640934E-03
2000030,BONDMATPORT,6018,Fama Maturity Portfolios - > 12 and <= 18 Month,30/06/2005,1.9390644557413E-03
2000030,BONDMATPORT,6018,Fama Maturity Portfolios - > 12 and <= 18 Month,29/07/2005,-1.4779493752559E-03
2000030,BONDMATPORT,6018,Fama Maturity Portfolios - > 12 and <= 18 Month,31/08/2005,5.4330634678507E-03
2000030,BONDMATPORT,6018,Fama Maturity Portfolios - > 12 and <= 18 Month,30/09/2005,-1.0283250568677E-03
2000030,BONDMATPORT,6018,Fama Maturity Portfolios - > 12 and <= 18 Month,31/10/2005,7.5934495186021E-04
2000030,BONDMATPORT,6018,Fama Maturity Portfolios - > 12 and <= 18 Month,30/11/2005,3.0550091235684E-03
2000030,BONDMATPORT,6018,Fama Maturity Portfolios - > 12 and <= 18 Month,30/12/2005,3.6100654833129E-03
2000030,BONDMATPORT,6018,Fama Maturity Portfolios - > 12 and <= 18 Month,31/01/2006,1.9986115438866E-03
2000030,BONDMATPORT,6018,Fama Maturity Portfolios - > 12 and <= 18 Month,28/02/2006,1.5285512179132E-03
2000030,BONDMATPORT,6018,Fama Maturity Portfolios - > 12 and <= 18 Month,31/03/2006,2.2207204204449E-03
2000030,BONDMATPORT,6018,Fama Maturity Portfolios - > 12 and <= 18 Month,28/04/2006,3.1979206423642E-03
2000030,BONDMATPORT,6018,Fama Maturity Portfolios - > 12 and <= 18 Month,31/05/2006,1.3446055207701E-03
2000030,BONDMATPORT,6018,Fama Maturity Portfolios - > 12 and <= 18 Month,30/06/2006,3.1832116237772E-03
2000030,BONDMATPORT,6018,Fama Maturity Portfolios - > 12 and <= 18 Month,31/07/2006,6.1433573148157E-03
2000030,BONDMATPORT,6018,Fama Maturity Portfolios - > 12 and <= 18 Month,31/08/2006,5.8597457086933E-03
2000030,BONDMATPORT,6018,Fama Maturity Portfolios - > 12 and <= 18 Month,29/09/2006,4.5590997643411E-03
2000030,BONDMATPORT,6018,Fama Maturity Portfolios - > 12 and <= 18 Month,31/10/2006,3.9163962129879E-03
2000030,BONDMATPORT,6018,Fama Maturity Portfolios - > 12 and <= 18 Month,30/11/2006,4.5177904068589E-03
2000030,BONDMATPORT,6018,Fama Maturity Portfolios - > 12 and <= 18 Month,29/12/2006,1.2020788261942E-03
2000030,BONDMATPORT,6018,Fama Maturity Portfolios - > 12 and <= 18 Month,31/01/2007,3.6149960309960E-03
2000030,BONDMATPORT,6018,Fama Maturity Portfolios - > 12 and <= 18 Month,28/02/2007,6.0685725585016E-03
2000030,BONDMATPORT,6018,Fama Maturity Portfolios - > 12 and <= 18 Month,30/03/2007,3.5210962325316E-03
2000030,BONDMATPORT,6018,Fama Maturity Portfolios - > 12 and <= 18 Month,30/04/2007,3.5977041510361E-03
2000030,BONDMATPORT,6018,Fama Maturity Portfolios - > 12 and <= 18 Month,31/05/2007,1.0541449113692E-03
2000030,BONDMATPORT,6018,Fama Maturity Portfolios - > 12 and <= 18 Month,29/06/2007,4.6640790734208E-03
2000030,BONDMATPORT,6018,Fama Maturity Portfolios - > 12 and <= 18 Month,31/07/2007,7.2492130756697E-03
2000030,BONDMATPORT,6018,Fama Maturity Portfolios - > 12 and <= 18 Month,31/08/2007,8.6551165374520E-03
2000030,BONDMATPORT,6018,Fama Maturity Portfolios - > 12 and <= 18 Month,28/09/2007,5.9478000938113E-03
2000030,BONDMATPORT,6018,Fama Maturity Portfolios - > 12 and <= 18 Month,31/10/2007,3.5167737364430E-03
2000030,BONDMATPORT,6018,Fama Maturity Portfolios - > 12 and <= 18 Month,30/11/2007,1.4301506784530E-02
2000030,BONDMATPORT,6018,Fama Maturity Portfolios - > 12 and <= 18 Month,31/12/2007,2.0966371526783E-03
2000030,BONDMATPORT,6018,Fama Maturity Portfolios - > 12 and <= 18 Month,31/01/2008,1.5027579538220E-02
2000030,BONDMATPORT,6018,Fama Maturity Portfolios - > 12 and <= 18 Month,29/02/2008,7.7313528654629E-03
2000030,BONDMATPORT,6018,Fama Maturity Portfolios - > 12 and <= 18 Month,31/03/2008,2.1792452245613E-03
2000030,BONDMATPORT,6018,Fama Maturity Portfolios - > 12 and <= 18 Month,30/04/2008,-5.1869542793494E-03
2000030,BONDMATPORT,6018,Fama Maturity Portfolios - > 12 and <= 18 Month,30/05/2008,-1.8959491795804E-03
2000030,BONDMATPORT,6018,Fama Maturity Portfolios - > 12 and <= 18 Month,30/06/2008,2.7859918428158E-03
2000030,BONDMATPORT,6018,Fama Maturity Portfolios - > 12 and <= 18 Month,31/07/2008,3.1733465720007E-03
2000030,BONDMATPORT,6018,Fama Maturity Portfolios - > 12 and <= 18 Month,29/08/2008,2.8539358076948E-03
2000030,BONDMATPORT,6018,Fama Maturity Portfolios - > 12 and <= 18 Month,30/09/2008,5.8245227292720E-03
2000030,BONDMATPORT,6018,Fama Maturity Portfolios - > 12 and <= 18 Month,31/10/2008,6.0849036892998E-03
2000030,BONDMATPORT,6018,Fama Maturity Portfolios - > 12 and <= 18 Month,28/11/2008,1.0046281464008E-02
2000030,BONDMATPORT,6018,Fama Maturity Portfolios - > 12 and <= 18 Month,31/12/2008,4.6144960688979E-03
2000030,BONDMATPORT,6018,Fama Maturity Portfolios - > 12 and <= 18 Month,30/01/2009,-1.9549617268138E-03
2000030,BONDMATPORT,6018,Fama Maturity Portfolios - > 12 and <= 18 Month,27/02/2009,-7.8251770808331E-04
2000030,BONDMATPORT,6018,Fama Maturity Portfolios - > 12 and <= 18 Month,31/03/2009,2.3001403811067E-03
2000030,BONDMATPORT,6018,Fama Maturity Portfolios - > 12 and <= 18 Month,30/04/2009,3.0643739244065E-04
2000030,BONDMATPORT,6018,Fama Maturity Portfolios - > 12 and <= 18 Month,29/05/2009,9.8438162835453E-04
2000030,BONDMATPORT,6018,Fama Maturity Portfolios - > 12 and <= 18 Month,30/06/2009,3.5944600896643E-04
2000030,BONDMATPORT,6018,Fama Maturity Portfolios - > 12 and <= 18 Month,31/07/2009,1.5393682198264E-04
2000030,BONDMATPORT,6018,Fama Maturity Portfolios - > 12 and <= 18 Month,31/08/2009,3.4744489281800E-03
2000030,BONDMATPORT,6018,Fama Maturity Portfolios - > 12 and <= 18 Month,30/09/2009,1.1317520824147E-03
2000030,BONDMATPORT,6018,Fama Maturity Portfolios - > 12 and <= 18 Month,30/10/2009,1.4409854517910E-03
2000030,BONDMATPORT,6018,Fama Maturity Portfolios - > 12 and <= 18 Month,30/11/2009,1.8875150339582E-03
2000030,BONDMATPORT,6018,Fama Maturity Portfolios - > 12 and <= 18 Month,31/12/2009,-3.8277972791808E-03
2000030,BONDMATPORT,6018,Fama Maturity Portfolios - > 12 and <= 18 Month,29/01/2010,5.3471626921227E-03
2000030,BONDMATPORT,6018,Fama Maturity Portfolios - > 12 and <= 18 Month,26/02/2010,5.1128029685643E-04
2000030,BONDMATPORT,6018,Fama Maturity Portfolios - > 12 and <= 18 Month,31/03/2010,-8.7618566534097E-04
2000030,BONDMATPORT,6018,Fama Maturity Portfolios - > 12 and <= 18 Month,30/04/2010,8.0846435438828E-04
2000030,BONDMATPORT,6018,Fama Maturity Portfolios - > 12 and <= 18 Month,28/05/2010,1.1441236694540E-03
2000030,BONDMATPORT,6018,Fama Maturity Portfolios - > 12 and <= 18 Month,30/06/2010,2.0993459978811E-03
2000030,BONDMATPORT,6018,Fama Maturity Portfolios - > 12 and <= 18 Month,30/07/2010,1.0835081649818E-03
2000030,BONDMATPORT,6018,Fama Maturity Portfolios - > 12 and <= 18 Month,31/08/2010,1.1456572216522E-03
2000030,BONDMATPORT,6018,Fama Maturity Portfolios - > 12 and <= 18 Month,30/09/2010,8.5499372073406E-04
2000030,BONDMATPORT,6018,Fama Maturity Portfolios - > 12 and <= 18 Month,29/10/2010,8.5140067104098E-04
2000030,BONDMATPORT,6018,Fama Maturity Portfolios - > 12 and <= 18 Month,30/11/2010,-6.1440599154067E-04
2000030,BONDMATPORT,6018,Fama Maturity Portfolios - > 12 and <= 18 Month,31/12/2010,-1.2899313991637E-04
2000030,BONDMATPORT,6018,Fama Maturity Portfolios - > 12 and <= 18 Month,31/01/2011,7.7737542042554E-04
2000030,BONDMATPORT,6018,Fama Maturity Portfolios - > 12 and <= 18 Month,28/02/2011,2.9317546312877E-04
2000030,BONDMATPORT,6018,Fama Maturity Portfolios - > 12 and <= 18 Month,31/03/2011,-6.2126654416586E-04
2000030,BONDMATPORT,6018,Fama Maturity Portfolios - > 12 and <= 18 Month,29/04/2011,2.4948568367480E-03
2000030,BONDMATPORT,6018,Fama Maturity Portfolios - > 12 and <= 18 Month,31/05/2011,1.1505221535051E-03
2000030,BONDMATPORT,6018,Fama Maturity Portfolios - > 12 and <= 18 Month,30/06/2011,2.0180497597953E-04
2000030,BONDMATPORT,6018,Fama Maturity Portfolios - > 12 and <= 18 Month,29/07/2011,1.5900568872322E-04
2000030,BONDMATPORT,6018,Fama Maturity Portfolios - > 12 and <= 18 Month,31/08/2011,1.9833633340484E-03
2000030,BONDMATPORT,6018,Fama Maturity Portfolios - > 12 and <= 18 Month,30/09/2011,-5.1581379394923E-04
2000030,BONDMATPORT,6018,Fama Maturity Portfolios - > 12 and <= 18 Month,31/10/2011,5.2276926360781E-04
2000030,BONDMATPORT,6018,Fama Maturity Portfolios - > 12 and <= 18 Month,30/11/2011,3.2541501622767E-04
2000030,BONDMATPORT,6018,Fama Maturity Portfolios - > 12 and <= 18 Month,30/12/2011,8.4247468813854E-05
2000030,BONDMATPORT,6018,Fama Maturity Portfolios - > 12 and <= 18 Month,31/01/2012,5.5576549172008E-04
2000030,BONDMATPORT,6018,Fama Maturity Portfolios - > 12 and <= 18 Month,29/02/2012,-6.9474395126559E-04
2000030,BONDMATPORT,6018,Fama Maturity Portfolios - > 12 and <= 18 Month,30/03/2012,-2.7759895763805E-04
2000030,BONDMATPORT,6018,Fama Maturity Portfolios - > 12 and <= 18 Month,30/04/2012,8.7861904477737E-04
2000030,BONDMATPORT,6018,Fama Maturity Portfolios - > 12 and <= 18 Month,31/05/2012,1.6644367585102E-04
2000030,BONDMATPORT,6018,Fama Maturity Portfolios - > 12 and <= 18 Month,29/06/2012,-2.9256743704295E-04
2000030,BONDMATPORT,6018,Fama Maturity Portfolios - > 12 and <= 18 Month,31/07/2012,1.3563918470964E-03
2000030,BONDMATPORT,6018,Fama Maturity Portfolios - > 12 and <= 18 Month,31/08/2012,-2.8122979111603E-05
2000030,BONDMATPORT,6018,Fama Maturity Portfolios - > 12 and <= 18 Month,28/09/2012,1.7920581783621E-04
2000030,BONDMATPORT,6018,Fama Maturity Portfolios - > 12 and <= 18 Month,31/10/2012,-3.0784101681369E-05
2000030,BONDMATPORT,6018,Fama Maturity Portfolios - > 12 and <= 18 Month,30/11/2012,3.5774456235012E-04
2000030,BONDMATPORT,6018,Fama Maturity Portfolios - > 12 and <= 18 Month,31/12/2012,4.9252058810152E-04
2000030,BONDMATPORT,6018,Fama Maturity Portfolios - > 12 and <= 18 Month,31/01/2013,3.8383032135684E-04
2000030,BONDMATPORT,6018,Fama Maturity Portfolios - > 12 and <= 18 Month,28/02/2013,2.9176598242896E-04
2000030,BONDMATPORT,6018,Fama Maturity Portfolios - > 12 and <= 18 Month,28/03/2013,1.2731932551483E-04
2000030,BONDMATPORT,6018,Fama Maturity Portfolios - > 12 and <= 18 Month,30/04/2013,7.5953183046184E-04
2000030,BONDMATPORT,6018,Fama Maturity Portfolios - > 12 and <= 18 Month,31/05/2013,-1.4016924699856E-04
2000030,BONDMATPORT,6018,Fama Maturity Portfolios - > 12 and <= 18 Month,28/06/2013,-4.8821360693655E-05
2000030,BONDMATPORT,6018,Fama Maturity Portfolios - > 12 and <= 18 Month,31/07/2013,8.1479029149309E-04
2000030,BONDMATPORT,6018,Fama Maturity Portfolios - > 12 and <= 18 Month,30/08/2013,-2.2694759034002E-04
2000030,BONDMATPORT,6018,Fama Maturity Portfolios - > 12 and <= 18 Month,30/09/2013,1.1662512798107E-03
2000030,BONDMATPORT,6018,Fama Maturity Portfolios - > 12 and <= 18 Month,31/10/2013,1.3450210898406E-04
2000030,BONDMATPORT,6018,Fama Maturity Portfolios - > 12 and <= 18 Month,29/11/2013,1.8627438563469E-04
2000030,BONDMATPORT,6018,Fama Maturity Portfolios - > 12 and <= 18 Month,31/12/2013,2.4181519861472E-04
2000030,BONDMATPORT,6018,Fama Maturity Portfolios - > 12 and <= 18 Month,31/01/2014,6.2317030206596E-04
2000030,BONDMATPORT,6018,Fama Maturity Portfolios - > 12 and <= 18 Month,28/02/2014,3.7094494838933E-04
2000030,BONDMATPORT,6018,Fama Maturity Portfolios - > 12 and <= 18 Month,31/03/2014,2.3668383961036E-04
2000030,BONDMATPORT,6018,Fama Maturity Portfolios - > 12 and <= 18 Month,30/04/2014,5.1576131068392E-04
2000030,BONDMATPORT,6018,Fama Maturity Portfolios - > 12 and <= 18 Month,30/05/2014,3.0949406894674E-04
2000030,BONDMATPORT,6018,Fama Maturity Portfolios - > 12 and <= 18 Month,30/06/2014,1.0163415968239E-04
2000030,BONDMATPORT,6018,Fama Maturity Portfolios - > 12 and <= 18 Month,31/07/2014,7.7272766800009E-05
2000030,BONDMATPORT,6018,Fama Maturity Portfolios - > 12 and <= 18 Month,29/08/2014,3.9396279550307E-04
2000030,BONDMATPORT,6018,Fama Maturity Portfolios - > 12 and <= 18 Month,30/09/2014,3.6246333373883E-04
2000030,BONDMATPORT,6018,Fama Maturity Portfolios - > 12 and <= 18 Month,31/10/2014,6.5787640948944E-04
2000030,BONDMATPORT,6018,Fama Maturity Portfolios - > 12 and <= 18 Month,28/11/2014,7.3734838149997E-04
2000030,BONDMATPORT,6018,Fama Maturity Portfolios - > 12 and <= 18 Month,31/12/2014,-1.7680463060828E-03
2000030,BONDMATPORT,6018,Fama Maturity Portfolios - > 12 and <= 18 Month,30/01/2015,2.3444230929570E-03
2000030,BONDMATPORT,6018,Fama Maturity Portfolios - > 12 and <= 18 Month,27/02/2015,-1.0035064912526E-03
2000030,BONDMATPORT,6018,Fama Maturity Portfolios - > 12 and <= 18 Month,31/03/2015,7.1821717935448E-04
2000030,BONDMATPORT,6018,Fama Maturity Portfolios - > 12 and <= 18 Month,30/04/2015,6.8886868683109E-04
2000030,BONDMATPORT,6018,Fama Maturity Portfolios - > 12 and <= 18 Month,29/05/2015,2.4630808621057E-04
2000030,BONDMATPORT,6018,Fama Maturity Portfolios - > 12 and <= 18 Month,30/06/2015,4.3195286220169E-04
2000030,BONDMATPORT,6018,Fama Maturity Portfolios - > 12 and <= 18 Month,31/07/2015,3.3387768554242E-04
2000030,BONDMATPORT,6018,Fama Maturity Portfolios - > 12 and <= 18 Month,31/08/2015,-3.7331468160982E-04
2000030,BONDMATPORT,6018,Fama Maturity Portfolios - > 12 and <= 18 Month,30/09/2015,1.7232732003372E-03
2000030,BONDMATPORT,6018,Fama Maturity Portfolios - > 12 and <= 18 Month,30/10/2015,-5.4617693522267E-04
2000030,BONDMATPORT,6018,Fama Maturity Portfolios - > 12 and <= 18 Month,30/11/2015,-2.0835876063168E-03
2000030,BONDMATPORT,6018,Fama Maturity Portfolios - > 12 and <= 18 Month,31/12/2015,-4.4253158278565E-04
2000030,BONDMATPORT,6018,Fama Maturity Portfolios - > 12 and <= 18 Month,29/01/2016,3.1019047415344E-03
2000030,BONDMATPORT,6018,Fama Maturity Portfolios - > 12 and <= 18 Month,29/02/2016,5.4149736940363E-04
2000030,BONDMATPORT,6018,Fama Maturity Portfolios - > 12 and <= 18 Month,31/03/2016,1.3556555180350E-03
2000030,BONDMATPORT,6018,Fama Maturity Portfolios - > 12 and <= 18 Month,29/04/2016,7.0913040280513E-04
2000030,BONDMATPORT,6018,Fama Maturity Portfolios - > 12 and <= 18 Month,31/05/2016,-5.7380569755982E-04
2000030,BONDMATPORT,6018,Fama Maturity Portfolios - > 12 and <= 18 Month,30/06/2016,3.6627471610541E-03
2000030,BONDMATPORT,6018,Fama Maturity Portfolios - > 12 and <= 18 Month,29/07/2016,-3.7269494516761E-04
2000030,BONDMATPORT,6018,Fama Maturity Portfolios - > 12 and <= 18 Month,31/08/2016,-8.6912706068924E-04
2000030,BONDMATPORT,6018,Fama Maturity Portfolios - > 12 and <= 18 Month,30/09/2016,1.0590254436283E-03
2000030,BONDMATPORT,6018,Fama Maturity Portfolios - > 12 and <= 18 Month,31/10/2016,2.1779916897340E-04
2000030,BONDMATPORT,6018,Fama Maturity Portfolios - > 12 and <= 18 Month,30/11/2016,-1.9203819004018E-03
2000030,BONDMATPORT,6018,Fama Maturity Portfolios - > 12 and <= 18 Month,30/12/2016,7.6176418235251E-04
2000030,BONDMATPORT,6018,Fama Maturity Portfolios - > 12 and <= 18 Month,31/01/2017,1.6268559668044E-03
2000030,BONDMATPORT,6018,Fama Maturity Portfolios - > 12 and <= 18 Month,28/02/2017,1.0479760751097E-04
2000030,BONDMATPORT,6018,Fama Maturity Portfolios - > 12 and <= 18 Month,31/03/2017,-1.0527190292215E-04
2000030,BONDMATPORT,6018,Fama Maturity Portfolios - > 12 and <= 18 Month,28/04/2017,5.1718186744736E-04
2000030,BONDMATPORT,6018,Fama Maturity Portfolios - > 12 and <= 18 Month,31/05/2017,7.4409565862379E-04
2000030,BONDMATPORT,6018,Fama Maturity Portfolios - > 12 and <= 18 Month,30/06/2017,-1.5706168253751E-04
2000030,BONDMATPORT,6018,Fama Maturity Portfolios - > 12 and <= 18 Month,31/07/2017,1.6085249113424E-03
2000030,BONDMATPORT,6018,Fama Maturity Portfolios - > 12 and <= 18 Month,31/08/2017,1.3623112422684E-03
2000030,BONDMATPORT,6018,Fama Maturity Portfolios - > 12 and <= 18 Month,29/09/2017,-4.5675383373478E-04
2000030,BONDMATPORT,6018,Fama Maturity Portfolios - > 12 and <= 18 Month,31/10/2017,5.1657318781250E-07
2000030,BONDMATPORT,6018,Fama Maturity Portfolios - > 12 and <= 18 Month,30/11/2017,-1.1456599370724E-03
2000030,BONDMATPORT,6018,Fama Maturity Portfolios - > 12 and <= 18 Month,29/12/2017,-8.2267842590015E-07
2000030,BONDMATPORT,6018,Fama Maturity Portfolios - > 12 and <= 18 Month,31/01/2018,-2.6106319638568E-04
2000030,BONDMATPORT,6018,Fama Maturity Portfolios - > 12 and <= 18 Month,28/02/2018,1.4224061390179E-04
2000030,BONDMATPORT,6018,Fama Maturity Portfolios - > 12 and <= 18 Month,29/03/2018,1.3793902159519E-03
2000030,BONDMATPORT,6018,Fama Maturity Portfolios - > 12 and <= 18 Month,30/04/2018,-8.1370083979895E-05
2000030,BONDMATPORT,6018,Fama Maturity Portfolios - > 12 and <= 18 Month,31/05/2018,2.6146734173913E-03
2000030,BONDMATPORT,6018,Fama Maturity Portfolios - > 12 and <= 18 Month,29/06/2018,9.4564365573380E-04
2000030,BONDMATPORT,6018,Fama Maturity Portfolios - > 12 and <= 18 Month,31/07/2018,1.0257271881254E-03
2000030,BONDMATPORT,6018,Fama Maturity Portfolios - > 12 and <= 18 Month,31/08/2018,2.6369693379402E-03
2000030,BONDMATPORT,6018,Fama Maturity Portfolios - > 12 and <= 18 Month,28/09/2018,-1.2138137848704E-04
2000030,BONDMATPORT,6018,Fama Maturity Portfolios - > 12 and <= 18 Month,31/10/2018,1.7621403359663E-03
2000030,BONDMATPORT,6018,Fama Maturity Portfolios - > 12 and <= 18 Month,30/11/2018,2.7395971033055E-03
2000030,BONDMATPORT,6018,Fama Maturity Portfolios - > 12 and <= 18 Month,31/12/2018,4.6685911767428E-03
2000030,BONDMATPORT,6018,Fama Maturity Portfolios - > 12 and <= 18 Month,31/01/2019,2.6142877454143E-03
2000030,BONDMATPORT,6018,Fama Maturity Portfolios - > 12 and <= 18 Month,28/02/2019,1.6040860328498E-03
2000030,BONDMATPORT,6018,Fama Maturity Portfolios - > 12 and <= 18 Month,29/03/2019,4.1581525357382E-03
2000030,BONDMATPORT,6018,Fama Maturity Portfolios - > 12 and <= 18 Month,30/04/2019,2.1437310701642E-03
2000030,BONDMATPORT,6018,Fama Maturity Portfolios - > 12 and <= 18 Month,31/05/2019,4.4963455392151E-03
2000030,BONDMATPORT,6018,Fama Maturity Portfolios - > 12 and <= 18 Month,28/06/2019,4.1616335909823E-03
2000030,BONDMATPORT,6018,Fama Maturity Portfolios - > 12 and <= 18 Month,31/07/2019,3.9302640078500E-04
2000030,BONDMATPORT,6018,Fama Maturity Portfolios - > 12 and <= 18 Month,30/08/2019,4.6909127815077E-03
2000030,BONDMATPORT,6018,Fama Maturity Portfolios - > 12 and <= 18 Month,30/09/2019,3.1886785223778E-04
2000030,BONDMATPORT,6018,Fama Maturity Portfolios - > 12 and <= 18 Month,31/10/2019,3.5369026531499E-03
2000030,BONDMATPORT,6018,Fama Maturity Portfolios - > 12 and <= 18 Month,29/11/2019,1.7510513126693E-04
2000030,BONDMATPORT,6018,Fama Maturity Portfolios - > 12 and <= 18 Month,31/12/2019,2.2936329575718E-03
2000030,BONDMATPORT,6018,Fama Maturity Portfolios - > 12 and <= 18 Month,31/01/2020,3.3590073186574E-03
2000030,BONDMATPORT,6018,Fama Maturity Portfolios - > 12 and <= 18 Month,28/02/2020,5.7926491649376E-03
2000030,BONDMATPORT,6018,Fama Maturity Portfolios - > 12 and <= 18 Month,31/03/2020,1.1314140714227E-02
2000030,BONDMATPORT,6018,Fama Maturity Portfolios - > 12 and <= 18 Month,30/04/2020,3.2437767471990E-04
2000030,BONDMATPORT,6018,Fama Maturity Portfolios - > 12 and <= 18 Month,29/05/2020,5.8081720423681E-05
2000030,BONDMATPORT,6018,Fama Maturity Portfolios - > 12 and <= 18 Month,30/06/2020,4.1059214186568E-04
2000030,BONDMATPORT,6018,Fama Maturity Portfolios - > 12 and <= 18 Month,31/07/2020,2.9484936218649E-04
2000030,BONDMATPORT,6018,Fama Maturity Portfolios - > 12 and <= 18 Month,31/08/2020,2.4269591015504E-04
2000030,BONDMATPORT,6018,Fama Maturity Portfolios - > 12 and <= 18 Month,30/09/2020,2.3252031793861E-04
2000030,BONDMATPORT,6018,Fama Maturity Portfolios - > 12 and <= 18 Month,30/10/2020,-1.3092666246195E-04
2000030,BONDMATPORT,6018,Fama Maturity Portfolios - > 12 and <= 18 Month,30/11/2020,3.9330741722426E-04
2000030,BONDMATPORT,6018,Fama Maturity Portfolios - > 12 and <= 18 Month,31/12/2020,4.4178282124108E-04
2000030,BONDMATPORT,6018,Fama Maturity Portfolios - > 12 and <= 18 Month,29/01/2021,1.6577287316054E-04
2000030,BONDMATPORT,6018,Fama Maturity Portfolios - > 12 and <= 18 Month,26/02/2021,-1.9976573183973E-04
2000030,BONDMATPORT,6018,Fama Maturity Portfolios - > 12 and <= 18 Month,31/03/2021,5.2392299013940E-04
2000030,BONDMATPORT,6018,Fama Maturity Portfolios - > 12 and <= 18 Month,30/04/2021,1.2692228104403E-04
2000030,BONDMATPORT,6018,Fama Maturity Portfolios - > 12 and <= 18 Month,28/05/2021,3.4554557212004E-04
2000030,BONDMATPORT,6018,Fama Maturity Portfolios - > 12 and <= 18 Month,30/06/2021,-4.5378256777139E-04
2000030,BONDMATPORT,6018,Fama Maturity Portfolios - > 12 and <= 18 Month,30/07/2021,6.7068387866729E-04
2000030,BONDMATPORT,6018,Fama Maturity Portfolios - > 12 and <= 18 Month,31/08/2021,-7.8574918696508E-05
2000030,BONDMATPORT,6018,Fama Maturity Portfolios - > 12 and <= 18 Month,30/09/2021,2.0696340063601E-04
2000030,BONDMATPORT,6018,Fama Maturity Portfolios - > 12 and <= 18 Month,29/10/2021,-1.2435453843260E-03
2000030,BONDMATPORT,6018,Fama Maturity Portfolios - > 12 and <= 18 Month,30/11/2021,-2.3700144578869E-04
2000030,BONDMATPORT,6018,Fama Maturity Portfolios - > 12 and <= 18 Month,31/12/2021,-1.5117824792791E-03
2000030,BONDMATPORT,6018,Fama Maturity Portfolios - > 12 and <= 18 Month,31/01/2022,-4.2481031797513E-03
2000030,BONDMATPORT,6018,Fama Maturity Portfolios - > 12 and <= 18 Month,28/02/2022,-2.3073604149804E-03
2000030,BONDMATPORT,6018,Fama Maturity Portfolios - > 12 and <= 18 Month,31/03/2022,-7.3001034521466E-03
2000030,BONDMATPORT,6018,Fama Maturity Portfolios - > 12 and <= 18 Month,29/04/2022,-2.2716237040013E-03
2000030,BONDMATPORT,6018,Fama Maturity Portfolios - > 12 and <= 18 Month,31/05/2022,3.8736280872452E-03
2000030,BONDMATPORT,6018,Fama Maturity Portfolios - > 12 and <= 18 Month,30/06/2022,-6.1446707783132E-03
2000030,BONDMATPORT,6018,Fama Maturity Portfolios - > 12 and <= 18 Month,29/07/2022,2.0853915766962E-03
2000030,BONDMATPORT,6018,Fama Maturity Portfolios - > 12 and <= 18 Month,31/08/2022,-3.7210535612171E-03
2000030,BONDMATPORT,6018,Fama Maturity Portfolios - > 12 and <= 18 Month,30/09/2022,-7.1843475966204E-03
2000030,BONDMATPORT,6018,Fama Maturity Portfolios - > 12 and <= 18 Month,31/10/2022,2.9079323888441E-04
2000030,BONDMATPORT,6018,Fama Maturity Portfolios - > 12 and <= 18 Month,30/11/2022,3.8067486471310E-03
2000030,BONDMATPORT,6018,Fama Maturity Portfolios - > 12 and <= 18 Month,30/12/2022,2.8497780191281E-03
2000030,BONDMATPORT,6018,Fama Maturity Portfolios - > 12 and <= 18 Month,31/01/2023,4.4219376321842E-03
2000030,BONDMATPORT,6018,Fama Maturity Portfolios - > 12 and <= 18 Month,28/02/2023,-2.5916968778474E-03
2000030,BONDMATPORT,6018,Fama Maturity Portfolios - > 12 and <= 18 Month,31/03/2023,1.2149274067162E-02
2000030,BONDMATPORT,6018,Fama Maturity Portfolios - > 12 and <= 18 Month,28/04/2023,1.4783684382664E-03
2000030,BONDMATPORT,6018,Fama Maturity Portfolios - > 12 and <= 18 Month,31/05/2023,-1.7911550036298E-03
2000030,BONDMATPORT,6018,Fama Maturity Portfolios - > 12 and <= 18 Month,30/06/2023,-9.8761657683637E-04
2000030,BONDMATPORT,6018,Fama Maturity Portfolios - > 12 and <= 18 Month,31/07/2023,4.4183031163582E-03
2000030,BONDMATPORT,6018,Fama Maturity Portfolios - > 12 and <= 18 Month,31/08/2023,4.4332283079096E-03
2000030,BONDMATPORT,6018,Fama Maturity Portfolios - > 12 and <= 18 Month,29/09/2023,2.5717132129921E-03
2000030,BONDMATPORT,6018,Fama Maturity Portfolios - > 12 and <= 18 Month,31/10/2023,4.1095948571438E-03
2000030,BONDMATPORT,6018,Fama Maturity Portfolios - > 12 and <= 18 Month,30/11/2023,7.8965478708357E-03
2000030,BONDMATPORT,6018,Fama Maturity Portfolios - > 12 and <= 18 Month,29/12/2023,8.2727990084429E-03
2000030,BONDMATPORT,6018,Fama Maturity Portfolios - > 12 and <= 18 Month,31/01/2024,3.9474461840795E-03
2000030,BONDMATPORT,6018,Fama Maturity Portfolios - > 12 and <= 18 Month,29/02/2024,-1.0216811078513E-03
2000030,BONDMATPORT,6018,Fama Maturity Portfolios - > 12 and <= 18 Month,28/03/2024,3.1777054283073E-03
2000030,BONDMATPORT,6018,Fama Maturity Portfolios - > 12 and <= 18 Month,30/04/2024,5.5002743377398E-04
2000030,BONDMATPORT,6018,Fama Maturity Portfolios - > 12 and <= 18 Month,31/05/2024,5.4015895232038E-03
2000030,BONDMATPORT,6018,Fama Maturity Portfolios - > 12 and <= 18 Month,28/06/2024,4.3540128003272E-03
2000030,BONDMATPORT,6018,Fama Maturity Portfolios - > 12 and <= 18 Month,31/07/2024,8.8049801144840E-03
2000030,BONDMATPORT,6018,Fama Maturity Portfolios - > 12 and <= 18 Month,30/08/2024,8.0475511876625E-03
2000030,BONDMATPORT,6018,Fama Maturity Portfolios - > 12 and <= 18 Month,30/09/2024,7.5270669998273E-03
2000030,BONDMATPORT,6018,Fama Maturity Portfolios - > 12 and <= 18 Month,31/10/2024,-2.2293858426581E-03
2000030,BONDMATPORT,6018,Fama Maturity Portfolios - > 12 and <= 18 Month,29/11/2024,2.9274043543268E-03
2000030,BONDMATPORT,6018,Fama Maturity Portfolios - > 12 and <= 18 Month,31/12/2024,3.9904845799650E-03
2000030,BONDMATPORT,6018,Fama Maturity Portfolios - > 12 and <= 18 Month,31/01/2025,3.8368845739312E-03
2000030,BONDMATPORT,6018,Fama Maturity Portfolios - > 12 and <= 18 Month,28/02/2025,4.9747163667890E-03
2000030,BONDMATPORT,6018,Fama Maturity Portfolios - > 12 and <= 18 Month,31/03/2025,4.0524283618598E-03
2000030,BONDMATPORT,6018,Fama Maturity Portfolios - > 12 and <= 18 Month,30/04/2025,5.4072233118629E-03
2000030,BONDMATPORT,6018,Fama Maturity Portfolios - > 12 and <= 18 Month,30/05/2025,-4.9733600265516E-04
2000030,BONDMATPORT,6018,Fama Maturity Portfolios - > 12 and <= 18 Month,30/06/2025,4.9058523013630E-03
2000030,BONDMATPORT,6018,Fama Maturity Portfolios - > 12 and <= 18 Month,31/07/2025,6.5870006124145E-04
2000030,BONDMATPORT,6018,Fama Maturity Portfolios - > 12 and <= 18 Month,29/08/2025,6.7407604278064E-03
2000030,BONDMATPORT,6018,Fama Maturity Portfolios - > 12 and <= 18 Month,30/09/2025,4.0291160906643E-03
2000030,BONDMATPORT,6018,Fama Maturity Portfolios - > 12 and <= 18 Month,31/10/2025,3.0702985756150E-03
2000030,BONDMATPORT,6018,Fama Maturity Portfolios - > 12 and <= 18 Month,28/11/2025,3.6676327365845E-03
2000030,BONDMATPORT,6018,Fama Maturity Portfolios - > 12 and <= 18 Month,31/12/2025,4.0956071768730E-03
2000031,BONDMATPORT,6024,Fama Maturity Portfolios - > 18 and <= 24 Month,31/01/2000,-4.9136379759715E-04
2000031,BONDMATPORT,6024,Fama Maturity Portfolios - > 18 and <= 24 Month,29/02/2000,6.4625001073133E-03
2000031,BONDMATPORT,6024,Fama Maturity Portfolios - > 18 and <= 24 Month,31/03/2000,6.1240928676040E-03
2000031,BONDMATPORT,6024,Fama Maturity Portfolios - > 18 and <= 24 Month,28/04/2000,1.8107899595928E-03
2000031,BONDMATPORT,6024,Fama Maturity Portfolios - > 18 and <= 24 Month,31/05/2000,5.1007194106404E-03
2000031,BONDMATPORT,6024,Fama Maturity Portfolios - > 18 and <= 24 Month,30/06/2000,1.0049647030190E-02
2000031,BONDMATPORT,6024,Fama Maturity Portfolios - > 18 and <= 24 Month,31/07/2000,6.2664923982378E-03
2000031,BONDMATPORT,6024,Fama Maturity Portfolios - > 18 and <= 24 Month,31/08/2000,7.3843695058297E-03
2000031,BONDMATPORT,6024,Fama Maturity Portfolios - > 18 and <= 24 Month,29/09/2000,7.0909395881228E-03
2000031,BONDMATPORT,6024,Fama Maturity Portfolios - > 18 and <= 24 Month,31/10/2000,5.5120153858974E-03
2000031,BONDMATPORT,6024,Fama Maturity Portfolios - > 18 and <= 24 Month,30/11/2000,9.0418400865265E-03
2000031,BONDMATPORT,6024,Fama Maturity Portfolios - > 18 and <= 24 Month,29/12/2000,1.1951227739337E-02
2000031,BONDMATPORT,6024,Fama Maturity Portfolios - > 18 and <= 24 Month,31/01/2001,1.3245087011947E-02
2000031,BONDMATPORT,6024,Fama Maturity Portfolios - > 18 and <= 24 Month,28/02/2001,6.4241612051112E-03
2000031,BONDMATPORT,6024,Fama Maturity Portfolios - > 18 and <= 24 Month,30/03/2001,7.3239725480961E-03
2000031,BONDMATPORT,6024,Fama Maturity Portfolios - > 18 and <= 24 Month,30/04/2001,3.0302747174266E-03
2000031,BONDMATPORT,6024,Fama Maturity Portfolios - > 18 and <= 24 Month,31/05/2001,5.8352542446551E-03
2000031,BONDMATPORT,6024,Fama Maturity Portfolios - > 18 and <= 24 Month,29/06/2001,2.7560316402759E-03
2000031,BONDMATPORT,6024,Fama Maturity Portfolios - > 18 and <= 24 Month,31/07/2001,1.1483013900223E-02
2000031,BONDMATPORT,6024,Fama Maturity Portfolios - > 18 and <= 24 Month,31/08/2001,6.6410578320954E-03
2000031,BONDMATPORT,6024,Fama Maturity Portfolios - > 18 and <= 24 Month,28/09/2001,1.6258989245714E-02
2000031,BONDMATPORT,6024,Fama Maturity Portfolios - > 18 and <= 24 Month,31/10/2001,1.0856467273512E-02
2000031,BONDMATPORT,6024,Fama Maturity Portfolios - > 18 and <= 24 Month,30/11/2001,-4.0984907240798E-03
2000031,BONDMATPORT,6024,Fama Maturity Portfolios - > 18 and <= 24 Month,31/12/2001,1.1989573344663E-03
2000031,BONDMATPORT,6024,Fama Maturity Portfolios - > 18 and <= 24 Month,31/01/2002,1.9811500682222E-03
2000031,BONDMATPORT,6024,Fama Maturity Portfolios - > 18 and <= 24 Month,28/02/2002,5.0907150905670E-03
2000031,BONDMATPORT,6024,Fama Maturity Portfolios - > 18 and <= 24 Month,28/03/2002,-7.4284746880903E-03
2000031,BONDMATPORT,6024,Fama Maturity Portfolios - > 18 and <= 24 Month,30/04/2002,1.2220827593050E-02
2000031,BONDMATPORT,6024,Fama Maturity Portfolios - > 18 and <= 24 Month,31/05/2002,4.0575835255083E-03
2000031,BONDMATPORT,6024,Fama Maturity Portfolios - > 18 and <= 24 Month,28/06/2002,8.7374786681984E-03
2000031,BONDMATPORT,6024,Fama Maturity Portfolios - > 18 and <= 24 Month,31/07/2002,1.3365888658690E-02
2000031,BONDMATPORT,6024,Fama Maturity Portfolios - > 18 and <= 24 Month,30/08/2002,3.4965907424575E-03
2000031,BONDMATPORT,6024,Fama Maturity Portfolios - > 18 and <= 24 Month,30/09/2002,8.6696052817832E-03
2000031,BONDMATPORT,6024,Fama Maturity Portfolios - > 18 and <= 24 Month,31/10/2002,2.2042246905030E-03
2000031,BONDMATPORT,6024,Fama Maturity Portfolios - > 18 and <= 24 Month,29/11/2002,-4.7891785355556E-03
2000031,BONDMATPORT,6024,Fama Maturity Portfolios - > 18 and <= 24 Month,31/12/2002,1.1236333983226E-02
2000031,BONDMATPORT,6024,Fama Maturity Portfolios - > 18 and <= 24 Month,31/01/2003,6.7929386705779E-06
2000031,BONDMATPORT,6024,Fama Maturity Portfolios - > 18 and <= 24 Month,28/02/2003,4.6248455942695E-03
2000031,BONDMATPORT,6024,Fama Maturity Portfolios - > 18 and <= 24 Month,31/03/2003,1.8985988121100E-03
2000031,BONDMATPORT,6024,Fama Maturity Portfolios - > 18 and <= 24 Month,30/04/2003,2.0299156165923E-03
2000031,BONDMATPORT,6024,Fama Maturity Portfolios - > 18 and <= 24 Month,30/05/2003,3.8105224714169E-03
2000031,BONDMATPORT,6024,Fama Maturity Portfolios - > 18 and <= 24 Month,30/06/2003,2.1668735321641E-03
2000031,BONDMATPORT,6024,Fama Maturity Portfolios - > 18 and <= 24 Month,31/07/2003,-4.9586107656739E-03
2000031,BONDMATPORT,6024,Fama Maturity Portfolios - > 18 and <= 24 Month,29/08/2003,-1.0966556045299E-03
2000031,BONDMATPORT,6024,Fama Maturity Portfolios - > 18 and <= 24 Month,30/09/2003,1.0336099517421E-02
2000031,BONDMATPORT,6024,Fama Maturity Portfolios - > 18 and <= 24 Month,31/10/2003,-4.0388856514975E-03
2000031,BONDMATPORT,6024,Fama Maturity Portfolios - > 18 and <= 24 Month,28/11/2003,-1.3441257993840E-03
2000031,BONDMATPORT,6024,Fama Maturity Portfolios - > 18 and <= 24 Month,31/12/2003,6.4464968232580E-03
2000031,BONDMATPORT,6024,Fama Maturity Portfolios - > 18 and <= 24 Month,30/01/2004,2.2294925453192E-03
2000031,BONDMATPORT,6024,Fama Maturity Portfolios - > 18 and <= 24 Month,27/02/2004,4.9071059353743E-03
2000031,BONDMATPORT,6024,Fama Maturity Portfolios - > 18 and <= 24 Month,31/03/2004,2.8745638614508E-03
2000031,BONDMATPORT,6024,Fama Maturity Portfolios - > 18 and <= 24 Month,30/04/2004,-9.5322388308617E-03
2000031,BONDMATPORT,6024,Fama Maturity Portfolios - > 18 and <= 24 Month,28/05/2004,-1.1850296498981E-03
2000031,BONDMATPORT,6024,Fama Maturity Portfolios - > 18 and <= 24 Month,30/06/2004,7.3454879374847E-04
2000031,BONDMATPORT,6024,Fama Maturity Portfolios - > 18 and <= 24 Month,30/07/2004,2.7619682181363E-03
2000031,BONDMATPORT,6024,Fama Maturity Portfolios - > 18 and <= 24 Month,31/08/2004,7.7641912001794E-03
2000031,BONDMATPORT,6024,Fama Maturity Portfolios - > 18 and <= 24 Month,30/09/2004,-1.3275749941285E-03
2000031,BONDMATPORT,6024,Fama Maturity Portfolios - > 18 and <= 24 Month,29/10/2004,3.1050355032770E-03
2000031,BONDMATPORT,6024,Fama Maturity Portfolios - > 18 and <= 24 Month,30/11/2004,-5.2134571605153E-03
2000031,BONDMATPORT,6024,Fama Maturity Portfolios - > 18 and <= 24 Month,31/12/2004,1.6198927240001E-03
2000031,BONDMATPORT,6024,Fama Maturity Portfolios - > 18 and <= 24 Month,31/01/2005,-6.6048827820732E-04
2000031,BONDMATPORT,6024,Fama Maturity Portfolios - > 18 and <= 24 Month,28/02/2005,-2.5448909729658E-03
2000031,BONDMATPORT,6024,Fama Maturity Portfolios - > 18 and <= 24 Month,31/03/2005,2.7808041629769E-04
2000031,BONDMATPORT,6024,Fama Maturity Portfolios - > 18 and <= 24 Month,29/04/2005,5.3010366265039E-03
2000031,BONDMATPORT,6024,Fama Maturity Portfolios - > 18 and <= 24 Month,31/05/2005,4.4389657464128E-03
2000031,BONDMATPORT,6024,Fama Maturity Portfolios - > 18 and <= 24 Month,30/06/2005,1.8319337582490E-03
2000031,BONDMATPORT,6024,Fama Maturity Portfolios - > 18 and <= 24 Month,29/07/2005,-3.1443291230175E-03
2000031,BONDMATPORT,6024,Fama Maturity Portfolios - > 18 and <= 24 Month,31/08/2005,6.8608475568470E-03
2000031,BONDMATPORT,6024,Fama Maturity Portfolios - > 18 and <= 24 Month,30/09/2005,-2.7196273058321E-03
2000031,BONDMATPORT,6024,Fama Maturity Portfolios - > 18 and <= 24 Month,31/10/2005,-1.1374330029222E-04
2000031,BONDMATPORT,6024,Fama Maturity Portfolios - > 18 and <= 24 Month,30/11/2005,3.2165177728768E-03
2000031,BONDMATPORT,6024,Fama Maturity Portfolios - > 18 and <= 24 Month,30/12/2005,3.7671942346496E-03
2000031,BONDMATPORT,6024,Fama Maturity Portfolios - > 18 and <= 24 Month,31/01/2006,1.6010482666268E-03
2000031,BONDMATPORT,6024,Fama Maturity Portfolios - > 18 and <= 24 Month,28/02/2006,6.6749769866008E-04
2000031,BONDMATPORT,6024,Fama Maturity Portfolios - > 18 and <= 24 Month,31/03/2006,1.4489019911930E-03
2000031,BONDMATPORT,6024,Fama Maturity Portfolios - > 18 and <= 24 Month,28/04/2006,3.0434959725027E-03
2000031,BONDMATPORT,6024,Fama Maturity Portfolios - > 18 and <= 24 Month,31/05/2006,1.4791366637428E-03
2000031,BONDMATPORT,6024,Fama Maturity Portfolios - > 18 and <= 24 Month,30/06/2006,1.8219501943826E-03
2000031,BONDMATPORT,6024,Fama Maturity Portfolios - > 18 and <= 24 Month,31/07/2006,7.1486856258389E-03
2000031,BONDMATPORT,6024,Fama Maturity Portfolios - > 18 and <= 24 Month,31/08/2006,6.9288216858372E-03
2000031,BONDMATPORT,6024,Fama Maturity Portfolios - > 18 and <= 24 Month,29/09/2006,4.9553256925016E-03
2000031,BONDMATPORT,6024,Fama Maturity Portfolios - > 18 and <= 24 Month,31/10/2006,3.8738348006488E-03
2000031,BONDMATPORT,6024,Fama Maturity Portfolios - > 18 and <= 24 Month,30/11/2006,5.0438081090550E-03
2000031,BONDMATPORT,6024,Fama Maturity Portfolios - > 18 and <= 24 Month,29/12/2006,6.4441724251977E-05
2000031,BONDMATPORT,6024,Fama Maturity Portfolios - > 18 and <= 24 Month,31/01/2007,2.4264746256304E-03
2000031,BONDMATPORT,6024,Fama Maturity Portfolios - > 18 and <= 24 Month,28/02/2007,7.7792876181493E-03
2000031,BONDMATPORT,6024,Fama Maturity Portfolios - > 18 and <= 24 Month,30/03/2007,3.9560155592754E-03
2000031,BONDMATPORT,6024,Fama Maturity Portfolios - > 18 and <= 24 Month,30/04/2007,3.5654296520219E-03
2000031,BONDMATPORT,6024,Fama Maturity Portfolios - > 18 and <= 24 Month,31/05/2007,-1.2219720946644E-03
2000031,BONDMATPORT,6024,Fama Maturity Portfolios - > 18 and <= 24 Month,29/06/2007,4.4869117839767E-03
2000031,BONDMATPORT,6024,Fama Maturity Portfolios - > 18 and <= 24 Month,31/07/2007,9.3183973472392E-03
2000031,BONDMATPORT,6024,Fama Maturity Portfolios - > 18 and <= 24 Month,31/08/2007,9.5578889180286E-03
2000031,BONDMATPORT,6024,Fama Maturity Portfolios - > 18 and <= 24 Month,28/09/2007,6.7251276366864E-03
2000031,BONDMATPORT,6024,Fama Maturity Portfolios - > 18 and <= 24 Month,31/10/2007,4.0091628777016E-03
2000031,BONDMATPORT,6024,Fama Maturity Portfolios - > 18 and <= 24 Month,30/11/2007,1.8417966641885E-02
2000031,BONDMATPORT,6024,Fama Maturity Portfolios - > 18 and <= 24 Month,31/12/2007,2.2272198932565E-03
2000031,BONDMATPORT,6024,Fama Maturity Portfolios - > 18 and <= 24 Month,31/01/2008,1.8730010297998E-02
2000031,BONDMATPORT,6024,Fama Maturity Portfolios - > 18 and <= 24 Month,29/02/2008,9.7827224727997E-03
2000031,BONDMATPORT,6024,Fama Maturity Portfolios - > 18 and <= 24 Month,31/03/2008,2.4383225309713E-03
2000031,BONDMATPORT,6024,Fama Maturity Portfolios - > 18 and <= 24 Month,30/04/2008,-9.3459815816974E-03
2000031,BONDMATPORT,6024,Fama Maturity Portfolios - > 18 and <= 24 Month,30/05/2008,-3.9443190367118E-03
2000031,BONDMATPORT,6024,Fama Maturity Portfolios - > 18 and <= 24 Month,30/06/2008,3.7728602994181E-03
2000031,BONDMATPORT,6024,Fama Maturity Portfolios - > 18 and <= 24 Month,31/07/2008,4.7550910711120E-03
2000031,BONDMATPORT,6024,Fama Maturity Portfolios - > 18 and <= 24 Month,29/08/2008,4.4772619281720E-03
2000031,BONDMATPORT,6024,Fama Maturity Portfolios - > 18 and <= 24 Month,30/09/2008,9.3928886031792E-03
2000031,BONDMATPORT,6024,Fama Maturity Portfolios - > 18 and <= 24 Month,31/10/2008,9.1722440536656E-03
2000031,BONDMATPORT,6024,Fama Maturity Portfolios - > 18 and <= 24 Month,28/11/2008,1.1229126557108E-02
2000031,BONDMATPORT,6024,Fama Maturity Portfolios - > 18 and <= 24 Month,31/12/2008,6.0970192823264E-03
2000031,BONDMATPORT,6024,Fama Maturity Portfolios - > 18 and <= 24 Month,30/01/2009,-2.7708962222798E-03
2000031,BONDMATPORT,6024,Fama Maturity Portfolios - > 18 and <= 24 Month,27/02/2009,-2.0862298515429E-04
2000031,BONDMATPORT,6024,Fama Maturity Portfolios - > 18 and <= 24 Month,31/03/2009,3.6672484391915E-03
2000031,BONDMATPORT,6024,Fama Maturity Portfolios - > 18 and <= 24 Month,30/04/2009,-6.9966743321382E-04
2000031,BONDMATPORT,6024,Fama Maturity Portfolios - > 18 and <= 24 Month,29/05/2009,1.5687757536140E-03
2000031,BONDMATPORT,6024,Fama Maturity Portfolios - > 18 and <= 24 Month,30/06/2009,-1.0314961152386E-03
2000031,BONDMATPORT,6024,Fama Maturity Portfolios - > 18 and <= 24 Month,31/07/2009,1.1395564020191E-03
2000031,BONDMATPORT,6024,Fama Maturity Portfolios - > 18 and <= 24 Month,31/08/2009,4.5547202105064E-03
2000031,BONDMATPORT,6024,Fama Maturity Portfolios - > 18 and <= 24 Month,30/09/2009,2.1820774153616E-03
2000031,BONDMATPORT,6024,Fama Maturity Portfolios - > 18 and <= 24 Month,30/10/2009,2.6388206993445E-03
2000031,BONDMATPORT,6024,Fama Maturity Portfolios - > 18 and <= 24 Month,30/11/2009,4.8696383079752E-03
2000031,BONDMATPORT,6024,Fama Maturity Portfolios - > 18 and <= 24 Month,31/12/2009,-6.7169517484064E-03
2000031,BONDMATPORT,6024,Fama Maturity Portfolios - > 18 and <= 24 Month,29/01/2010,7.1849072301765E-03
2000031,BONDMATPORT,6024,Fama Maturity Portfolios - > 18 and <= 24 Month,26/02/2010,1.1959805430500E-03
2000031,BONDMATPORT,6024,Fama Maturity Portfolios - > 18 and <= 24 Month,31/03/2010,-1.6621736307554E-03
2000031,BONDMATPORT,6024,Fama Maturity Portfolios - > 18 and <= 24 Month,30/04/2010,2.2572772156495E-03
2000031,BONDMATPORT,6024,Fama Maturity Portfolios - > 18 and <= 24 Month,28/05/2010,3.6486696471062E-03
2000031,BONDMATPORT,6024,Fama Maturity Portfolios - > 18 and <= 24 Month,30/06/2010,3.4367578442458E-03
2000031,BONDMATPORT,6024,Fama Maturity Portfolios - > 18 and <= 24 Month,30/07/2010,1.5496719269586E-03
2000031,BONDMATPORT,6024,Fama Maturity Portfolios - > 18 and <= 24 Month,31/08/2010,1.8004799452739E-03
2000031,BONDMATPORT,6024,Fama Maturity Portfolios - > 18 and <= 24 Month,30/09/2010,1.4719139532381E-03
2000031,BONDMATPORT,6024,Fama Maturity Portfolios - > 18 and <= 24 Month,29/10/2010,1.7646676116808E-03
2000031,BONDMATPORT,6024,Fama Maturity Portfolios - > 18 and <= 24 Month,30/11/2010,-1.4989325308696E-03
2000031,BONDMATPORT,6024,Fama Maturity Portfolios - > 18 and <= 24 Month,31/12/2010,-7.9887358814678E-04
2000031,BONDMATPORT,6024,Fama Maturity Portfolios - > 18 and <= 24 Month,31/01/2011,1.3428701019443E-03
2000031,BONDMATPORT,6024,Fama Maturity Portfolios - > 18 and <= 24 Month,28/02/2011,-5.2889209434666E-04
2000031,BONDMATPORT,6024,Fama Maturity Portfolios - > 18 and <= 24 Month,31/03/2011,-1.2884076368439E-03
2000031,BONDMATPORT,6024,Fama Maturity Portfolios - > 18 and <= 24 Month,29/04/2011,4.8544195339955E-03
2000031,BONDMATPORT,6024,Fama Maturity Portfolios - > 18 and <= 24 Month,31/05/2011,2.9325456185905E-03
2000031,BONDMATPORT,6024,Fama Maturity Portfolios - > 18 and <= 24 Month,30/06/2011,2.8877641700569E-04
2000031,BONDMATPORT,6024,Fama Maturity Portfolios - > 18 and <= 24 Month,29/07/2011,1.8470691051461E-03
2000031,BONDMATPORT,6024,Fama Maturity Portfolios - > 18 and <= 24 Month,31/08/2011,2.8826398757988E-03
2000031,BONDMATPORT,6024,Fama Maturity Portfolios - > 18 and <= 24 Month,30/09/2011,-8.2213119886507E-04
2000031,BONDMATPORT,6024,Fama Maturity Portfolios - > 18 and <= 24 Month,31/10/2011,9.9788342120049E-04
2000031,BONDMATPORT,6024,Fama Maturity Portfolios - > 18 and <= 24 Month,30/11/2011,3.1937011950732E-05
2000031,BONDMATPORT,6024,Fama Maturity Portfolios - > 18 and <= 24 Month,30/12/2011,4.2704721820948E-04
2000031,BONDMATPORT,6024,Fama Maturity Portfolios - > 18 and <= 24 Month,31/01/2012,9.7545810915316E-04
2000031,BONDMATPORT,6024,Fama Maturity Portfolios - > 18 and <= 24 Month,29/02/2012,-1.1311326872662E-03
2000031,BONDMATPORT,6024,Fama Maturity Portfolios - > 18 and <= 24 Month,30/03/2012,-4.0615244097236E-04
2000031,BONDMATPORT,6024,Fama Maturity Portfolios - > 18 and <= 24 Month,30/04/2012,1.6243725394510E-03
2000031,BONDMATPORT,6024,Fama Maturity Portfolios - > 18 and <= 24 Month,31/05/2012,1.2747086523227E-04
2000031,BONDMATPORT,6024,Fama Maturity Portfolios - > 18 and <= 24 Month,29/06/2012,-5.4999657923781E-04
2000031,BONDMATPORT,6024,Fama Maturity Portfolios - > 18 and <= 24 Month,31/07/2012,2.0723409198935E-03
2000031,BONDMATPORT,6024,Fama Maturity Portfolios - > 18 and <= 24 Month,31/08/2012,2.5194863801146E-05
2000031,BONDMATPORT,6024,Fama Maturity Portfolios - > 18 and <= 24 Month,28/09/2012,3.5784110785645E-05
2000031,BONDMATPORT,6024,Fama Maturity Portfolios - > 18 and <= 24 Month,31/10/2012,-4.1188092796874E-04
2000031,BONDMATPORT,6024,Fama Maturity Portfolios - > 18 and <= 24 Month,30/11/2012,7.0522821719226E-04
2000031,BONDMATPORT,6024,Fama Maturity Portfolios - > 18 and <= 24 Month,31/12/2012,4.9318101379337E-04
2000031,BONDMATPORT,6024,Fama Maturity Portfolios - > 18 and <= 24 Month,31/01/2013,1.8754852785395E-04
2000031,BONDMATPORT,6024,Fama Maturity Portfolios - > 18 and <= 24 Month,28/02/2013,7.0958086580411E-04
2000031,BONDMATPORT,6024,Fama Maturity Portfolios - > 18 and <= 24 Month,28/03/2013,1.2753653875521E-05
2000031,BONDMATPORT,6024,Fama Maturity Portfolios - > 18 and <= 24 Month,30/04/2013,9.3754190846650E-04
2000031,BONDMATPORT,6024,Fama Maturity Portfolios - > 18 and <= 24 Month,31/05/2013,-7.8262430924649E-04
2000031,BONDMATPORT,6024,Fama Maturity Portfolios - > 18 and <= 24 Month,28/06/2013,-4.5041065343253E-04
2000031,BONDMATPORT,6024,Fama Maturity Portfolios - > 18 and <= 24 Month,31/07/2013,1.4854427368104E-03
2000031,BONDMATPORT,6024,Fama Maturity Portfolios - > 18 and <= 24 Month,30/08/2013,-9.7321497466183E-04
2000031,BONDMATPORT,6024,Fama Maturity Portfolios - > 18 and <= 24 Month,30/09/2013,2.1176403151392E-03
2000031,BONDMATPORT,6024,Fama Maturity Portfolios - > 18 and <= 24 Month,31/10/2013,6.7311732750604E-04
2000031,BONDMATPORT,6024,Fama Maturity Portfolios - > 18 and <= 24 Month,29/11/2013,5.9014540924245E-04
2000031,BONDMATPORT,6024,Fama Maturity Portfolios - > 18 and <= 24 Month,31/12/2013,-5.0214121790029E-04
2000031,BONDMATPORT,6024,Fama Maturity Portfolios - > 18 and <= 24 Month,31/01/2014,1.3768279293870E-03
2000031,BONDMATPORT,6024,Fama Maturity Portfolios - > 18 and <= 24 Month,28/02/2014,7.4882771109975E-04
2000031,BONDMATPORT,6024,Fama Maturity Portfolios - > 18 and <= 24 Month,31/03/2014,-4.0070182196832E-04
2000031,BONDMATPORT,6024,Fama Maturity Portfolios - > 18 and <= 24 Month,30/04/2014,1.0177395352529E-03
2000031,BONDMATPORT,6024,Fama Maturity Portfolios - > 18 and <= 24 Month,30/05/2014,1.2581767002167E-03
2000031,BONDMATPORT,6024,Fama Maturity Portfolios - > 18 and <= 24 Month,30/06/2014,-3.9124687101961E-04
2000031,BONDMATPORT,6024,Fama Maturity Portfolios - > 18 and <= 24 Month,31/07/2014,-9.3428240624235E-05
2000031,BONDMATPORT,6024,Fama Maturity Portfolios - > 18 and <= 24 Month,29/08/2014,9.0218288836129E-04
2000031,BONDMATPORT,6024,Fama Maturity Portfolios - > 18 and <= 24 Month,30/09/2014,2.2303789223105E-04
2000031,BONDMATPORT,6024,Fama Maturity Portfolios - > 18 and <= 24 Month,31/10/2014,1.9476487279324E-03
2000031,BONDMATPORT,6024,Fama Maturity Portfolios - > 18 and <= 24 Month,28/11/2014,1.6087361490301E-03
2000031,BONDMATPORT,6024,Fama Maturity Portfolios - > 18 and <= 24 Month,31/12/2014,-2.4232466617308E-03
2000031,BONDMATPORT,6024,Fama Maturity Portfolios - > 18 and <= 24 Month,30/01/2015,4.2212102998524E-03
2000031,BONDMATPORT,6024,Fama Maturity Portfolios - > 18 and <= 24 Month,27/02/2015,-1.8708235655477E-03
2000031,BONDMATPORT,6024,Fama Maturity Portfolios - > 18 and <= 24 Month,31/03/2015,1.7013002398017E-03
2000031,BONDMATPORT,6024,Fama Maturity Portfolios - > 18 and <= 24 Month,30/04/2015,5.3055146185713E-04
2000031,BONDMATPORT,6024,Fama Maturity Portfolios - > 18 and <= 24 Month,29/05/2015,4.8556088061170E-04
2000031,BONDMATPORT,6024,Fama Maturity Portfolios - > 18 and <= 24 Month,30/06/2015,3.2528384957429E-04
2000031,BONDMATPORT,6024,Fama Maturity Portfolios - > 18 and <= 24 Month,31/07/2015,5.0733939184994E-04
2000031,BONDMATPORT,6024,Fama Maturity Portfolios - > 18 and <= 24 Month,31/08/2015,-4.6173524279590E-04
2000031,BONDMATPORT,6024,Fama Maturity Portfolios - > 18 and <= 24 Month,30/09/2015,2.7532692308465E-03
2000031,BONDMATPORT,6024,Fama Maturity Portfolios - > 18 and <= 24 Month,30/10/2015,-1.0043102879233E-03
2000031,BONDMATPORT,6024,Fama Maturity Portfolios - > 18 and <= 24 Month,30/11/2015,-2.2198714415412E-03
2000031,BONDMATPORT,6024,Fama Maturity Portfolios - > 18 and <= 24 Month,31/12/2015,-1.2880680021611E-03
2000031,BONDMATPORT,6024,Fama Maturity Portfolios - > 18 and <= 24 Month,29/01/2016,5.1054127000406E-03
2000031,BONDMATPORT,6024,Fama Maturity Portfolios - > 18 and <= 24 Month,29/02/2016,9.9023324250318E-04
2000031,BONDMATPORT,6024,Fama Maturity Portfolios - > 18 and <= 24 Month,31/03/2016,1.6352184250024E-03
2000031,BONDMATPORT,6024,Fama Maturity Portfolios - > 18 and <= 24 Month,29/04/2016,1.7584965065136E-04
2000031,BONDMATPORT,6024,Fama Maturity Portfolios - > 18 and <= 24 Month,31/05/2016,-8.1800015116752E-04
2000031,BONDMATPORT,6024,Fama Maturity Portfolios - > 18 and <= 24 Month,30/06/2016,5.6255093218622E-03
2000031,BONDMATPORT,6024,Fama Maturity Portfolios - > 18 and <= 24 Month,29/07/2016,-7.6836768929349E-04
2000031,BONDMATPORT,6024,Fama Maturity Portfolios - > 18 and <= 24 Month,31/08/2016,-1.8714475537112E-03
2000031,BONDMATPORT,6024,Fama Maturity Portfolios - > 18 and <= 24 Month,30/09/2016,1.3717172530742E-03
2000031,BONDMATPORT,6024,Fama Maturity Portfolios - > 18 and <= 24 Month,31/10/2016,-3.6126333869057E-04
2000031,BONDMATPORT,6024,Fama Maturity Portfolios - > 18 and <= 24 Month,30/11/2016,-3.3413846358162E-03
2000031,BONDMATPORT,6024,Fama Maturity Portfolios - > 18 and <= 24 Month,30/12/2016,1.5423555332051E-04
2000031,BONDMATPORT,6024,Fama Maturity Portfolios - > 18 and <= 24 Month,31/01/2017,1.4421016403711E-03
2000031,BONDMATPORT,6024,Fama Maturity Portfolios - > 18 and <= 24 Month,28/02/2017,2.9329117421430E-04
2000031,BONDMATPORT,6024,Fama Maturity Portfolios - > 18 and <= 24 Month,31/03/2017,9.7760716776754E-04
2000031,BONDMATPORT,6024,Fama Maturity Portfolios - > 18 and <= 24 Month,28/04/2017,8.6514683657220E-04
2000031,BONDMATPORT,6024,Fama Maturity Portfolios - > 18 and <= 24 Month,31/05/2017,8.6764247785742E-04
2000031,BONDMATPORT,6024,Fama Maturity Portfolios - > 18 and <= 24 Month,30/06/2017,-5.7676588158810E-04
2000031,BONDMATPORT,6024,Fama Maturity Portfolios - > 18 and <= 24 Month,31/07/2017,1.7733872489737E-03
2000031,BONDMATPORT,6024,Fama Maturity Portfolios - > 18 and <= 24 Month,31/08/2017,1.5960834214078E-03
2000031,BONDMATPORT,6024,Fama Maturity Portfolios - > 18 and <= 24 Month,29/09/2017,-1.3030217068168E-03
2000031,BONDMATPORT,6024,Fama Maturity Portfolios - > 18 and <= 24 Month,31/10/2017,-5.8350226996322E-04
2000031,BONDMATPORT,6024,Fama Maturity Portfolios - > 18 and <= 24 Month,30/11/2017,-1.8493794918161E-03
2000031,BONDMATPORT,6024,Fama Maturity Portfolios - > 18 and <= 24 Month,29/12/2017,-1.0279576298766E-04
2000031,BONDMATPORT,6024,Fama Maturity Portfolios - > 18 and <= 24 Month,31/01/2018,-2.1297172085367E-03
2000031,BONDMATPORT,6024,Fama Maturity Portfolios - > 18 and <= 24 Month,28/02/2018,-3.0486930670894E-04
2000031,BONDMATPORT,6024,Fama Maturity Portfolios - > 18 and <= 24 Month,29/03/2018,1.5763763781807E-03
2000031,BONDMATPORT,6024,Fama Maturity Portfolios - > 18 and <= 24 Month,30/04/2018,-1.3882069140447E-03
2000031,BONDMATPORT,6024,Fama Maturity Portfolios - > 18 and <= 24 Month,31/05/2018,3.1556224169613E-03
2000031,BONDMATPORT,6024,Fama Maturity Portfolios - > 18 and <= 24 Month,29/06/2018,3.0919251961060E-04
2000031,BONDMATPORT,6024,Fama Maturity Portfolios - > 18 and <= 24 Month,31/07/2018,1.4806863964690E-04
2000031,BONDMATPORT,6024,Fama Maturity Portfolios - > 18 and <= 24 Month,31/08/2018,3.1210283413918E-03
2000031,BONDMATPORT,6024,Fama Maturity Portfolios - > 18 and <= 24 Month,28/09/2018,-9.6536047549805E-04
2000031,BONDMATPORT,6024,Fama Maturity Portfolios - > 18 and <= 24 Month,31/10/2018,1.6114136926763E-03
2000031,BONDMATPORT,6024,Fama Maturity Portfolios - > 18 and <= 24 Month,30/11/2018,3.4692454091732E-03
2000031,BONDMATPORT,6024,Fama Maturity Portfolios - > 18 and <= 24 Month,31/12/2018,7.0123978022722E-03
2000031,BONDMATPORT,6024,Fama Maturity Portfolios - > 18 and <= 24 Month,31/01/2019,2.6197252353297E-03
2000031,BONDMATPORT,6024,Fama Maturity Portfolios - > 18 and <= 24 Month,28/02/2019,7.2593097572875E-04
2000031,BONDMATPORT,6024,Fama Maturity Portfolios - > 18 and <= 24 Month,29/03/2019,5.9223383476620E-03
2000031,BONDMATPORT,6024,Fama Maturity Portfolios - > 18 and <= 24 Month,30/04/2019,1.9211262934614E-03
2000031,BONDMATPORT,6024,Fama Maturity Portfolios - > 18 and <= 24 Month,31/05/2019,7.0814996534678E-03
2000031,BONDMATPORT,6024,Fama Maturity Portfolios - > 18 and <= 24 Month,28/06/2019,4.1860606556722E-03
2000031,BONDMATPORT,6024,Fama Maturity Portfolios - > 18 and <= 24 Month,31/07/2019,-3.7745885928546E-04
2000031,BONDMATPORT,6024,Fama Maturity Portfolios - > 18 and <= 24 Month,30/08/2019,7.0067015549950E-03
2000031,BONDMATPORT,6024,Fama Maturity Portfolios - > 18 and <= 24 Month,30/09/2019,-8.6123042908060E-04
2000031,BONDMATPORT,6024,Fama Maturity Portfolios - > 18 and <= 24 Month,31/10/2019,3.1882582103118E-03
2000031,BONDMATPORT,6024,Fama Maturity Portfolios - > 18 and <= 24 Month,29/11/2019,-4.3245201174735E-04
2000031,BONDMATPORT,6024,Fama Maturity Portfolios - > 18 and <= 24 Month,31/12/2019,2.5547424530290E-03
2000031,BONDMATPORT,6024,Fama Maturity Portfolios - > 18 and <= 24 Month,31/01/2020,5.1596811428456E-03
2000031,BONDMATPORT,6024,Fama Maturity Portfolios - > 18 and <= 24 Month,28/02/2020,7.5689316238293E-03
2000031,BONDMATPORT,6024,Fama Maturity Portfolios - > 18 and <= 24 Month,31/03/2020,1.2957902682044E-02
2000031,BONDMATPORT,6024,Fama Maturity Portfolios - > 18 and <= 24 Month,30/04/2020,8.1874426677403E-04
2000031,BONDMATPORT,6024,Fama Maturity Portfolios - > 18 and <= 24 Month,29/05/2020,6.4779080419928E-04
2000031,BONDMATPORT,6024,Fama Maturity Portfolios - > 18 and <= 24 Month,30/06/2020,4.9860942121397E-04
2000031,BONDMATPORT,6024,Fama Maturity Portfolios - > 18 and <= 24 Month,31/07/2020,5.2457434905978E-04
2000031,BONDMATPORT,6024,Fama Maturity Portfolios - > 18 and <= 24 Month,31/08/2020,-1.2015567679281E-04
2000031,BONDMATPORT,6024,Fama Maturity Portfolios - > 18 and <= 24 Month,30/09/2020,2.4642340873587E-04
2000031,BONDMATPORT,6024,Fama Maturity Portfolios - > 18 and <= 24 Month,30/10/2020,-3.8427670147835E-04
2000031,BONDMATPORT,6024,Fama Maturity Portfolios - > 18 and <= 24 Month,30/11/2020,3.2327126474243E-04
2000031,BONDMATPORT,6024,Fama Maturity Portfolios - > 18 and <= 24 Month,31/12/2020,6.5127564159334E-04
2000031,BONDMATPORT,6024,Fama Maturity Portfolios - > 18 and <= 24 Month,29/01/2021,2.1714542042890E-04
2000031,BONDMATPORT,6024,Fama Maturity Portfolios - > 18 and <= 24 Month,26/02/2021,-3.2696826155408E-04
2000031,BONDMATPORT,6024,Fama Maturity Portfolios - > 18 and <= 24 Month,31/03/2021,1.7986921125160E-04
2000031,BONDMATPORT,6024,Fama Maturity Portfolios - > 18 and <= 24 Month,30/04/2021,1.1026768664867E-04
2000031,BONDMATPORT,6024,Fama Maturity Portfolios - > 18 and <= 24 Month,28/05/2021,6.5235346067145E-04
2000031,BONDMATPORT,6024,Fama Maturity Portfolios - > 18 and <= 24 Month,30/06/2021,-1.3213775659611E-03
2000031,BONDMATPORT,6024,Fama Maturity Portfolios - > 18 and <= 24 Month,30/07/2021,1.3967937654271E-03
2000031,BONDMATPORT,6024,Fama Maturity Portfolios - > 18 and <= 24 Month,31/08/2021,-3.0244001667309E-04
2000031,BONDMATPORT,6024,Fama Maturity Portfolios - > 18 and <= 24 Month,30/09/2021,-3.5467115720406E-04
2000031,BONDMATPORT,6024,Fama Maturity Portfolios - > 18 and <= 24 Month,29/10/2021,-2.9755553709485E-03
2000031,BONDMATPORT,6024,Fama Maturity Portfolios - > 18 and <= 24 Month,30/11/2021,-1.9220587657582E-04
2000031,BONDMATPORT,6024,Fama Maturity Portfolios - > 18 and <= 24 Month,31/12/2021,-2.1488154726705E-03
2000031,BONDMATPORT,6024,Fama Maturity Portfolios - > 18 and <= 24 Month,31/01/2022,-6.5337643566999E-03
2000031,BONDMATPORT,6024,Fama Maturity Portfolios - > 18 and <= 24 Month,28/02/2022,-3.7533366310359E-03
2000031,BONDMATPORT,6024,Fama Maturity Portfolios - > 18 and <= 24 Month,31/03/2022,-1.2679785150944E-02
2000031,BONDMATPORT,6024,Fama Maturity Portfolios - > 18 and <= 24 Month,29/04/2022,-3.4656399959970E-03
2000031,BONDMATPORT,6024,Fama Maturity Portfolios - > 18 and <= 24 Month,31/05/2022,5.5974051278815E-03
2000031,BONDMATPORT,6024,Fama Maturity Portfolios - > 18 and <= 24 Month,30/06/2022,-6.1770816529983E-03
2000031,BONDMATPORT,6024,Fama Maturity Portfolios - > 18 and <= 24 Month,29/07/2022,2.7244600598326E-03
2000031,BONDMATPORT,6024,Fama Maturity Portfolios - > 18 and <= 24 Month,31/08/2022,-7.3291372680165E-03
2000031,BONDMATPORT,6024,Fama Maturity Portfolios - > 18 and <= 24 Month,30/09/2022,-1.1425117385956E-02
2000031,BONDMATPORT,6024,Fama Maturity Portfolios - > 18 and <= 24 Month,31/10/2022,-7.1728503096451E-04
2000031,BONDMATPORT,6024,Fama Maturity Portfolios - > 18 and <= 24 Month,30/11/2022,5.7250006309001E-03
2000031,BONDMATPORT,6024,Fama Maturity Portfolios - > 18 and <= 24 Month,30/12/2022,1.4451694581089E-03
2000031,BONDMATPORT,6024,Fama Maturity Portfolios - > 18 and <= 24 Month,31/01/2023,6.2689344111874E-03
2000031,BONDMATPORT,6024,Fama Maturity Portfolios - > 18 and <= 24 Month,28/02/2023,-7.1222156846414E-03
2000031,BONDMATPORT,6024,Fama Maturity Portfolios - > 18 and <= 24 Month,31/03/2023,1.6116315340929E-02
2000031,BONDMATPORT,6024,Fama Maturity Portfolios - > 18 and <= 24 Month,28/04/2023,2.5074593511605E-03
2000031,BONDMATPORT,6024,Fama Maturity Portfolios - > 18 and <= 24 Month,31/05/2023,-4.0166401367591E-03
2000031,BONDMATPORT,6024,Fama Maturity Portfolios - > 18 and <= 24 Month,30/06/2023,-5.0095200560562E-03
2000031,BONDMATPORT,6024,Fama Maturity Portfolios - > 18 and <= 24 Month,31/07/2023,3.7923895518214E-03
2000031,BONDMATPORT,6024,Fama Maturity Portfolios - > 18 and <= 24 Month,31/08/2023,4.5350457441422E-03
2000031,BONDMATPORT,6024,Fama Maturity Portfolios - > 18 and <= 24 Month,29/09/2023,1.2776576889243E-04
2000031,BONDMATPORT,6024,Fama Maturity Portfolios - > 18 and <= 24 Month,31/10/2023,3.6244962153253E-03
2000031,BONDMATPORT,6024,Fama Maturity Portfolios - > 18 and <= 24 Month,30/11/2023,1.0073300526035E-02
2000031,BONDMATPORT,6024,Fama Maturity Portfolios - > 18 and <= 24 Month,29/12/2023,1.0193606713295E-02
2000031,BONDMATPORT,6024,Fama Maturity Portfolios - > 18 and <= 24 Month,31/01/2024,4.4780490284299E-03
2000031,BONDMATPORT,6024,Fama Maturity Portfolios - > 18 and <= 24 Month,29/02/2024,-3.9185956136761E-03
2000031,BONDMATPORT,6024,Fama Maturity Portfolios - > 18 and <= 24 Month,28/03/2024,2.8986874084997E-03
2000031,BONDMATPORT,6024,Fama Maturity Portfolios - > 18 and <= 24 Month,30/04/2024,-2.4498463711790E-03
2000031,BONDMATPORT,6024,Fama Maturity Portfolios - > 18 and <= 24 Month,31/05/2024,6.4007015807904E-03
2000031,BONDMATPORT,6024,Fama Maturity Portfolios - > 18 and <= 24 Month,28/06/2024,5.0789647391019E-03
2000031,BONDMATPORT,6024,Fama Maturity Portfolios - > 18 and <= 24 Month,31/07/2024,1.1445565348842E-02
2000031,BONDMATPORT,6024,Fama Maturity Portfolios - > 18 and <= 24 Month,30/08/2024,9.0405894441291E-03
2000031,BONDMATPORT,6024,Fama Maturity Portfolios - > 18 and <= 24 Month,30/09/2024,8.0271987336786E-03
2000031,BONDMATPORT,6024,Fama Maturity Portfolios - > 18 and <= 24 Month,31/10/2024,-5.3987019441352E-03
2000031,BONDMATPORT,6024,Fama Maturity Portfolios - > 18 and <= 24 Month,29/11/2024,2.8513494815917E-03
2000031,BONDMATPORT,6024,Fama Maturity Portfolios - > 18 and <= 24 Month,31/12/2024,2.6383084090358E-03
2000031,BONDMATPORT,6024,Fama Maturity Portfolios - > 18 and <= 24 Month,31/01/2025,4.2309650907056E-03
2000031,BONDMATPORT,6024,Fama Maturity Portfolios - > 18 and <= 24 Month,28/02/2025,6.4460404681249E-03
2000031,BONDMATPORT,6024,Fama Maturity Portfolios - > 18 and <= 24 Month,31/03/2025,4.5418361782090E-03
2000031,BONDMATPORT,6024,Fama Maturity Portfolios - > 18 and <= 24 Month,30/04/2025,7.5130843636291E-03
2000031,BONDMATPORT,6024,Fama Maturity Portfolios - > 18 and <= 24 Month,30/05/2025,-2.2138517722496E-03
2000031,BONDMATPORT,6024,Fama Maturity Portfolios - > 18 and <= 24 Month,30/06/2025,5.9247032795336E-03
2000031,BONDMATPORT,6024,Fama Maturity Portfolios - > 18 and <= 24 Month,31/07/2025,-5.4581129861396E-04
2000031,BONDMATPORT,6024,Fama Maturity Portfolios - > 18 and <= 24 Month,29/08/2025,8.1186395145401E-03
2000031,BONDMATPORT,6024,Fama Maturity Portfolios - > 18 and <= 24 Month,30/09/2025,3.2882422601337E-03
2000031,BONDMATPORT,6024,Fama Maturity Portfolios - > 18 and <= 24 Month,31/10/2025,3.3301671080383E-03
2000031,BONDMATPORT,6024,Fama Maturity Portfolios - > 18 and <= 24 Month,28/11/2025,4.0463081667551E-03
2000031,BONDMATPORT,6024,Fama Maturity Portfolios - > 18 and <= 24 Month,31/12/2025,3.7913603367316E-03
2000032,BONDMATPORT,6030,Fama Maturity Portfolios - > 24 and <= 30 Month,31/01/2000,-2.4447110116226E-03
2000032,BONDMATPORT,6030,Fama Maturity Portfolios - > 24 and <= 30 Month,29/02/2000,6.9858089976302E-03
2000032,BONDMATPORT,6030,Fama Maturity Portfolios - > 24 and <= 30 Month,31/03/2000,7.0663804499241E-03
2000032,BONDMATPORT,6030,Fama Maturity Portfolios - > 24 and <= 30 Month,28/04/2000,1.2930917738156E-03
2000032,BONDMATPORT,6030,Fama Maturity Portfolios - > 24 and <= 30 Month,31/05/2000,4.8513323611241E-03
2000032,BONDMATPORT,6030,Fama Maturity Portfolios - > 24 and <= 30 Month,30/06/2000,1.1484420701258E-02
2000032,BONDMATPORT,6030,Fama Maturity Portfolios - > 24 and <= 30 Month,31/07/2000,6.5559262126847E-03
2000032,BONDMATPORT,6030,Fama Maturity Portfolios - > 24 and <= 30 Month,31/08/2000,8.9154399555092E-03
2000032,BONDMATPORT,6030,Fama Maturity Portfolios - > 24 and <= 30 Month,29/09/2000,8.3427611266186E-03
2000032,BONDMATPORT,6030,Fama Maturity Portfolios - > 24 and <= 30 Month,31/10/2000,5.7765550696433E-03
2000032,BONDMATPORT,6030,Fama Maturity Portfolios - > 24 and <= 30 Month,30/11/2000,1.0954113701424E-02
2000032,BONDMATPORT,6030,Fama Maturity Portfolios - > 24 and <= 30 Month,29/12/2000,1.4047705156771E-02
2000032,BONDMATPORT,6030,Fama Maturity Portfolios - > 24 and <= 30 Month,31/01/2001,1.3942874969666E-02
2000032,BONDMATPORT,6030,Fama Maturity Portfolios - > 24 and <= 30 Month,28/02/2001,7.7233979090530E-03
2000032,BONDMATPORT,6030,Fama Maturity Portfolios - > 24 and <= 30 Month,30/03/2001,7.6808470666972E-03
2000032,BONDMATPORT,6030,Fama Maturity Portfolios - > 24 and <= 30 Month,30/04/2001,1.7968927503727E-03
2000032,BONDMATPORT,6030,Fama Maturity Portfolios - > 24 and <= 30 Month,31/05/2001,5.4288709906640E-03
2000032,BONDMATPORT,6030,Fama Maturity Portfolios - > 24 and <= 30 Month,29/06/2001,2.8881099457530E-03
2000032,BONDMATPORT,6030,Fama Maturity Portfolios - > 24 and <= 30 Month,31/07/2001,1.3642223545099E-02
2000032,BONDMATPORT,6030,Fama Maturity Portfolios - > 24 and <= 30 Month,31/08/2001,8.1088094803167E-03
2000032,BONDMATPORT,6030,Fama Maturity Portfolios - > 24 and <= 30 Month,28/09/2001,1.9984698369898E-02
2000032,BONDMATPORT,6030,Fama Maturity Portfolios - > 24 and <= 30 Month,31/10/2001,1.2665852888167E-02
2000032,BONDMATPORT,6030,Fama Maturity Portfolios - > 24 and <= 30 Month,30/11/2001,-7.2454788226338E-03
2000032,BONDMATPORT,6030,Fama Maturity Portfolios - > 24 and <= 30 Month,31/12/2001,-2.0055189067162E-03
2000032,BONDMATPORT,6030,Fama Maturity Portfolios - > 24 and <= 30 Month,31/01/2002,3.5794663135237E-03
2000032,BONDMATPORT,6030,Fama Maturity Portfolios - > 24 and <= 30 Month,28/02/2002,6.3648845334427E-03
2000032,BONDMATPORT,6030,Fama Maturity Portfolios - > 24 and <= 30 Month,28/03/2002,-1.0629267483647E-02
2000032,BONDMATPORT,6030,Fama Maturity Portfolios - > 24 and <= 30 Month,30/04/2002,1.4154271111046E-02
2000032,BONDMATPORT,6030,Fama Maturity Portfolios - > 24 and <= 30 Month,31/05/2002,5.8582446746862E-03
2000032,BONDMATPORT,6030,Fama Maturity Portfolios - > 24 and <= 30 Month,28/06/2002,9.9462495218975E-03
2000032,BONDMATPORT,6030,Fama Maturity Portfolios - > 24 and <= 30 Month,31/07/2002,1.6504749016295E-02
2000032,BONDMATPORT,6030,Fama Maturity Portfolios - > 24 and <= 30 Month,30/08/2002,6.3763753330100E-03
2000032,BONDMATPORT,6030,Fama Maturity Portfolios - > 24 and <= 30 Month,30/09/2002,1.1233224844216E-02
2000032,BONDMATPORT,6030,Fama Maturity Portfolios - > 24 and <= 30 Month,31/10/2002,1.9982741994650E-03
2000032,BONDMATPORT,6030,Fama Maturity Portfolios - > 24 and <= 30 Month,29/11/2002,-7.4056427340823E-03
2000032,BONDMATPORT,6030,Fama Maturity Portfolios - > 24 and <= 30 Month,31/12/2002,1.3581037872559E-02
2000032,BONDMATPORT,6030,Fama Maturity Portfolios - > 24 and <= 30 Month,31/01/2003,5.8269597418788E-04
2000032,BONDMATPORT,6030,Fama Maturity Portfolios - > 24 and <= 30 Month,28/02/2003,6.5495904975901E-03
2000032,BONDMATPORT,6030,Fama Maturity Portfolios - > 24 and <= 30 Month,31/03/2003,2.5886931029418E-03
2000032,BONDMATPORT,6030,Fama Maturity Portfolios - > 24 and <= 30 Month,30/04/2003,1.9186898452191E-03
2000032,BONDMATPORT,6030,Fama Maturity Portfolios - > 24 and <= 30 Month,30/05/2003,7.0848579228015E-03
2000032,BONDMATPORT,6030,Fama Maturity Portfolios - > 24 and <= 30 Month,30/06/2003,1.9289250746778E-03
2000032,BONDMATPORT,6030,Fama Maturity Portfolios - > 24 and <= 30 Month,31/07/2003,-8.1190229855039E-03
2000032,BONDMATPORT,6030,Fama Maturity Portfolios - > 24 and <= 30 Month,29/08/2003,-2.6761506020948E-03
2000032,BONDMATPORT,6030,Fama Maturity Portfolios - > 24 and <= 30 Month,30/09/2003,1.4151346331046E-02
2000032,BONDMATPORT,6030,Fama Maturity Portfolios - > 24 and <= 30 Month,31/10/2003,-5.5132638686618E-03
2000032,BONDMATPORT,6030,Fama Maturity Portfolios - > 24 and <= 30 Month,28/11/2003,-2.0867001105605E-03
2000032,BONDMATPORT,6030,Fama Maturity Portfolios - > 24 and <= 30 Month,31/12/2003,7.5011142409476E-03
2000032,BONDMATPORT,6030,Fama Maturity Portfolios - > 24 and <= 30 Month,30/01/2004,3.1125150681716E-03
2000032,BONDMATPORT,6030,Fama Maturity Portfolios - > 24 and <= 30 Month,27/02/2004,6.2986060419759E-03
2000032,BONDMATPORT,6030,Fama Maturity Portfolios - > 24 and <= 30 Month,31/03/2004,4.5595774944958E-03
2000032,BONDMATPORT,6030,Fama Maturity Portfolios - > 24 and <= 30 Month,30/04/2004,-1.4500231389142E-02
2000032,BONDMATPORT,6030,Fama Maturity Portfolios - > 24 and <= 30 Month,28/05/2004,-1.9206490266052E-03
2000032,BONDMATPORT,6030,Fama Maturity Portfolios - > 24 and <= 30 Month,30/06/2004,9.6054155801184E-04
2000032,BONDMATPORT,6030,Fama Maturity Portfolios - > 24 and <= 30 Month,30/07/2004,3.9846771393042E-03
2000032,BONDMATPORT,6030,Fama Maturity Portfolios - > 24 and <= 30 Month,31/08/2004,1.0561207812773E-02
2000032,BONDMATPORT,6030,Fama Maturity Portfolios - > 24 and <= 30 Month,30/09/2004,-1.9650710399590E-03
2000032,BONDMATPORT,6030,Fama Maturity Portfolios - > 24 and <= 30 Month,29/10/2004,3.9730259984868E-03
2000032,BONDMATPORT,6030,Fama Maturity Portfolios - > 24 and <= 30 Month,30/11/2004,-7.1915122616774E-03
2000032,BONDMATPORT,6030,Fama Maturity Portfolios - > 24 and <= 30 Month,31/12/2004,2.2980612759762E-03
2000032,BONDMATPORT,6030,Fama Maturity Portfolios - > 24 and <= 30 Month,31/01/2005,-9.1575092417183E-04
2000032,BONDMATPORT,6030,Fama Maturity Portfolios - > 24 and <= 30 Month,28/02/2005,-4.6138194925787E-03
2000032,BONDMATPORT,6030,Fama Maturity Portfolios - > 24 and <= 30 Month,31/03/2005,-3.7493136969280E-04
2000032,BONDMATPORT,6030,Fama Maturity Portfolios - > 24 and <= 30 Month,29/04/2005,6.5165396162054E-03
2000032,BONDMATPORT,6030,Fama Maturity Portfolios - > 24 and <= 30 Month,31/05/2005,5.2146968559039E-03
2000032,BONDMATPORT,6030,Fama Maturity Portfolios - > 24 and <= 30 Month,30/06/2005,2.0213766286679E-03
2000032,BONDMATPORT,6030,Fama Maturity Portfolios - > 24 and <= 30 Month,29/07/2005,-4.7511611785661E-03
2000032,BONDMATPORT,6030,Fama Maturity Portfolios - > 24 and <= 30 Month,31/08/2005,8.4001380505466E-03
2000032,BONDMATPORT,6030,Fama Maturity Portfolios - > 24 and <= 30 Month,30/09/2005,-4.4006979104638E-03
2000032,BONDMATPORT,6030,Fama Maturity Portfolios - > 24 and <= 30 Month,31/10/2005,-1.4008475984993E-03
2000032,BONDMATPORT,6030,Fama Maturity Portfolios - > 24 and <= 30 Month,30/11/2005,3.6989781190402E-03
2000032,BONDMATPORT,6030,Fama Maturity Portfolios - > 24 and <= 30 Month,30/12/2005,3.5973591654607E-03
2000032,BONDMATPORT,6030,Fama Maturity Portfolios - > 24 and <= 30 Month,31/01/2006,1.5317968313145E-03
2000032,BONDMATPORT,6030,Fama Maturity Portfolios - > 24 and <= 30 Month,28/02/2006,-2.1846828694813E-04
2000032,BONDMATPORT,6030,Fama Maturity Portfolios - > 24 and <= 30 Month,31/03/2006,6.7506164066912E-04
2000032,BONDMATPORT,6030,Fama Maturity Portfolios - > 24 and <= 30 Month,28/04/2006,2.7408231411265E-03
2000032,BONDMATPORT,6030,Fama Maturity Portfolios - > 24 and <= 30 Month,31/05/2006,6.3196302458585E-04
2000032,BONDMATPORT,6030,Fama Maturity Portfolios - > 24 and <= 30 Month,30/06/2006,1.7752513889852E-03
2000032,BONDMATPORT,6030,Fama Maturity Portfolios - > 24 and <= 30 Month,31/07/2006,8.3612734887572E-03
2000032,BONDMATPORT,6030,Fama Maturity Portfolios - > 24 and <= 30 Month,31/08/2006,8.4347212221484E-03
2000032,BONDMATPORT,6030,Fama Maturity Portfolios - > 24 and <= 30 Month,29/09/2006,5.4331919092378E-03
2000032,BONDMATPORT,6030,Fama Maturity Portfolios - > 24 and <= 30 Month,31/10/2006,3.9457883145373E-03
2000032,BONDMATPORT,6030,Fama Maturity Portfolios - > 24 and <= 30 Month,30/11/2006,5.5805902270510E-03
2000032,BONDMATPORT,6030,Fama Maturity Portfolios - > 24 and <= 30 Month,29/12/2006,-1.2305492445701E-03
2000032,BONDMATPORT,6030,Fama Maturity Portfolios - > 24 and <= 30 Month,31/01/2007,1.6518182571158E-03
2000032,BONDMATPORT,6030,Fama Maturity Portfolios - > 24 and <= 30 Month,28/02/2007,9.2701904120701E-03
2000032,BONDMATPORT,6030,Fama Maturity Portfolios - > 24 and <= 30 Month,30/03/2007,4.2901441432721E-03
2000032,BONDMATPORT,6030,Fama Maturity Portfolios - > 24 and <= 30 Month,30/04/2007,4.1335570821200E-03
2000032,BONDMATPORT,6030,Fama Maturity Portfolios - > 24 and <= 30 Month,31/05/2007,-3.3671985771321E-03
2000032,BONDMATPORT,6030,Fama Maturity Portfolios - > 24 and <= 30 Month,29/06/2007,4.2621591964953E-03
2000032,BONDMATPORT,6030,Fama Maturity Portfolios - > 24 and <= 30 Month,31/07/2007,1.1531287136283E-02
2000032,BONDMATPORT,6030,Fama Maturity Portfolios - > 24 and <= 30 Month,31/08/2007,1.0648483327952E-02
2000032,BONDMATPORT,6030,Fama Maturity Portfolios - > 24 and <= 30 Month,28/09/2007,7.2237018555658E-03
2000032,BONDMATPORT,6030,Fama Maturity Portfolios - > 24 and <= 30 Month,31/10/2007,5.1626148516490E-03
2000032,BONDMATPORT,6030,Fama Maturity Portfolios - > 24 and <= 30 Month,30/11/2007,2.3063214172757E-02
2000032,BONDMATPORT,6030,Fama Maturity Portfolios - > 24 and <= 30 Month,31/12/2007,1.8291267565507E-03
2000032,BONDMATPORT,6030,Fama Maturity Portfolios - > 24 and <= 30 Month,31/01/2008,2.2398304524067E-02
2000032,BONDMATPORT,6030,Fama Maturity Portfolios - > 24 and <= 30 Month,29/02/2008,1.1465243884083E-02
2000032,BONDMATPORT,6030,Fama Maturity Portfolios - > 24 and <= 30 Month,31/03/2008,4.0599885695693E-03
2000032,BONDMATPORT,6030,Fama Maturity Portfolios - > 24 and <= 30 Month,30/04/2008,-1.3153918541283E-02
2000032,BONDMATPORT,6030,Fama Maturity Portfolios - > 24 and <= 30 Month,30/05/2008,-7.9044062706134E-03
2000032,BONDMATPORT,6030,Fama Maturity Portfolios - > 24 and <= 30 Month,30/06/2008,3.8685642268841E-03
2000032,BONDMATPORT,6030,Fama Maturity Portfolios - > 24 and <= 30 Month,31/07/2008,5.1869202003806E-03
2000032,BONDMATPORT,6030,Fama Maturity Portfolios - > 24 and <= 30 Month,29/08/2008,6.0927261867043E-03
2000032,BONDMATPORT,6030,Fama Maturity Portfolios - > 24 and <= 30 Month,30/09/2008,1.2154980884274E-02
2000032,BONDMATPORT,6030,Fama Maturity Portfolios - > 24 and <= 30 Month,31/10/2008,1.3778713894620E-02
2000032,BONDMATPORT,6030,Fama Maturity Portfolios - > 24 and <= 30 Month,28/11/2008,1.2348873858328E-02
2000032,BONDMATPORT,6030,Fama Maturity Portfolios - > 24 and <= 30 Month,31/12/2008,6.1592734552763E-03
2000032,BONDMATPORT,6030,Fama Maturity Portfolios - > 24 and <= 30 Month,30/01/2009,-4.2151997719449E-03
2000032,BONDMATPORT,6030,Fama Maturity Portfolios - > 24 and <= 30 Month,27/02/2009,-2.2649053549146E-05
2000032,BONDMATPORT,6030,Fama Maturity Portfolios - > 24 and <= 30 Month,31/03/2009,6.1723204718466E-03
2000032,BONDMATPORT,6030,Fama Maturity Portfolios - > 24 and <= 30 Month,30/04/2009,-3.3304452645458E-03
2000032,BONDMATPORT,6030,Fama Maturity Portfolios - > 24 and <= 30 Month,29/05/2009,1.8497115812727E-03
2000032,BONDMATPORT,6030,Fama Maturity Portfolios - > 24 and <= 30 Month,30/06/2009,-2.4278851876341E-03
2000032,BONDMATPORT,6030,Fama Maturity Portfolios - > 24 and <= 30 Month,31/07/2009,1.9281686263647E-03
2000032,BONDMATPORT,6030,Fama Maturity Portfolios - > 24 and <= 30 Month,31/08/2009,4.1387555659982E-03
2000032,BONDMATPORT,6030,Fama Maturity Portfolios - > 24 and <= 30 Month,30/09/2009,3.1067180706289E-03
2000032,BONDMATPORT,6030,Fama Maturity Portfolios - > 24 and <= 30 Month,30/10/2009,2.4218388730040E-03
2000032,BONDMATPORT,6030,Fama Maturity Portfolios - > 24 and <= 30 Month,30/11/2009,7.1115295213676E-03
2000032,BONDMATPORT,6030,Fama Maturity Portfolios - > 24 and <= 30 Month,31/12/2009,-9.4930936957657E-03
2000032,BONDMATPORT,6030,Fama Maturity Portfolios - > 24 and <= 30 Month,29/01/2010,9.2952912779397E-03
2000032,BONDMATPORT,6030,Fama Maturity Portfolios - > 24 and <= 30 Month,26/02/2010,2.3002055011956E-03
2000032,BONDMATPORT,6030,Fama Maturity Portfolios - > 24 and <= 30 Month,31/03/2010,-2.5645817122985E-03
2000032,BONDMATPORT,6030,Fama Maturity Portfolios - > 24 and <= 30 Month,30/04/2010,3.3277139050558E-03
2000032,BONDMATPORT,6030,Fama Maturity Portfolios - > 24 and <= 30 Month,28/05/2010,6.3800791216973E-03
2000032,BONDMATPORT,6030,Fama Maturity Portfolios - > 24 and <= 30 Month,30/06/2010,5.9484535779825E-03
2000032,BONDMATPORT,6030,Fama Maturity Portfolios - > 24 and <= 30 Month,30/07/2010,2.6614442763544E-03
2000032,BONDMATPORT,6030,Fama Maturity Portfolios - > 24 and <= 30 Month,31/08/2010,2.6137369138581E-03
2000032,BONDMATPORT,6030,Fama Maturity Portfolios - > 24 and <= 30 Month,30/09/2010,1.8637792745587E-03
2000032,BONDMATPORT,6030,Fama Maturity Portfolios - > 24 and <= 30 Month,29/10/2010,3.0628264682151E-03
2000032,BONDMATPORT,6030,Fama Maturity Portfolios - > 24 and <= 30 Month,30/11/2010,-2.8046647385082E-03
2000032,BONDMATPORT,6030,Fama Maturity Portfolios - > 24 and <= 30 Month,31/12/2010,-3.3978011770304E-03
2000032,BONDMATPORT,6030,Fama Maturity Portfolios - > 24 and <= 30 Month,31/01/2011,2.1442413820760E-03
2000032,BONDMATPORT,6030,Fama Maturity Portfolios - > 24 and <= 30 Month,28/02/2011,-1.7799010836857E-03
2000032,BONDMATPORT,6030,Fama Maturity Portfolios - > 24 and <= 30 Month,31/03/2011,-2.1058896779608E-03
2000032,BONDMATPORT,6030,Fama Maturity Portfolios - > 24 and <= 30 Month,29/04/2011,7.1706006742819E-03
2000032,BONDMATPORT,6030,Fama Maturity Portfolios - > 24 and <= 30 Month,31/05/2011,4.4909295078014E-03
2000032,BONDMATPORT,6030,Fama Maturity Portfolios - > 24 and <= 30 Month,30/06/2011,6.5207223292740E-04
2000032,BONDMATPORT,6030,Fama Maturity Portfolios - > 24 and <= 30 Month,29/07/2011,4.6856483520662E-03
2000032,BONDMATPORT,6030,Fama Maturity Portfolios - > 24 and <= 30 Month,31/08/2011,4.1076088406079E-03
2000032,BONDMATPORT,6030,Fama Maturity Portfolios - > 24 and <= 30 Month,30/09/2011,-1.7445151793222E-03
2000032,BONDMATPORT,6030,Fama Maturity Portfolios - > 24 and <= 30 Month,31/10/2011,1.6343050408929E-03
2000032,BONDMATPORT,6030,Fama Maturity Portfolios - > 24 and <= 30 Month,30/11/2011,-3.2213801917301E-04
2000032,BONDMATPORT,6030,Fama Maturity Portfolios - > 24 and <= 30 Month,30/12/2011,8.0975878294447E-04
2000032,BONDMATPORT,6030,Fama Maturity Portfolios - > 24 and <= 30 Month,31/01/2012,1.7093689936983E-03
2000032,BONDMATPORT,6030,Fama Maturity Portfolios - > 24 and <= 30 Month,29/02/2012,-1.9784612973908E-03
2000032,BONDMATPORT,6030,Fama Maturity Portfolios - > 24 and <= 30 Month,30/03/2012,-8.8698189722512E-04
2000032,BONDMATPORT,6030,Fama Maturity Portfolios - > 24 and <= 30 Month,30/04/2012,2.8346942019465E-03
2000032,BONDMATPORT,6030,Fama Maturity Portfolios - > 24 and <= 30 Month,31/05/2012,5.7587013117764E-04
2000032,BONDMATPORT,6030,Fama Maturity Portfolios - > 24 and <= 30 Month,29/06/2012,-6.5320466229362E-04
2000032,BONDMATPORT,6030,Fama Maturity Portfolios - > 24 and <= 30 Month,31/07/2012,2.9955745988026E-03
2000032,BONDMATPORT,6030,Fama Maturity Portfolios - > 24 and <= 30 Month,31/08/2012,-9.0301871868517E-05
2000032,BONDMATPORT,6030,Fama Maturity Portfolios - > 24 and <= 30 Month,28/09/2012,-1.5304668974435E-04
2000032,BONDMATPORT,6030,Fama Maturity Portfolios - > 24 and <= 30 Month,31/10/2012,-8.0959351100297E-04
2000032,BONDMATPORT,6030,Fama Maturity Portfolios - > 24 and <= 30 Month,30/11/2012,1.1795553434078E-03
2000032,BONDMATPORT,6030,Fama Maturity Portfolios - > 24 and <= 30 Month,31/12/2012,2.9586480768047E-04
2000032,BONDMATPORT,6030,Fama Maturity Portfolios - > 24 and <= 30 Month,31/01/2013,1.0471566959607E-04
2000032,BONDMATPORT,6030,Fama Maturity Portfolios - > 24 and <= 30 Month,28/02/2013,1.3044336266200E-03
2000032,BONDMATPORT,6030,Fama Maturity Portfolios - > 24 and <= 30 Month,28/03/2013,7.9097781313972E-05
2000032,BONDMATPORT,6030,Fama Maturity Portfolios - > 24 and <= 30 Month,30/04/2013,1.3465443913490E-03
2000032,BONDMATPORT,6030,Fama Maturity Portfolios - > 24 and <= 30 Month,31/05/2013,-1.9719772916318E-03
2000032,BONDMATPORT,6030,Fama Maturity Portfolios - > 24 and <= 30 Month,28/06/2013,-1.5146382564478E-03
2000032,BONDMATPORT,6030,Fama Maturity Portfolios - > 24 and <= 30 Month,31/07/2013,2.2142373354433E-03
2000032,BONDMATPORT,6030,Fama Maturity Portfolios - > 24 and <= 30 Month,30/08/2013,-1.8409623633881E-03
2000032,BONDMATPORT,6030,Fama Maturity Portfolios - > 24 and <= 30 Month,30/09/2013,3.7527994762518E-03
2000032,BONDMATPORT,6030,Fama Maturity Portfolios - > 24 and <= 30 Month,31/10/2013,1.1764431780592E-03
2000032,BONDMATPORT,6030,Fama Maturity Portfolios - > 24 and <= 30 Month,29/11/2013,1.2290330134448E-03
2000032,BONDMATPORT,6030,Fama Maturity Portfolios - > 24 and <= 30 Month,31/12/2013,-2.1405290238467E-03
2000032,BONDMATPORT,6030,Fama Maturity Portfolios - > 24 and <= 30 Month,31/01/2014,2.3466411581727E-03
2000032,BONDMATPORT,6030,Fama Maturity Portfolios - > 24 and <= 30 Month,28/02/2014,1.0860446357429E-03
2000032,BONDMATPORT,6030,Fama Maturity Portfolios - > 24 and <= 30 Month,31/03/2014,-1.7134535418351E-03
2000032,BONDMATPORT,6030,Fama Maturity Portfolios - > 24 and <= 30 Month,30/04/2014,1.4924170333068E-03
2000032,BONDMATPORT,6030,Fama Maturity Portfolios - > 24 and <= 30 Month,30/05/2014,2.3866804268648E-03
2000032,BONDMATPORT,6030,Fama Maturity Portfolios - > 24 and <= 30 Month,30/06/2014,-5.7773069250989E-04
2000032,BONDMATPORT,6030,Fama Maturity Portfolios - > 24 and <= 30 Month,31/07/2014,-9.2491389130688E-04
2000032,BONDMATPORT,6030,Fama Maturity Portfolios - > 24 and <= 30 Month,29/08/2014,1.8698447379331E-03
2000032,BONDMATPORT,6030,Fama Maturity Portfolios - > 24 and <= 30 Month,30/09/2014,-5.5162210579302E-04
2000032,BONDMATPORT,6030,Fama Maturity Portfolios - > 24 and <= 30 Month,31/10/2014,3.6418169274422E-03
2000032,BONDMATPORT,6030,Fama Maturity Portfolios - > 24 and <= 30 Month,28/11/2014,2.1211751209029E-03
2000032,BONDMATPORT,6030,Fama Maturity Portfolios - > 24 and <= 30 Month,31/12/2014,-2.9898476824610E-03
2000032,BONDMATPORT,6030,Fama Maturity Portfolios - > 24 and <= 30 Month,30/01/2015,6.9793719764116E-03
2000032,BONDMATPORT,6030,Fama Maturity Portfolios - > 24 and <= 30 Month,27/02/2015,-3.6467850487271E-03
2000032,BONDMATPORT,6030,Fama Maturity Portfolios - > 24 and <= 30 Month,31/03/2015,3.3914630417759E-03
2000032,BONDMATPORT,6030,Fama Maturity Portfolios - > 24 and <= 30 Month,30/04/2015,5.2269976906506E-04
2000032,BONDMATPORT,6030,Fama Maturity Portfolios - > 24 and <= 30 Month,29/05/2015,6.6384183219126E-04
2000032,BONDMATPORT,6030,Fama Maturity Portfolios - > 24 and <= 30 Month,30/06/2015,3.2492029674435E-04
2000032,BONDMATPORT,6030,Fama Maturity Portfolios - > 24 and <= 30 Month,31/07/2015,1.1383562973202E-03
2000032,BONDMATPORT,6030,Fama Maturity Portfolios - > 24 and <= 30 Month,31/08/2015,-1.0643287663130E-03
2000032,BONDMATPORT,6030,Fama Maturity Portfolios - > 24 and <= 30 Month,30/09/2015,4.3937713444172E-03
2000032,BONDMATPORT,6030,Fama Maturity Portfolios - > 24 and <= 30 Month,30/10/2015,-1.5443669405679E-03
2000032,BONDMATPORT,6030,Fama Maturity Portfolios - > 24 and <= 30 Month,30/11/2015,-2.8567089415248E-03
2000032,BONDMATPORT,6030,Fama Maturity Portfolios - > 24 and <= 30 Month,31/12/2015,-1.0888224935222E-03
2000032,BONDMATPORT,6030,Fama Maturity Portfolios - > 24 and <= 30 Month,29/01/2016,7.5107299365262E-03
2000032,BONDMATPORT,6030,Fama Maturity Portfolios - > 24 and <= 30 Month,29/02/2016,2.1230552182850E-03
2000032,BONDMATPORT,6030,Fama Maturity Portfolios - > 24 and <= 30 Month,31/03/2016,1.6884743930722E-03
2000032,BONDMATPORT,6030,Fama Maturity Portfolios - > 24 and <= 30 Month,29/04/2016,-5.4615770273432E-04
2000032,BONDMATPORT,6030,Fama Maturity Portfolios - > 24 and <= 30 Month,31/05/2016,-1.1355437105414E-03
2000032,BONDMATPORT,6030,Fama Maturity Portfolios - > 24 and <= 30 Month,30/06/2016,7.6663794012229E-03
2000032,BONDMATPORT,6030,Fama Maturity Portfolios - > 24 and <= 30 Month,29/07/2016,-7.7047672990332E-04
2000032,BONDMATPORT,6030,Fama Maturity Portfolios - > 24 and <= 30 Month,31/08/2016,-2.8510272511318E-03
2000032,BONDMATPORT,6030,Fama Maturity Portfolios - > 24 and <= 30 Month,30/09/2016,1.5885946776022E-03
2000032,BONDMATPORT,6030,Fama Maturity Portfolios - > 24 and <= 30 Month,31/10/2016,-1.0589628879371E-03
2000032,BONDMATPORT,6030,Fama Maturity Portfolios - > 24 and <= 30 Month,30/11/2016,-5.2505208981412E-03
2000032,BONDMATPORT,6030,Fama Maturity Portfolios - > 24 and <= 30 Month,30/12/2016,-4.6177102478439E-06
2000032,BONDMATPORT,6030,Fama Maturity Portfolios - > 24 and <= 30 Month,31/01/2017,7.1686481629676E-04
2000032,BONDMATPORT,6030,Fama Maturity Portfolios - > 24 and <= 30 Month,28/02/2017,6.1051635309348E-04
2000032,BONDMATPORT,6030,Fama Maturity Portfolios - > 24 and <= 30 Month,31/03/2017,1.9015931528880E-03
2000032,BONDMATPORT,6030,Fama Maturity Portfolios - > 24 and <= 30 Month,28/04/2017,1.7511676982123E-03
2000032,BONDMATPORT,6030,Fama Maturity Portfolios - > 24 and <= 30 Month,31/05/2017,1.4519610131357E-03
2000032,BONDMATPORT,6030,Fama Maturity Portfolios - > 24 and <= 30 Month,30/06/2017,-9.1968944875487E-04
2000032,BONDMATPORT,6030,Fama Maturity Portfolios - > 24 and <= 30 Month,31/07/2017,2.2539990723833E-03
2000032,BONDMATPORT,6030,Fama Maturity Portfolios - > 24 and <= 30 Month,31/08/2017,2.3245721345069E-03
2000032,BONDMATPORT,6030,Fama Maturity Portfolios - > 24 and <= 30 Month,29/09/2017,-2.7279934853327E-03
2000032,BONDMATPORT,6030,Fama Maturity Portfolios - > 24 and <= 30 Month,31/10/2017,-8.6768468440214E-04
2000032,BONDMATPORT,6030,Fama Maturity Portfolios - > 24 and <= 30 Month,30/11/2017,-2.1446411813865E-03
2000032,BONDMATPORT,6030,Fama Maturity Portfolios - > 24 and <= 30 Month,29/12/2017,-2.3734126616317E-04
2000032,BONDMATPORT,6030,Fama Maturity Portfolios - > 24 and <= 30 Month,31/01/2018,-4.2640324500417E-03
2000032,BONDMATPORT,6030,Fama Maturity Portfolios - > 24 and <= 30 Month,28/02/2018,-7.0436057408172E-04
2000032,BONDMATPORT,6030,Fama Maturity Portfolios - > 24 and <= 30 Month,29/03/2018,2.0237761955665E-03
2000032,BONDMATPORT,6030,Fama Maturity Portfolios - > 24 and <= 30 Month,30/04/2018,-2.5063493142799E-03
2000032,BONDMATPORT,6030,Fama Maturity Portfolios - > 24 and <= 30 Month,31/05/2018,3.9685998773302E-03
2000032,BONDMATPORT,6030,Fama Maturity Portfolios - > 24 and <= 30 Month,29/06/2018,1.5478117029199E-04
2000032,BONDMATPORT,6030,Fama Maturity Portfolios - > 24 and <= 30 Month,31/07/2018,-6.3631018177828E-04
2000032,BONDMATPORT,6030,Fama Maturity Portfolios - > 24 and <= 30 Month,31/08/2018,3.9074515628347E-03
2000032,BONDMATPORT,6030,Fama Maturity Portfolios - > 24 and <= 30 Month,28/09/2018,-2.0784728186574E-03
2000032,BONDMATPORT,6030,Fama Maturity Portfolios - > 24 and <= 30 Month,31/10/2018,1.7775120138833E-03
2000032,BONDMATPORT,6030,Fama Maturity Portfolios - > 24 and <= 30 Month,30/11/2018,4.5824308782296E-03
2000032,BONDMATPORT,6030,Fama Maturity Portfolios - > 24 and <= 30 Month,31/12/2018,9.1844940042808E-03
2000032,BONDMATPORT,6030,Fama Maturity Portfolios - > 24 and <= 30 Month,31/01/2019,2.4402499576042E-03
2000032,BONDMATPORT,6030,Fama Maturity Portfolios - > 24 and <= 30 Month,28/02/2019,6.1777246115129E-04
2000032,BONDMATPORT,6030,Fama Maturity Portfolios - > 24 and <= 30 Month,29/03/2019,7.4563584358526E-03
2000032,BONDMATPORT,6030,Fama Maturity Portfolios - > 24 and <= 30 Month,30/04/2019,1.8502750203062E-03
2000032,BONDMATPORT,6030,Fama Maturity Portfolios - > 24 and <= 30 Month,31/05/2019,9.3081853829197E-03
2000032,BONDMATPORT,6030,Fama Maturity Portfolios - > 24 and <= 30 Month,28/06/2019,4.7161033209625E-03
2000032,BONDMATPORT,6030,Fama Maturity Portfolios - > 24 and <= 30 Month,31/07/2019,-8.4783660435021E-04
2000032,BONDMATPORT,6030,Fama Maturity Portfolios - > 24 and <= 30 Month,30/08/2019,9.3147959688916E-03
2000032,BONDMATPORT,6030,Fama Maturity Portfolios - > 24 and <= 30 Month,30/09/2019,-1.7104355490310E-03
2000032,BONDMATPORT,6030,Fama Maturity Portfolios - > 24 and <= 30 Month,31/10/2019,3.1121013986955E-03
2000032,BONDMATPORT,6030,Fama Maturity Portfolios - > 24 and <= 30 Month,29/11/2019,-9.3375310062578E-04
2000032,BONDMATPORT,6030,Fama Maturity Portfolios - > 24 and <= 30 Month,31/12/2019,2.0007158780209E-03
2000032,BONDMATPORT,6030,Fama Maturity Portfolios - > 24 and <= 30 Month,31/01/2020,7.5094927461368E-03
2000032,BONDMATPORT,6030,Fama Maturity Portfolios - > 24 and <= 30 Month,28/02/2020,9.5171518407472E-03
2000032,BONDMATPORT,6030,Fama Maturity Portfolios - > 24 and <= 30 Month,31/03/2020,1.5294109007934E-02
2000032,BONDMATPORT,6030,Fama Maturity Portfolios - > 24 and <= 30 Month,30/04/2020,1.1357120368834E-03
2000032,BONDMATPORT,6030,Fama Maturity Portfolios - > 24 and <= 30 Month,29/05/2020,1.0593609747879E-03
2000032,BONDMATPORT,6030,Fama Maturity Portfolios - > 24 and <= 30 Month,30/06/2020,6.8799593340783E-04
2000032,BONDMATPORT,6030,Fama Maturity Portfolios - > 24 and <= 30 Month,31/07/2020,1.0311506123242E-03
2000032,BONDMATPORT,6030,Fama Maturity Portfolios - > 24 and <= 30 Month,31/08/2020,-3.9091236057350E-04
2000032,BONDMATPORT,6030,Fama Maturity Portfolios - > 24 and <= 30 Month,30/09/2020,9.1323016712081E-05
2000032,BONDMATPORT,6030,Fama Maturity Portfolios - > 24 and <= 30 Month,30/10/2020,-5.9313398021045E-04
2000032,BONDMATPORT,6030,Fama Maturity Portfolios - > 24 and <= 30 Month,30/11/2020,4.9831078150418E-04
2000032,BONDMATPORT,6030,Fama Maturity Portfolios - > 24 and <= 30 Month,31/12/2020,7.3057153468804E-04
2000032,BONDMATPORT,6030,Fama Maturity Portfolios - > 24 and <= 30 Month,29/01/2021,2.7420910067934E-04
2000032,BONDMATPORT,6030,Fama Maturity Portfolios - > 24 and <= 30 Month,26/02/2021,-7.9931083424787E-04
2000032,BONDMATPORT,6030,Fama Maturity Portfolios - > 24 and <= 30 Month,31/03/2021,-2.2197146661265E-04
2000032,BONDMATPORT,6030,Fama Maturity Portfolios - > 24 and <= 30 Month,30/04/2021,4.3894795453015E-04
2000032,BONDMATPORT,6030,Fama Maturity Portfolios - > 24 and <= 30 Month,28/05/2021,1.0755394093230E-03
2000032,BONDMATPORT,6030,Fama Maturity Portfolios - > 24 and <= 30 Month,30/06/2021,-2.1497852326516E-03
2000032,BONDMATPORT,6030,Fama Maturity Portfolios - > 24 and <= 30 Month,30/07/2021,2.3950297088075E-03
2000032,BONDMATPORT,6030,Fama Maturity Portfolios - > 24 and <= 30 Month,31/08/2021,-6.9704656624335E-04
2000032,BONDMATPORT,6030,Fama Maturity Portfolios - > 24 and <= 30 Month,30/09/2021,-7.9777289239674E-04
2000032,BONDMATPORT,6030,Fama Maturity Portfolios - > 24 and <= 30 Month,29/10/2021,-4.6977162373498E-03
2000032,BONDMATPORT,6030,Fama Maturity Portfolios - > 24 and <= 30 Month,30/11/2021,-5.0090124459552E-04
2000032,BONDMATPORT,6030,Fama Maturity Portfolios - > 24 and <= 30 Month,31/12/2021,-2.1853762648299E-03
2000032,BONDMATPORT,6030,Fama Maturity Portfolios - > 24 and <= 30 Month,31/01/2022,-8.1927151195411E-03
2000032,BONDMATPORT,6030,Fama Maturity Portfolios - > 24 and <= 30 Month,28/02/2022,-4.8432839586849E-03
2000032,BONDMATPORT,6030,Fama Maturity Portfolios - > 24 and <= 30 Month,31/03/2022,-1.8249077138096E-02
2000032,BONDMATPORT,6030,Fama Maturity Portfolios - > 24 and <= 30 Month,29/04/2022,-5.4168856242142E-03
2000032,BONDMATPORT,6030,Fama Maturity Portfolios - > 24 and <= 30 Month,31/05/2022,7.1218767285404E-03
2000032,BONDMATPORT,6030,Fama Maturity Portfolios - > 24 and <= 30 Month,30/06/2022,-5.7463210230408E-03
2000032,BONDMATPORT,6030,Fama Maturity Portfolios - > 24 and <= 30 Month,29/07/2022,5.1482648814916E-03
2000032,BONDMATPORT,6030,Fama Maturity Portfolios - > 24 and <= 30 Month,31/08/2022,-1.1292008123794E-02
2000032,BONDMATPORT,6030,Fama Maturity Portfolios - > 24 and <= 30 Month,30/09/2022,-1.4469731609251E-02
2000032,BONDMATPORT,6030,Fama Maturity Portfolios - > 24 and <= 30 Month,31/10/2022,1.3179561080935E-04
2000032,BONDMATPORT,6030,Fama Maturity Portfolios - > 24 and <= 30 Month,30/11/2022,8.7578425961784E-03
2000032,BONDMATPORT,6030,Fama Maturity Portfolios - > 24 and <= 30 Month,30/12/2022,-6.1573407659600E-05
2000032,BONDMATPORT,6030,Fama Maturity Portfolios - > 24 and <= 30 Month,31/01/2023,8.9224495260715E-03
2000032,BONDMATPORT,6030,Fama Maturity Portfolios - > 24 and <= 30 Month,28/02/2023,-1.0848645672613E-02
2000032,BONDMATPORT,6030,Fama Maturity Portfolios - > 24 and <= 30 Month,31/03/2023,1.9841659185702E-02
2000032,BONDMATPORT,6030,Fama Maturity Portfolios - > 24 and <= 30 Month,28/04/2023,3.3504259131886E-03
2000032,BONDMATPORT,6030,Fama Maturity Portfolios - > 24 and <= 30 Month,31/05/2023,-5.0772625926897E-03
2000032,BONDMATPORT,6030,Fama Maturity Portfolios - > 24 and <= 30 Month,30/06/2023,-8.1223114197135E-03
2000032,BONDMATPORT,6030,Fama Maturity Portfolios - > 24 and <= 30 Month,31/07/2023,3.4055151590755E-03
2000032,BONDMATPORT,6030,Fama Maturity Portfolios - > 24 and <= 30 Month,31/08/2023,3.4353178346007E-03
2000032,BONDMATPORT,6030,Fama Maturity Portfolios - > 24 and <= 30 Month,29/09/2023,-1.1807589407014E-03
2000032,BONDMATPORT,6030,Fama Maturity Portfolios - > 24 and <= 30 Month,31/10/2023,2.3883104444663E-03
2000032,BONDMATPORT,6030,Fama Maturity Portfolios - > 24 and <= 30 Month,30/11/2023,1.3339315912800E-02
2000032,BONDMATPORT,6030,Fama Maturity Portfolios - > 24 and <= 30 Month,29/12/2023,1.2147626694992E-02
2000032,BONDMATPORT,6030,Fama Maturity Portfolios - > 24 and <= 30 Month,31/01/2024,3.9562344183733E-03
2000032,BONDMATPORT,6030,Fama Maturity Portfolios - > 24 and <= 30 Month,29/02/2024,-6.3975962274289E-03
2000032,BONDMATPORT,6030,Fama Maturity Portfolios - > 24 and <= 30 Month,28/03/2024,2.6834183634635E-03
2000032,BONDMATPORT,6030,Fama Maturity Portfolios - > 24 and <= 30 Month,30/04/2024,-5.4998939575929E-03
2000032,BONDMATPORT,6030,Fama Maturity Portfolios - > 24 and <= 30 Month,31/05/2024,8.0896413826937E-03
2000032,BONDMATPORT,6030,Fama Maturity Portfolios - > 24 and <= 30 Month,28/06/2024,5.9673805357191E-03
2000032,BONDMATPORT,6030,Fama Maturity Portfolios - > 24 and <= 30 Month,31/07/2024,1.4048255375164E-02
2000032,BONDMATPORT,6030,Fama Maturity Portfolios - > 24 and <= 30 Month,30/08/2024,1.0093495363720E-02
2000032,BONDMATPORT,6030,Fama Maturity Portfolios - > 24 and <= 30 Month,30/09/2024,8.2958157289068E-03
2000032,BONDMATPORT,6030,Fama Maturity Portfolios - > 24 and <= 30 Month,31/10/2024,-8.2719400317520E-03
2000032,BONDMATPORT,6030,Fama Maturity Portfolios - > 24 and <= 30 Month,29/11/2024,3.0570276605928E-03
2000032,BONDMATPORT,6030,Fama Maturity Portfolios - > 24 and <= 30 Month,31/12/2024,1.0544411916570E-03
2000032,BONDMATPORT,6030,Fama Maturity Portfolios - > 24 and <= 30 Month,31/01/2025,4.6243700312543E-03
2000032,BONDMATPORT,6030,Fama Maturity Portfolios - > 24 and <= 30 Month,28/02/2025,8.2238551066570E-03
2000032,BONDMATPORT,6030,Fama Maturity Portfolios - > 24 and <= 30 Month,31/03/2025,5.0504399633861E-03
2000032,BONDMATPORT,6030,Fama Maturity Portfolios - > 24 and <= 30 Month,30/04/2025,9.5340426410888E-03
2000032,BONDMATPORT,6030,Fama Maturity Portfolios - > 24 and <= 30 Month,30/05/2025,-3.3608201916551E-03
2000032,BONDMATPORT,6030,Fama Maturity Portfolios - > 24 and <= 30 Month,30/06/2025,6.8368352352924E-03
2000032,BONDMATPORT,6030,Fama Maturity Portfolios - > 24 and <= 30 Month,31/07/2025,-1.1328454748402E-03
2000032,BONDMATPORT,6030,Fama Maturity Portfolios - > 24 and <= 30 Month,29/08/2025,9.5268508247988E-03
2000032,BONDMATPORT,6030,Fama Maturity Portfolios - > 24 and <= 30 Month,30/09/2025,2.7846883727239E-03
2000032,BONDMATPORT,6030,Fama Maturity Portfolios - > 24 and <= 30 Month,31/10/2025,3.5187086969051E-03
2000032,BONDMATPORT,6030,Fama Maturity Portfolios - > 24 and <= 30 Month,28/11/2025,4.7527533699387E-03
2000032,BONDMATPORT,6030,Fama Maturity Portfolios - > 24 and <= 30 Month,31/12/2025,3.0536539692634E-03
2000033,BONDMATPORT,6036,Fama Maturity Portfolios - > 30 and <= 36 Month,31/01/2000,-3.3862246505154E-03
2000033,BONDMATPORT,6036,Fama Maturity Portfolios - > 30 and <= 36 Month,29/02/2000,7.1920655775043E-03
2000033,BONDMATPORT,6036,Fama Maturity Portfolios - > 30 and <= 36 Month,31/03/2000,8.8281574338964E-03
2000033,BONDMATPORT,6036,Fama Maturity Portfolios - > 30 and <= 36 Month,28/04/2000,6.5649819075388E-04
2000033,BONDMATPORT,6036,Fama Maturity Portfolios - > 30 and <= 36 Month,31/05/2000,4.5801210221206E-03
2000033,BONDMATPORT,6036,Fama Maturity Portfolios - > 30 and <= 36 Month,30/06/2000,1.2498520043728E-02
2000033,BONDMATPORT,6036,Fama Maturity Portfolios - > 30 and <= 36 Month,31/07/2000,6.3540138812925E-03
2000033,BONDMATPORT,6036,Fama Maturity Portfolios - > 30 and <= 36 Month,31/08/2000,1.0385577721550E-02
2000033,BONDMATPORT,6036,Fama Maturity Portfolios - > 30 and <= 36 Month,29/09/2000,8.5882016809650E-03
2000033,BONDMATPORT,6036,Fama Maturity Portfolios - > 30 and <= 36 Month,31/10/2000,6.1878392977597E-03
2000033,BONDMATPORT,6036,Fama Maturity Portfolios - > 30 and <= 36 Month,30/11/2000,1.1901240448996E-02
2000033,BONDMATPORT,6036,Fama Maturity Portfolios - > 30 and <= 36 Month,29/12/2000,1.5424113191410E-02
2000033,BONDMATPORT,6036,Fama Maturity Portfolios - > 30 and <= 36 Month,31/01/2001,1.4525958230556E-02
2000033,BONDMATPORT,6036,Fama Maturity Portfolios - > 30 and <= 36 Month,28/02/2001,7.8386495596057E-03
2000033,BONDMATPORT,6036,Fama Maturity Portfolios - > 30 and <= 36 Month,30/03/2001,8.8438130589412E-03
2000033,BONDMATPORT,6036,Fama Maturity Portfolios - > 30 and <= 36 Month,30/04/2001,-3.2751537095449E-04
2000033,BONDMATPORT,6036,Fama Maturity Portfolios - > 30 and <= 36 Month,31/05/2001,5.3840231203905E-03
2000033,BONDMATPORT,6036,Fama Maturity Portfolios - > 30 and <= 36 Month,29/06/2001,3.2535245859769E-03
2000033,BONDMATPORT,6036,Fama Maturity Portfolios - > 30 and <= 36 Month,31/07/2001,1.5698121054646E-02
2000033,BONDMATPORT,6036,Fama Maturity Portfolios - > 30 and <= 36 Month,31/08/2001,8.5498721666575E-03
2000033,BONDMATPORT,6036,Fama Maturity Portfolios - > 30 and <= 36 Month,28/09/2001,2.1312830742989E-02
2000033,BONDMATPORT,6036,Fama Maturity Portfolios - > 30 and <= 36 Month,31/10/2001,1.4451732641818E-02
2000033,BONDMATPORT,6036,Fama Maturity Portfolios - > 30 and <= 36 Month,30/11/2001,-9.8986615317766E-03
2000033,BONDMATPORT,6036,Fama Maturity Portfolios - > 30 and <= 36 Month,31/12/2001,-3.3974957235211E-03
2000033,BONDMATPORT,6036,Fama Maturity Portfolios - > 30 and <= 36 Month,31/01/2002,4.0819470037495E-03
2000033,BONDMATPORT,6036,Fama Maturity Portfolios - > 30 and <= 36 Month,28/02/2002,7.8818003584183E-03
2000033,BONDMATPORT,6036,Fama Maturity Portfolios - > 30 and <= 36 Month,28/03/2002,-1.2941578945586E-02
2000033,BONDMATPORT,6036,Fama Maturity Portfolios - > 30 and <= 36 Month,30/04/2002,1.5984233502901E-02
2000033,BONDMATPORT,6036,Fama Maturity Portfolios - > 30 and <= 36 Month,31/05/2002,7.3550060506742E-03
2000033,BONDMATPORT,6036,Fama Maturity Portfolios - > 30 and <= 36 Month,28/06/2002,1.1265716221014E-02
2000033,BONDMATPORT,6036,Fama Maturity Portfolios - > 30 and <= 36 Month,31/07/2002,1.9284236697526E-02
2000033,BONDMATPORT,6036,Fama Maturity Portfolios - > 30 and <= 36 Month,30/08/2002,1.0213300851313E-02
2000033,BONDMATPORT,6036,Fama Maturity Portfolios - > 30 and <= 36 Month,30/09/2002,1.4279461174204E-02
2000033,BONDMATPORT,6036,Fama Maturity Portfolios - > 30 and <= 36 Month,31/10/2002,1.1864932635052E-03
2000033,BONDMATPORT,6036,Fama Maturity Portfolios - > 30 and <= 36 Month,29/11/2002,-9.2731183887924E-03
2000033,BONDMATPORT,6036,Fama Maturity Portfolios - > 30 and <= 36 Month,31/12/2002,1.6724872942259E-02
2000033,BONDMATPORT,6036,Fama Maturity Portfolios - > 30 and <= 36 Month,31/01/2003,-4.0766427964147E-04
2000033,BONDMATPORT,6036,Fama Maturity Portfolios - > 30 and <= 36 Month,28/02/2003,9.3457108906730E-03
2000033,BONDMATPORT,6036,Fama Maturity Portfolios - > 30 and <= 36 Month,31/03/2003,1.9082572230576E-03
2000033,BONDMATPORT,6036,Fama Maturity Portfolios - > 30 and <= 36 Month,30/04/2003,2.3364591396014E-03
2000033,BONDMATPORT,6036,Fama Maturity Portfolios - > 30 and <= 36 Month,30/05/2003,1.0975718788943E-02
2000033,BONDMATPORT,6036,Fama Maturity Portfolios - > 30 and <= 36 Month,30/06/2003,1.0217580896696E-03
2000033,BONDMATPORT,6036,Fama Maturity Portfolios - > 30 and <= 36 Month,31/07/2003,-1.2271935936914E-02
2000033,BONDMATPORT,6036,Fama Maturity Portfolios - > 30 and <= 36 Month,29/08/2003,-3.3377311252691E-03
2000033,BONDMATPORT,6036,Fama Maturity Portfolios - > 30 and <= 36 Month,30/09/2003,1.7625922185217E-02
2000033,BONDMATPORT,6036,Fama Maturity Portfolios - > 30 and <= 36 Month,31/10/2003,-7.7071470696722E-03
2000033,BONDMATPORT,6036,Fama Maturity Portfolios - > 30 and <= 36 Month,28/11/2003,-2.0947364038798E-03
2000033,BONDMATPORT,6036,Fama Maturity Portfolios - > 30 and <= 36 Month,31/12/2003,8.7586972680284E-03
2000033,BONDMATPORT,6036,Fama Maturity Portfolios - > 30 and <= 36 Month,30/01/2004,3.6237810797018E-03
2000033,BONDMATPORT,6036,Fama Maturity Portfolios - > 30 and <= 36 Month,27/02/2004,7.5692703150959E-03
2000033,BONDMATPORT,6036,Fama Maturity Portfolios - > 30 and <= 36 Month,31/03/2004,6.2107470924760E-03
2000033,BONDMATPORT,6036,Fama Maturity Portfolios - > 30 and <= 36 Month,30/04/2004,-1.8928966558465E-02
2000033,BONDMATPORT,6036,Fama Maturity Portfolios - > 30 and <= 36 Month,28/05/2004,-2.8386713245032E-03
2000033,BONDMATPORT,6036,Fama Maturity Portfolios - > 30 and <= 36 Month,30/06/2004,1.9680358280490E-03
2000033,BONDMATPORT,6036,Fama Maturity Portfolios - > 30 and <= 36 Month,30/07/2004,4.4274995140553E-03
2000033,BONDMATPORT,6036,Fama Maturity Portfolios - > 30 and <= 36 Month,31/08/2004,1.3037120127769E-02
2000033,BONDMATPORT,6036,Fama Maturity Portfolios - > 30 and <= 36 Month,30/09/2004,-1.5551449789301E-03
2000033,BONDMATPORT,6036,Fama Maturity Portfolios - > 30 and <= 36 Month,29/10/2004,4.3951073626989E-03
2000033,BONDMATPORT,6036,Fama Maturity Portfolios - > 30 and <= 36 Month,30/11/2004,-8.8460473692955E-03
2000033,BONDMATPORT,6036,Fama Maturity Portfolios - > 30 and <= 36 Month,31/12/2004,2.8107090135755E-03
2000033,BONDMATPORT,6036,Fama Maturity Portfolios - > 30 and <= 36 Month,31/01/2005,-1.1770136109821E-03
2000033,BONDMATPORT,6036,Fama Maturity Portfolios - > 30 and <= 36 Month,28/02/2005,-6.0550494778389E-03
2000033,BONDMATPORT,6036,Fama Maturity Portfolios - > 30 and <= 36 Month,31/03/2005,-9.7280723328186E-04
2000033,BONDMATPORT,6036,Fama Maturity Portfolios - > 30 and <= 36 Month,29/04/2005,8.2960567308033E-03
2000033,BONDMATPORT,6036,Fama Maturity Portfolios - > 30 and <= 36 Month,31/05/2005,6.2912798535351E-03
2000033,BONDMATPORT,6036,Fama Maturity Portfolios - > 30 and <= 36 Month,30/06/2005,2.3581677808502E-03
2000033,BONDMATPORT,6036,Fama Maturity Portfolios - > 30 and <= 36 Month,29/07/2005,-7.1790465528212E-03
2000033,BONDMATPORT,6036,Fama Maturity Portfolios - > 30 and <= 36 Month,31/08/2005,9.6297941605259E-03
2000033,BONDMATPORT,6036,Fama Maturity Portfolios - > 30 and <= 36 Month,30/09/2005,-5.8783723008589E-03
2000033,BONDMATPORT,6036,Fama Maturity Portfolios - > 30 and <= 36 Month,31/10/2005,-2.4279107636418E-03
2000033,BONDMATPORT,6036,Fama Maturity Portfolios - > 30 and <= 36 Month,30/11/2005,4.3811568903257E-03
2000033,BONDMATPORT,6036,Fama Maturity Portfolios - > 30 and <= 36 Month,30/12/2005,4.1229667455035E-03
2000033,BONDMATPORT,6036,Fama Maturity Portfolios - > 30 and <= 36 Month,31/01/2006,8.7961221695953E-04
2000033,BONDMATPORT,6036,Fama Maturity Portfolios - > 30 and <= 36 Month,28/02/2006,-7.8228466703029E-04
2000033,BONDMATPORT,6036,Fama Maturity Portfolios - > 30 and <= 36 Month,31/03/2006,-3.1698812611673E-04
2000033,BONDMATPORT,6036,Fama Maturity Portfolios - > 30 and <= 36 Month,28/04/2006,2.5387852468683E-03
2000033,BONDMATPORT,6036,Fama Maturity Portfolios - > 30 and <= 36 Month,31/05/2006,2.2188890882759E-04
2000033,BONDMATPORT,6036,Fama Maturity Portfolios - > 30 and <= 36 Month,30/06/2006,1.5211701653567E-03
2000033,BONDMATPORT,6036,Fama Maturity Portfolios - > 30 and <= 36 Month,31/07/2006,9.4913579945120E-03
2000033,BONDMATPORT,6036,Fama Maturity Portfolios - > 30 and <= 36 Month,31/08/2006,9.5118693433492E-03
2000033,BONDMATPORT,6036,Fama Maturity Portfolios - > 30 and <= 36 Month,29/09/2006,5.9279493101515E-03
2000033,BONDMATPORT,6036,Fama Maturity Portfolios - > 30 and <= 36 Month,31/10/2006,4.0459176137946E-03
2000033,BONDMATPORT,6036,Fama Maturity Portfolios - > 30 and <= 36 Month,30/11/2006,6.2002837517113E-03
2000033,BONDMATPORT,6036,Fama Maturity Portfolios - > 30 and <= 36 Month,29/12/2006,-2.1332950590289E-03
2000033,BONDMATPORT,6036,Fama Maturity Portfolios - > 30 and <= 36 Month,31/01/2007,1.1852831895596E-03
2000033,BONDMATPORT,6036,Fama Maturity Portfolios - > 30 and <= 36 Month,28/02/2007,1.0372513528451E-02
2000033,BONDMATPORT,6036,Fama Maturity Portfolios - > 30 and <= 36 Month,30/03/2007,4.3332678101756E-03
2000033,BONDMATPORT,6036,Fama Maturity Portfolios - > 30 and <= 36 Month,30/04/2007,4.1621192193897E-03
2000033,BONDMATPORT,6036,Fama Maturity Portfolios - > 30 and <= 36 Month,31/05/2007,-4.9715261418175E-03
2000033,BONDMATPORT,6036,Fama Maturity Portfolios - > 30 and <= 36 Month,29/06/2007,3.5847192905246E-03
2000033,BONDMATPORT,6036,Fama Maturity Portfolios - > 30 and <= 36 Month,31/07/2007,1.3507400471475E-02
2000033,BONDMATPORT,6036,Fama Maturity Portfolios - > 30 and <= 36 Month,31/08/2007,1.2152126713805E-02
2000033,BONDMATPORT,6036,Fama Maturity Portfolios - > 30 and <= 36 Month,28/09/2007,6.8650115830147E-03
2000033,BONDMATPORT,6036,Fama Maturity Portfolios - > 30 and <= 36 Month,31/10/2007,6.0165381105956E-03
2000033,BONDMATPORT,6036,Fama Maturity Portfolios - > 30 and <= 36 Month,30/11/2007,2.6823296561245E-02
2000033,BONDMATPORT,6036,Fama Maturity Portfolios - > 30 and <= 36 Month,31/12/2007,2.8098392210314E-03
2000033,BONDMATPORT,6036,Fama Maturity Portfolios - > 30 and <= 36 Month,31/01/2008,2.5035258727309E-02
2000033,BONDMATPORT,6036,Fama Maturity Portfolios - > 30 and <= 36 Month,29/02/2008,1.2256361175524E-02
2000033,BONDMATPORT,6036,Fama Maturity Portfolios - > 30 and <= 36 Month,31/03/2008,5.2363712685334E-03
2000033,BONDMATPORT,6036,Fama Maturity Portfolios - > 30 and <= 36 Month,30/04/2008,-1.5889907213027E-02
2000033,BONDMATPORT,6036,Fama Maturity Portfolios - > 30 and <= 36 Month,30/05/2008,-9.1805232564331E-03
2000033,BONDMATPORT,6036,Fama Maturity Portfolios - > 30 and <= 36 Month,30/06/2008,3.3321061586656E-03
2000033,BONDMATPORT,6036,Fama Maturity Portfolios - > 30 and <= 36 Month,31/07/2008,5.3663286703130E-03
2000033,BONDMATPORT,6036,Fama Maturity Portfolios - > 30 and <= 36 Month,29/08/2008,7.6743574907771E-03
2000033,BONDMATPORT,6036,Fama Maturity Portfolios - > 30 and <= 36 Month,30/09/2008,1.3804333705845E-02
2000033,BONDMATPORT,6036,Fama Maturity Portfolios - > 30 and <= 36 Month,31/10/2008,1.4645995305482E-02
2000033,BONDMATPORT,6036,Fama Maturity Portfolios - > 30 and <= 36 Month,28/11/2008,1.8249038675011E-02
2000033,BONDMATPORT,6036,Fama Maturity Portfolios - > 30 and <= 36 Month,31/12/2008,6.9746978269023E-03
2000033,BONDMATPORT,6036,Fama Maturity Portfolios - > 30 and <= 36 Month,30/01/2009,-7.4511848508993E-03
2000033,BONDMATPORT,6036,Fama Maturity Portfolios - > 30 and <= 36 Month,27/02/2009,1.4147963119792E-03
2000033,BONDMATPORT,6036,Fama Maturity Portfolios - > 30 and <= 36 Month,31/03/2009,8.2959515027499E-03
2000033,BONDMATPORT,6036,Fama Maturity Portfolios - > 30 and <= 36 Month,30/04/2009,-4.2961551946481E-03
2000033,BONDMATPORT,6036,Fama Maturity Portfolios - > 30 and <= 36 Month,29/05/2009,2.0281834052995E-03
2000033,BONDMATPORT,6036,Fama Maturity Portfolios - > 30 and <= 36 Month,30/06/2009,-3.0863979212719E-03
2000033,BONDMATPORT,6036,Fama Maturity Portfolios - > 30 and <= 36 Month,31/07/2009,2.3276023402823E-03
2000033,BONDMATPORT,6036,Fama Maturity Portfolios - > 30 and <= 36 Month,31/08/2009,5.4907786313513E-03
2000033,BONDMATPORT,6036,Fama Maturity Portfolios - > 30 and <= 36 Month,30/09/2009,3.8257569262911E-03
2000033,BONDMATPORT,6036,Fama Maturity Portfolios - > 30 and <= 36 Month,30/10/2009,2.7962252589153E-03
2000033,BONDMATPORT,6036,Fama Maturity Portfolios - > 30 and <= 36 Month,30/11/2009,9.9879216512119E-03
2000033,BONDMATPORT,6036,Fama Maturity Portfolios - > 30 and <= 36 Month,31/12/2009,-1.2726709946243E-02
2000033,BONDMATPORT,6036,Fama Maturity Portfolios - > 30 and <= 36 Month,29/01/2010,1.0573947100815E-02
2000033,BONDMATPORT,6036,Fama Maturity Portfolios - > 30 and <= 36 Month,26/02/2010,2.3020616387244E-03
2000033,BONDMATPORT,6036,Fama Maturity Portfolios - > 30 and <= 36 Month,31/03/2010,-3.6431988410319E-03
2000033,BONDMATPORT,6036,Fama Maturity Portfolios - > 30 and <= 36 Month,30/04/2010,4.8133628774349E-03
2000033,BONDMATPORT,6036,Fama Maturity Portfolios - > 30 and <= 36 Month,28/05/2010,8.0414864608787E-03
2000033,BONDMATPORT,6036,Fama Maturity Portfolios - > 30 and <= 36 Month,30/06/2010,9.2129279589007E-03
2000033,BONDMATPORT,6036,Fama Maturity Portfolios - > 30 and <= 36 Month,30/07/2010,5.0916447823396E-03
2000033,BONDMATPORT,6036,Fama Maturity Portfolios - > 30 and <= 36 Month,31/08/2010,3.9439289500228E-03
2000033,BONDMATPORT,6036,Fama Maturity Portfolios - > 30 and <= 36 Month,30/09/2010,2.6957106658187E-03
2000033,BONDMATPORT,6036,Fama Maturity Portfolios - > 30 and <= 36 Month,29/10/2010,4.7412163070654E-03
2000033,BONDMATPORT,6036,Fama Maturity Portfolios - > 30 and <= 36 Month,30/11/2010,-4.0472340884748E-03
2000033,BONDMATPORT,6036,Fama Maturity Portfolios - > 30 and <= 36 Month,31/12/2010,-5.4086927922879E-03
2000033,BONDMATPORT,6036,Fama Maturity Portfolios - > 30 and <= 36 Month,31/01/2011,2.6476765704391E-03
2000033,BONDMATPORT,6036,Fama Maturity Portfolios - > 30 and <= 36 Month,28/02/2011,-3.1407536894683E-03
2000033,BONDMATPORT,6036,Fama Maturity Portfolios - > 30 and <= 36 Month,31/03/2011,-2.0432666973112E-03
2000033,BONDMATPORT,6036,Fama Maturity Portfolios - > 30 and <= 36 Month,29/04/2011,9.5631582988548E-03
2000033,BONDMATPORT,6036,Fama Maturity Portfolios - > 30 and <= 36 Month,31/05/2011,6.9384398430070E-03
2000033,BONDMATPORT,6036,Fama Maturity Portfolios - > 30 and <= 36 Month,30/06/2011,5.8221702786933E-04
2000033,BONDMATPORT,6036,Fama Maturity Portfolios - > 30 and <= 36 Month,29/07/2011,7.6144225848174E-03
2000033,BONDMATPORT,6036,Fama Maturity Portfolios - > 30 and <= 36 Month,31/08/2011,6.3759249279726E-03
2000033,BONDMATPORT,6036,Fama Maturity Portfolios - > 30 and <= 36 Month,30/09/2011,-2.1410018012605E-03
2000033,BONDMATPORT,6036,Fama Maturity Portfolios - > 30 and <= 36 Month,31/10/2011,1.7216142889527E-03
2000033,BONDMATPORT,6036,Fama Maturity Portfolios - > 30 and <= 36 Month,30/11/2011,-8.5173974894328E-07
2000033,BONDMATPORT,6036,Fama Maturity Portfolios - > 30 and <= 36 Month,30/12/2011,1.2640945516719E-03
2000033,BONDMATPORT,6036,Fama Maturity Portfolios - > 30 and <= 36 Month,31/01/2012,2.4056537255885E-03
2000033,BONDMATPORT,6036,Fama Maturity Portfolios - > 30 and <= 36 Month,29/02/2012,-2.9576610201544E-03
2000033,BONDMATPORT,6036,Fama Maturity Portfolios - > 30 and <= 36 Month,30/03/2012,-1.6916012510131E-03
2000033,BONDMATPORT,6036,Fama Maturity Portfolios - > 30 and <= 36 Month,30/04/2012,3.9829391598613E-03
2000033,BONDMATPORT,6036,Fama Maturity Portfolios - > 30 and <= 36 Month,31/05/2012,1.1715093393845E-03
2000033,BONDMATPORT,6036,Fama Maturity Portfolios - > 30 and <= 36 Month,29/06/2012,-8.5132386775896E-04
2000033,BONDMATPORT,6036,Fama Maturity Portfolios - > 30 and <= 36 Month,31/07/2012,3.9958257334334E-03
2000033,BONDMATPORT,6036,Fama Maturity Portfolios - > 30 and <= 36 Month,31/08/2012,1.6854591006966E-05
2000033,BONDMATPORT,6036,Fama Maturity Portfolios - > 30 and <= 36 Month,28/09/2012,-1.9204873855710E-04
2000033,BONDMATPORT,6036,Fama Maturity Portfolios - > 30 and <= 36 Month,31/10/2012,-1.2389785524177E-03
2000033,BONDMATPORT,6036,Fama Maturity Portfolios - > 30 and <= 36 Month,30/11/2012,1.6613782034428E-03
2000033,BONDMATPORT,6036,Fama Maturity Portfolios - > 30 and <= 36 Month,31/12/2012,-4.7337599204983E-06
2000033,BONDMATPORT,6036,Fama Maturity Portfolios - > 30 and <= 36 Month,31/01/2013,-4.6797130879149E-04
2000033,BONDMATPORT,6036,Fama Maturity Portfolios - > 30 and <= 36 Month,28/02/2013,2.1011733301544E-03
2000033,BONDMATPORT,6036,Fama Maturity Portfolios - > 30 and <= 36 Month,28/03/2013,1.3088866592760E-04
2000033,BONDMATPORT,6036,Fama Maturity Portfolios - > 30 and <= 36 Month,30/04/2013,1.7904417167750E-03
2000033,BONDMATPORT,6036,Fama Maturity Portfolios - > 30 and <= 36 Month,31/05/2013,-3.6886304262823E-03
2000033,BONDMATPORT,6036,Fama Maturity Portfolios - > 30 and <= 36 Month,28/06/2013,-3.0525300967245E-03
2000033,BONDMATPORT,6036,Fama Maturity Portfolios - > 30 and <= 36 Month,31/07/2013,3.0382187538670E-03
2000033,BONDMATPORT,6036,Fama Maturity Portfolios - > 30 and <= 36 Month,30/08/2013,-3.2955264048713E-03
2000033,BONDMATPORT,6036,Fama Maturity Portfolios - > 30 and <= 36 Month,30/09/2013,5.6774658265315E-03
2000033,BONDMATPORT,6036,Fama Maturity Portfolios - > 30 and <= 36 Month,31/10/2013,2.1969346552833E-03
2000033,BONDMATPORT,6036,Fama Maturity Portfolios - > 30 and <= 36 Month,29/11/2013,1.8214977118105E-03
2000033,BONDMATPORT,6036,Fama Maturity Portfolios - > 30 and <= 36 Month,31/12/2013,-3.8269441038169E-03
2000033,BONDMATPORT,6036,Fama Maturity Portfolios - > 30 and <= 36 Month,31/01/2014,3.7488671763834E-03
2000033,BONDMATPORT,6036,Fama Maturity Portfolios - > 30 and <= 36 Month,28/02/2014,1.4136910272537E-03
2000033,BONDMATPORT,6036,Fama Maturity Portfolios - > 30 and <= 36 Month,31/03/2014,-3.1376319525865E-03
2000033,BONDMATPORT,6036,Fama Maturity Portfolios - > 30 and <= 36 Month,30/04/2014,2.1510142705869E-03
2000033,BONDMATPORT,6036,Fama Maturity Portfolios - > 30 and <= 36 Month,30/05/2014,3.4496949545777E-03
2000033,BONDMATPORT,6036,Fama Maturity Portfolios - > 30 and <= 36 Month,30/06/2014,-6.2991948460039E-04
2000033,BONDMATPORT,6036,Fama Maturity Portfolios - > 30 and <= 36 Month,31/07/2014,-1.6971521573305E-03
2000033,BONDMATPORT,6036,Fama Maturity Portfolios - > 30 and <= 36 Month,29/08/2014,2.8358826200582E-03
2000033,BONDMATPORT,6036,Fama Maturity Portfolios - > 30 and <= 36 Month,30/09/2014,-1.0572439501184E-03
2000033,BONDMATPORT,6036,Fama Maturity Portfolios - > 30 and <= 36 Month,31/10/2014,4.8485659957745E-03
2000033,BONDMATPORT,6036,Fama Maturity Portfolios - > 30 and <= 36 Month,28/11/2014,3.1355579987661E-03
2000033,BONDMATPORT,6036,Fama Maturity Portfolios - > 30 and <= 36 Month,31/12/2014,-4.0094803203675E-03
2000033,BONDMATPORT,6036,Fama Maturity Portfolios - > 30 and <= 36 Month,30/01/2015,9.8625075563022E-03
2000033,BONDMATPORT,6036,Fama Maturity Portfolios - > 30 and <= 36 Month,27/02/2015,-5.3223500244081E-03
2000033,BONDMATPORT,6036,Fama Maturity Portfolios - > 30 and <= 36 Month,31/03/2015,4.9360233067150E-03
2000033,BONDMATPORT,6036,Fama Maturity Portfolios - > 30 and <= 36 Month,30/04/2015,6.0652058753284E-04
2000033,BONDMATPORT,6036,Fama Maturity Portfolios - > 30 and <= 36 Month,29/05/2015,6.0555182670264E-04
2000033,BONDMATPORT,6036,Fama Maturity Portfolios - > 30 and <= 36 Month,30/06/2015,-2.8500562972559E-04
2000033,BONDMATPORT,6036,Fama Maturity Portfolios - > 30 and <= 36 Month,31/07/2015,2.4077886109280E-03
2000033,BONDMATPORT,6036,Fama Maturity Portfolios - > 30 and <= 36 Month,31/08/2015,-1.4155150687907E-03
2000033,BONDMATPORT,6036,Fama Maturity Portfolios - > 30 and <= 36 Month,30/09/2015,5.6821586438625E-03
2000033,BONDMATPORT,6036,Fama Maturity Portfolios - > 30 and <= 36 Month,30/10/2015,-2.0004698358488E-03
2000033,BONDMATPORT,6036,Fama Maturity Portfolios - > 30 and <= 36 Month,30/11/2015,-3.4084704051800E-03
2000033,BONDMATPORT,6036,Fama Maturity Portfolios - > 30 and <= 36 Month,31/12/2015,-7.5358692221821E-04
2000033,BONDMATPORT,6036,Fama Maturity Portfolios - > 30 and <= 36 Month,29/01/2016,9.7682730343396E-03
2000033,BONDMATPORT,6036,Fama Maturity Portfolios - > 30 and <= 36 Month,29/02/2016,3.4017031125878E-03
2000033,BONDMATPORT,6036,Fama Maturity Portfolios - > 30 and <= 36 Month,31/03/2016,2.0471315077286E-03
2000033,BONDMATPORT,6036,Fama Maturity Portfolios - > 30 and <= 36 Month,29/04/2016,-1.0420364043980E-03
2000033,BONDMATPORT,6036,Fama Maturity Portfolios - > 30 and <= 36 Month,31/05/2016,-1.2851926210226E-03
2000033,BONDMATPORT,6036,Fama Maturity Portfolios - > 30 and <= 36 Month,30/06/2016,9.5161352658770E-03
2000033,BONDMATPORT,6036,Fama Maturity Portfolios - > 30 and <= 36 Month,29/07/2016,-6.1667601765895E-04
2000033,BONDMATPORT,6036,Fama Maturity Portfolios - > 30 and <= 36 Month,31/08/2016,-3.7667036341742E-03
2000033,BONDMATPORT,6036,Fama Maturity Portfolios - > 30 and <= 36 Month,30/09/2016,2.0953794960949E-03
2000033,BONDMATPORT,6036,Fama Maturity Portfolios - > 30 and <= 36 Month,31/10/2016,-1.7349568580952E-03
2000033,BONDMATPORT,6036,Fama Maturity Portfolios - > 30 and <= 36 Month,30/11/2016,-8.7108258597697E-03
2000033,BONDMATPORT,6036,Fama Maturity Portfolios - > 30 and <= 36 Month,30/12/2016,6.5917241377135E-04
2000033,BONDMATPORT,6036,Fama Maturity Portfolios - > 30 and <= 36 Month,31/01/2017,8.0558122566065E-04
2000033,BONDMATPORT,6036,Fama Maturity Portfolios - > 30 and <= 36 Month,28/02/2017,2.7014082880781E-04
2000033,BONDMATPORT,6036,Fama Maturity Portfolios - > 30 and <= 36 Month,31/03/2017,2.4700847647050E-03
2000033,BONDMATPORT,6036,Fama Maturity Portfolios - > 30 and <= 36 Month,28/04/2017,2.7800472820500E-03
2000033,BONDMATPORT,6036,Fama Maturity Portfolios - > 30 and <= 36 Month,31/05/2017,1.8903646288298E-03
2000033,BONDMATPORT,6036,Fama Maturity Portfolios - > 30 and <= 36 Month,30/06/2017,-1.4693249671224E-03
2000033,BONDMATPORT,6036,Fama Maturity Portfolios - > 30 and <= 36 Month,31/07/2017,2.9061410918052E-03
2000033,BONDMATPORT,6036,Fama Maturity Portfolios - > 30 and <= 36 Month,31/08/2017,3.5011682196992E-03
2000033,BONDMATPORT,6036,Fama Maturity Portfolios - > 30 and <= 36 Month,29/09/2017,-3.8103877538061E-03
2000033,BONDMATPORT,6036,Fama Maturity Portfolios - > 30 and <= 36 Month,31/10/2017,-1.0533699160413E-03
2000033,BONDMATPORT,6036,Fama Maturity Portfolios - > 30 and <= 36 Month,30/11/2017,-2.7199025203813E-03
2000033,BONDMATPORT,6036,Fama Maturity Portfolios - > 30 and <= 36 Month,29/12/2017,-7.3815018410620E-05
2000033,BONDMATPORT,6036,Fama Maturity Portfolios - > 30 and <= 36 Month,31/01/2018,-6.3439105116755E-03
2000033,BONDMATPORT,6036,Fama Maturity Portfolios - > 30 and <= 36 Month,28/02/2018,-1.1060845650153E-03
2000033,BONDMATPORT,6036,Fama Maturity Portfolios - > 30 and <= 36 Month,29/03/2018,2.5583289390710E-03
2000033,BONDMATPORT,6036,Fama Maturity Portfolios - > 30 and <= 36 Month,30/04/2018,-4.0513827252627E-03
2000033,BONDMATPORT,6036,Fama Maturity Portfolios - > 30 and <= 36 Month,31/05/2018,4.5037046843702E-03
2000033,BONDMATPORT,6036,Fama Maturity Portfolios - > 30 and <= 36 Month,29/06/2018,2.1905875944431E-04
2000033,BONDMATPORT,6036,Fama Maturity Portfolios - > 30 and <= 36 Month,31/07/2018,-1.3487875017405E-03
2000033,BONDMATPORT,6036,Fama Maturity Portfolios - > 30 and <= 36 Month,31/08/2018,4.4673551088268E-03
2000033,BONDMATPORT,6036,Fama Maturity Portfolios - > 30 and <= 36 Month,28/09/2018,-2.8378925550714E-03
2000033,BONDMATPORT,6036,Fama Maturity Portfolios - > 30 and <= 36 Month,31/10/2018,1.5878268475752E-03
2000033,BONDMATPORT,6036,Fama Maturity Portfolios - > 30 and <= 36 Month,30/11/2018,5.5864469295653E-03
2000033,BONDMATPORT,6036,Fama Maturity Portfolios - > 30 and <= 36 Month,31/12/2018,1.1009172542867E-02
2000033,BONDMATPORT,6036,Fama Maturity Portfolios - > 30 and <= 36 Month,31/01/2019,2.7627374178029E-03
2000033,BONDMATPORT,6036,Fama Maturity Portfolios - > 30 and <= 36 Month,28/02/2019,1.7099846037737E-04
2000033,BONDMATPORT,6036,Fama Maturity Portfolios - > 30 and <= 36 Month,29/03/2019,9.0798623284718E-03
2000033,BONDMATPORT,6036,Fama Maturity Portfolios - > 30 and <= 36 Month,30/04/2019,1.6015551519722E-03
2000033,BONDMATPORT,6036,Fama Maturity Portfolios - > 30 and <= 36 Month,31/05/2019,1.1152714326413E-02
2000033,BONDMATPORT,6036,Fama Maturity Portfolios - > 30 and <= 36 Month,28/06/2019,5.5073726595631E-03
2000033,BONDMATPORT,6036,Fama Maturity Portfolios - > 30 and <= 36 Month,31/07/2019,-1.1713788238689E-03
2000033,BONDMATPORT,6036,Fama Maturity Portfolios - > 30 and <= 36 Month,30/08/2019,1.1762600882942E-02
2000033,BONDMATPORT,6036,Fama Maturity Portfolios - > 30 and <= 36 Month,30/09/2019,-2.5816066726053E-03
2000033,BONDMATPORT,6036,Fama Maturity Portfolios - > 30 and <= 36 Month,31/10/2019,3.0074170572843E-03
2000033,BONDMATPORT,6036,Fama Maturity Portfolios - > 30 and <= 36 Month,29/11/2019,-1.2141900296893E-03
2000033,BONDMATPORT,6036,Fama Maturity Portfolios - > 30 and <= 36 Month,31/12/2019,1.4264426429265E-03
2000033,BONDMATPORT,6036,Fama Maturity Portfolios - > 30 and <= 36 Month,31/01/2020,9.4484530535408E-03
2000033,BONDMATPORT,6036,Fama Maturity Portfolios - > 30 and <= 36 Month,28/02/2020,1.1230024280651E-02
2000033,BONDMATPORT,6036,Fama Maturity Portfolios - > 30 and <= 36 Month,31/03/2020,1.7262641396004E-02
2000033,BONDMATPORT,6036,Fama Maturity Portfolios - > 30 and <= 36 Month,30/04/2020,1.5539376443839E-03
2000033,BONDMATPORT,6036,Fama Maturity Portfolios - > 30 and <= 36 Month,29/05/2020,1.5759317268830E-03
2000033,BONDMATPORT,6036,Fama Maturity Portfolios - > 30 and <= 36 Month,30/06/2020,9.2669944084818E-04
2000033,BONDMATPORT,6036,Fama Maturity Portfolios - > 30 and <= 36 Month,31/07/2020,1.5597813597237E-03
2000033,BONDMATPORT,6036,Fama Maturity Portfolios - > 30 and <= 36 Month,31/08/2020,-6.7553266312697E-04
2000033,BONDMATPORT,6036,Fama Maturity Portfolios - > 30 and <= 36 Month,30/09/2020,8.8972608523921E-05
2000033,BONDMATPORT,6036,Fama Maturity Portfolios - > 30 and <= 36 Month,30/10/2020,-8.9580577992455E-04
2000033,BONDMATPORT,6036,Fama Maturity Portfolios - > 30 and <= 36 Month,30/11/2020,6.0207841799873E-04
2000033,BONDMATPORT,6036,Fama Maturity Portfolios - > 30 and <= 36 Month,31/12/2020,9.2873772906938E-04
2000033,BONDMATPORT,6036,Fama Maturity Portfolios - > 30 and <= 36 Month,29/01/2021,1.0476093976077E-04
2000033,BONDMATPORT,6036,Fama Maturity Portfolios - > 30 and <= 36 Month,26/02/2021,-2.0624521066933E-03
2000033,BONDMATPORT,6036,Fama Maturity Portfolios - > 30 and <= 36 Month,31/03/2021,-6.5525096408417E-04
2000033,BONDMATPORT,6036,Fama Maturity Portfolios - > 30 and <= 36 Month,30/04/2021,1.0762988882134E-03
2000033,BONDMATPORT,6036,Fama Maturity Portfolios - > 30 and <= 36 Month,28/05/2021,1.4455137360952E-03
2000033,BONDMATPORT,6036,Fama Maturity Portfolios - > 30 and <= 36 Month,30/06/2021,-3.2436977494391E-03
2000033,BONDMATPORT,6036,Fama Maturity Portfolios - > 30 and <= 36 Month,30/07/2021,3.6698389815672E-03
2000033,BONDMATPORT,6036,Fama Maturity Portfolios - > 30 and <= 36 Month,31/08/2021,-1.0084023895311E-03
2000033,BONDMATPORT,6036,Fama Maturity Portfolios - > 30 and <= 36 Month,30/09/2021,-1.6022032433304E-03
2000033,BONDMATPORT,6036,Fama Maturity Portfolios - > 30 and <= 36 Month,29/10/2021,-5.9341000236634E-03
2000033,BONDMATPORT,6036,Fama Maturity Portfolios - > 30 and <= 36 Month,30/11/2021,-8.9542626815459E-04
2000033,BONDMATPORT,6036,Fama Maturity Portfolios - > 30 and <= 36 Month,31/12/2021,-2.3013839901653E-03
2000033,BONDMATPORT,6036,Fama Maturity Portfolios - > 30 and <= 36 Month,31/01/2022,-9.7287473602347E-03
2000033,BONDMATPORT,6036,Fama Maturity Portfolios - > 30 and <= 36 Month,28/02/2022,-5.5119001711713E-03
2000033,BONDMATPORT,6036,Fama Maturity Portfolios - > 30 and <= 36 Month,31/03/2022,-2.1857316688523E-02
2000033,BONDMATPORT,6036,Fama Maturity Portfolios - > 30 and <= 36 Month,29/04/2022,-7.6192324317971E-03
2000033,BONDMATPORT,6036,Fama Maturity Portfolios - > 30 and <= 36 Month,31/05/2022,7.2630961709148E-03
2000033,BONDMATPORT,6036,Fama Maturity Portfolios - > 30 and <= 36 Month,30/06/2022,-5.6936922891303E-03
2000033,BONDMATPORT,6036,Fama Maturity Portfolios - > 30 and <= 36 Month,29/07/2022,7.1008411372216E-03
2000033,BONDMATPORT,6036,Fama Maturity Portfolios - > 30 and <= 36 Month,31/08/2022,-1.5535292300987E-02
2000033,BONDMATPORT,6036,Fama Maturity Portfolios - > 30 and <= 36 Month,30/09/2022,-1.7476436187633E-02
2000033,BONDMATPORT,6036,Fama Maturity Portfolios - > 30 and <= 36 Month,31/10/2022,-1.0950613292389E-04
2000033,BONDMATPORT,6036,Fama Maturity Portfolios - > 30 and <= 36 Month,30/11/2022,1.3097023047879E-02
2000033,BONDMATPORT,6036,Fama Maturity Portfolios - > 30 and <= 36 Month,30/12/2022,-1.8239699790110E-03
2000033,BONDMATPORT,6036,Fama Maturity Portfolios - > 30 and <= 36 Month,31/01/2023,1.1545589206219E-02
2000033,BONDMATPORT,6036,Fama Maturity Portfolios - > 30 and <= 36 Month,28/02/2023,-1.3499180808711E-02
2000033,BONDMATPORT,6036,Fama Maturity Portfolios - > 30 and <= 36 Month,31/03/2023,2.2381303918472E-02
2000033,BONDMATPORT,6036,Fama Maturity Portfolios - > 30 and <= 36 Month,28/04/2023,4.2873247604565E-03
2000033,BONDMATPORT,6036,Fama Maturity Portfolios - > 30 and <= 36 Month,31/05/2023,-6.0041776386680E-03
2000033,BONDMATPORT,6036,Fama Maturity Portfolios - > 30 and <= 36 Month,30/06/2023,-9.9249893115646E-03
2000033,BONDMATPORT,6036,Fama Maturity Portfolios - > 30 and <= 36 Month,31/07/2023,3.3823347183097E-03
2000033,BONDMATPORT,6036,Fama Maturity Portfolios - > 30 and <= 36 Month,31/08/2023,2.7437010170948E-03
2000033,BONDMATPORT,6036,Fama Maturity Portfolios - > 30 and <= 36 Month,29/09/2023,-3.3225880418896E-03
2000033,BONDMATPORT,6036,Fama Maturity Portfolios - > 30 and <= 36 Month,31/10/2023,1.2553264027219E-03
2000033,BONDMATPORT,6036,Fama Maturity Portfolios - > 30 and <= 36 Month,30/11/2023,1.5986507482327E-02
2000033,BONDMATPORT,6036,Fama Maturity Portfolios - > 30 and <= 36 Month,29/12/2023,1.4190927268096E-02
2000033,BONDMATPORT,6036,Fama Maturity Portfolios - > 30 and <= 36 Month,31/01/2024,3.9371664302238E-03
2000033,BONDMATPORT,6036,Fama Maturity Portfolios - > 30 and <= 36 Month,29/02/2024,-8.1869381350897E-03
2000033,BONDMATPORT,6036,Fama Maturity Portfolios - > 30 and <= 36 Month,28/03/2024,3.0010481811366E-03
2000033,BONDMATPORT,6036,Fama Maturity Portfolios - > 30 and <= 36 Month,30/04/2024,-7.9979351156106E-03
2000033,BONDMATPORT,6036,Fama Maturity Portfolios - > 30 and <= 36 Month,31/05/2024,9.1105442585051E-03
2000033,BONDMATPORT,6036,Fama Maturity Portfolios - > 30 and <= 36 Month,28/06/2024,6.4044271696698E-03
2000033,BONDMATPORT,6036,Fama Maturity Portfolios - > 30 and <= 36 Month,31/07/2024,1.6353180390586E-02
2000033,BONDMATPORT,6036,Fama Maturity Portfolios - > 30 and <= 36 Month,30/08/2024,1.0553247066892E-02
2000033,BONDMATPORT,6036,Fama Maturity Portfolios - > 30 and <= 36 Month,30/09/2024,8.8494838160403E-03
2000033,BONDMATPORT,6036,Fama Maturity Portfolios - > 30 and <= 36 Month,31/10/2024,-1.1420468105070E-02
2000033,BONDMATPORT,6036,Fama Maturity Portfolios - > 30 and <= 36 Month,29/11/2024,3.8898036931450E-03
2000033,BONDMATPORT,6036,Fama Maturity Portfolios - > 30 and <= 36 Month,31/12/2024,-8.0366302779440E-04
2000033,BONDMATPORT,6036,Fama Maturity Portfolios - > 30 and <= 36 Month,31/01/2025,4.9137621487564E-03
2000033,BONDMATPORT,6036,Fama Maturity Portfolios - > 30 and <= 36 Month,28/02/2025,9.9770039452148E-03
2000033,BONDMATPORT,6036,Fama Maturity Portfolios - > 30 and <= 36 Month,31/03/2025,5.4173773504428E-03
2000033,BONDMATPORT,6036,Fama Maturity Portfolios - > 30 and <= 36 Month,30/04/2025,1.0892003601359E-02
2000033,BONDMATPORT,6036,Fama Maturity Portfolios - > 30 and <= 36 Month,30/05/2025,-4.2927392095748E-03
2000033,BONDMATPORT,6036,Fama Maturity Portfolios - > 30 and <= 36 Month,30/06/2025,7.5861929863630E-03
2000033,BONDMATPORT,6036,Fama Maturity Portfolios - > 30 and <= 36 Month,31/07/2025,-1.8367005552876E-03
2000033,BONDMATPORT,6036,Fama Maturity Portfolios - > 30 and <= 36 Month,29/08/2025,1.0865706545497E-02
2000033,BONDMATPORT,6036,Fama Maturity Portfolios - > 30 and <= 36 Month,30/09/2025,2.1661563893107E-03
2000033,BONDMATPORT,6036,Fama Maturity Portfolios - > 30 and <= 36 Month,31/10/2025,3.7799286721276E-03
2000033,BONDMATPORT,6036,Fama Maturity Portfolios - > 30 and <= 36 Month,28/11/2025,5.4213913429367E-03
2000033,BONDMATPORT,6036,Fama Maturity Portfolios - > 30 and <= 36 Month,31/12/2025,2.2375293024679E-03
2000034,BONDMATPORT,6042,Fama Maturity Portfolios - > 36 and <= 42 Month,31/01/2000,-3.2504807131482E-03
2000034,BONDMATPORT,6042,Fama Maturity Portfolios - > 36 and <= 42 Month,29/02/2000,7.1198806690215E-03
2000034,BONDMATPORT,6042,Fama Maturity Portfolios - > 36 and <= 42 Month,31/03/2000,1.0994319331597E-02
2000034,BONDMATPORT,6042,Fama Maturity Portfolios - > 36 and <= 42 Month,28/04/2000,-5.7199178705889E-05
2000034,BONDMATPORT,6042,Fama Maturity Portfolios - > 36 and <= 42 Month,31/05/2000,4.8703297087977E-03
2000034,BONDMATPORT,6042,Fama Maturity Portfolios - > 36 and <= 42 Month,30/06/2000,1.3881806987441E-02
2000034,BONDMATPORT,6042,Fama Maturity Portfolios - > 36 and <= 42 Month,31/07/2000,5.4097004807667E-03
2000034,BONDMATPORT,6042,Fama Maturity Portfolios - > 36 and <= 42 Month,31/08/2000,1.1286592346817E-02
2000034,BONDMATPORT,6042,Fama Maturity Portfolios - > 36 and <= 42 Month,29/09/2000,9.2669679275034E-03
2000034,BONDMATPORT,6042,Fama Maturity Portfolios - > 36 and <= 42 Month,31/10/2000,6.0690206538751E-03
2000034,BONDMATPORT,6042,Fama Maturity Portfolios - > 36 and <= 42 Month,30/11/2000,1.3516926803447E-02
2000034,BONDMATPORT,6042,Fama Maturity Portfolios - > 36 and <= 42 Month,29/12/2000,1.6860149482717E-02
2000034,BONDMATPORT,6042,Fama Maturity Portfolios - > 36 and <= 42 Month,31/01/2001,1.5168083121372E-02
2000034,BONDMATPORT,6042,Fama Maturity Portfolios - > 36 and <= 42 Month,28/02/2001,8.3069254975917E-03
2000034,BONDMATPORT,6042,Fama Maturity Portfolios - > 36 and <= 42 Month,30/03/2001,8.0683085326525E-03
2000034,BONDMATPORT,6042,Fama Maturity Portfolios - > 36 and <= 42 Month,30/04/2001,-1.8862403709341E-03
2000034,BONDMATPORT,6042,Fama Maturity Portfolios - > 36 and <= 42 Month,31/05/2001,5.6032933776505E-03
2000034,BONDMATPORT,6042,Fama Maturity Portfolios - > 36 and <= 42 Month,29/06/2001,2.5996469685694E-03
2000034,BONDMATPORT,6042,Fama Maturity Portfolios - > 36 and <= 42 Month,31/07/2001,1.6790351330368E-02
2000034,BONDMATPORT,6042,Fama Maturity Portfolios - > 36 and <= 42 Month,31/08/2001,9.1831834361250E-03
2000034,BONDMATPORT,6042,Fama Maturity Portfolios - > 36 and <= 42 Month,28/09/2001,2.1849851181309E-02
2000034,BONDMATPORT,6042,Fama Maturity Portfolios - > 36 and <= 42 Month,31/10/2001,1.7247232510541E-02
2000034,BONDMATPORT,6042,Fama Maturity Portfolios - > 36 and <= 42 Month,30/11/2001,-1.2425027905317E-02
2000034,BONDMATPORT,6042,Fama Maturity Portfolios - > 36 and <= 42 Month,31/12/2001,-4.7739719684363E-03
2000034,BONDMATPORT,6042,Fama Maturity Portfolios - > 36 and <= 42 Month,31/01/2002,4.0383779690605E-03
2000034,BONDMATPORT,6042,Fama Maturity Portfolios - > 36 and <= 42 Month,28/02/2002,8.8869602336883E-03
2000034,BONDMATPORT,6042,Fama Maturity Portfolios - > 36 and <= 42 Month,28/03/2002,-1.5624175896512E-02
2000034,BONDMATPORT,6042,Fama Maturity Portfolios - > 36 and <= 42 Month,30/04/2002,1.7909105179599E-02
2000034,BONDMATPORT,6042,Fama Maturity Portfolios - > 36 and <= 42 Month,31/05/2002,8.8245845669864E-03
2000034,BONDMATPORT,6042,Fama Maturity Portfolios - > 36 and <= 42 Month,28/06/2002,1.2015705068836E-02
2000034,BONDMATPORT,6042,Fama Maturity Portfolios - > 36 and <= 42 Month,31/07/2002,2.1848013502661E-02
2000034,BONDMATPORT,6042,Fama Maturity Portfolios - > 36 and <= 42 Month,30/08/2002,1.1724103074012E-02
2000034,BONDMATPORT,6042,Fama Maturity Portfolios - > 36 and <= 42 Month,30/09/2002,1.8351434295656E-02
2000034,BONDMATPORT,6042,Fama Maturity Portfolios - > 36 and <= 42 Month,31/10/2002,-6.9892947581329E-05
2000034,BONDMATPORT,6042,Fama Maturity Portfolios - > 36 and <= 42 Month,29/11/2002,-1.1849702038016E-02
2000034,BONDMATPORT,6042,Fama Maturity Portfolios - > 36 and <= 42 Month,31/12/2002,2.0536219726643E-02
2000034,BONDMATPORT,6042,Fama Maturity Portfolios - > 36 and <= 42 Month,31/01/2003,-2.4214866911132E-03
2000034,BONDMATPORT,6042,Fama Maturity Portfolios - > 36 and <= 42 Month,28/02/2003,1.1911401630691E-02
2000034,BONDMATPORT,6042,Fama Maturity Portfolios - > 36 and <= 42 Month,31/03/2003,1.3169962235205E-03
2000034,BONDMATPORT,6042,Fama Maturity Portfolios - > 36 and <= 42 Month,30/04/2003,2.7358813015222E-03
2000034,BONDMATPORT,6042,Fama Maturity Portfolios - > 36 and <= 42 Month,30/05/2003,1.4938800588937E-02
2000034,BONDMATPORT,6042,Fama Maturity Portfolios - > 36 and <= 42 Month,30/06/2003,3.6935274031123E-04
2000034,BONDMATPORT,6042,Fama Maturity Portfolios - > 36 and <= 42 Month,31/07/2003,-1.7471698306814E-02
2000034,BONDMATPORT,6042,Fama Maturity Portfolios - > 36 and <= 42 Month,29/08/2003,-3.2950899811471E-03
2000034,BONDMATPORT,6042,Fama Maturity Portfolios - > 36 and <= 42 Month,30/09/2003,2.1228628800258E-02
2000034,BONDMATPORT,6042,Fama Maturity Portfolios - > 36 and <= 42 Month,31/10/2003,-9.3933162841102E-03
2000034,BONDMATPORT,6042,Fama Maturity Portfolios - > 36 and <= 42 Month,28/11/2003,-2.1217206477945E-03
2000034,BONDMATPORT,6042,Fama Maturity Portfolios - > 36 and <= 42 Month,31/12/2003,9.5554759201819E-03
2000034,BONDMATPORT,6042,Fama Maturity Portfolios - > 36 and <= 42 Month,30/01/2004,3.8433652543340E-03
2000034,BONDMATPORT,6042,Fama Maturity Portfolios - > 36 and <= 42 Month,27/02/2004,9.4071580259282E-03
2000034,BONDMATPORT,6042,Fama Maturity Portfolios - > 36 and <= 42 Month,31/03/2004,7.5971159455316E-03
2000034,BONDMATPORT,6042,Fama Maturity Portfolios - > 36 and <= 42 Month,30/04/2004,-2.2533573606825E-02
2000034,BONDMATPORT,6042,Fama Maturity Portfolios - > 36 and <= 42 Month,28/05/2004,-3.2915957366173E-03
2000034,BONDMATPORT,6042,Fama Maturity Portfolios - > 36 and <= 42 Month,30/06/2004,2.7201816489518E-03
2000034,BONDMATPORT,6042,Fama Maturity Portfolios - > 36 and <= 42 Month,30/07/2004,4.7205650965973E-03
2000034,BONDMATPORT,6042,Fama Maturity Portfolios - > 36 and <= 42 Month,31/08/2004,1.5868810639053E-02
2000034,BONDMATPORT,6042,Fama Maturity Portfolios - > 36 and <= 42 Month,30/09/2004,-1.4605174091079E-03
2000034,BONDMATPORT,6042,Fama Maturity Portfolios - > 36 and <= 42 Month,29/10/2004,5.2342943199267E-03
2000034,BONDMATPORT,6042,Fama Maturity Portfolios - > 36 and <= 42 Month,30/11/2004,-1.0200336182823E-02
2000034,BONDMATPORT,6042,Fama Maturity Portfolios - > 36 and <= 42 Month,31/12/2004,3.9660185763881E-03
2000034,BONDMATPORT,6042,Fama Maturity Portfolios - > 36 and <= 42 Month,31/01/2005,-1.6341978062137E-03
2000034,BONDMATPORT,6042,Fama Maturity Portfolios - > 36 and <= 42 Month,28/02/2005,-7.2182957170235E-03
2000034,BONDMATPORT,6042,Fama Maturity Portfolios - > 36 and <= 42 Month,31/03/2005,-1.7586472559276E-03
2000034,BONDMATPORT,6042,Fama Maturity Portfolios - > 36 and <= 42 Month,29/04/2005,1.0241400083224E-02
2000034,BONDMATPORT,6042,Fama Maturity Portfolios - > 36 and <= 42 Month,31/05/2005,7.4048908294117E-03
2000034,BONDMATPORT,6042,Fama Maturity Portfolios - > 36 and <= 42 Month,30/06/2005,2.6798209505225E-03
2000034,BONDMATPORT,6042,Fama Maturity Portfolios - > 36 and <= 42 Month,29/07/2005,-9.6393075671573E-03
2000034,BONDMATPORT,6042,Fama Maturity Portfolios - > 36 and <= 42 Month,31/08/2005,1.1257970426909E-02
2000034,BONDMATPORT,6042,Fama Maturity Portfolios - > 36 and <= 42 Month,30/09/2005,-7.4698409244370E-03
2000034,BONDMATPORT,6042,Fama Maturity Portfolios - > 36 and <= 42 Month,31/10/2005,-3.8131367614404E-03
2000034,BONDMATPORT,6042,Fama Maturity Portfolios - > 36 and <= 42 Month,30/11/2005,4.6466292420592E-03
2000034,BONDMATPORT,6042,Fama Maturity Portfolios - > 36 and <= 42 Month,30/12/2005,4.3380310450111E-03
2000034,BONDMATPORT,6042,Fama Maturity Portfolios - > 36 and <= 42 Month,31/01/2006,4.2622484285312E-04
2000034,BONDMATPORT,6042,Fama Maturity Portfolios - > 36 and <= 42 Month,28/02/2006,-1.4342821235876E-03
2000034,BONDMATPORT,6042,Fama Maturity Portfolios - > 36 and <= 42 Month,31/03/2006,-1.0757802026054E-03
2000034,BONDMATPORT,6042,Fama Maturity Portfolios - > 36 and <= 42 Month,28/04/2006,1.9219236320429E-03
2000034,BONDMATPORT,6042,Fama Maturity Portfolios - > 36 and <= 42 Month,31/05/2006,2.4872853140890E-04
2000034,BONDMATPORT,6042,Fama Maturity Portfolios - > 36 and <= 42 Month,30/06/2006,1.4453797789834E-03
2000034,BONDMATPORT,6042,Fama Maturity Portfolios - > 36 and <= 42 Month,31/07/2006,9.9861692774891E-03
2000034,BONDMATPORT,6042,Fama Maturity Portfolios - > 36 and <= 42 Month,31/08/2006,1.0481096169689E-02
2000034,BONDMATPORT,6042,Fama Maturity Portfolios - > 36 and <= 42 Month,29/09/2006,6.7872418777647E-03
2000034,BONDMATPORT,6042,Fama Maturity Portfolios - > 36 and <= 42 Month,31/10/2006,4.2058050031673E-03
2000034,BONDMATPORT,6042,Fama Maturity Portfolios - > 36 and <= 42 Month,30/11/2006,7.0515910184424E-03
2000034,BONDMATPORT,6042,Fama Maturity Portfolios - > 36 and <= 42 Month,29/12/2006,-3.4625587688563E-03
2000034,BONDMATPORT,6042,Fama Maturity Portfolios - > 36 and <= 42 Month,31/01/2007,9.5829643661377E-04
2000034,BONDMATPORT,6042,Fama Maturity Portfolios - > 36 and <= 42 Month,28/02/2007,1.1862527791823E-02
2000034,BONDMATPORT,6042,Fama Maturity Portfolios - > 36 and <= 42 Month,30/03/2007,3.8532975014224E-03
2000034,BONDMATPORT,6042,Fama Maturity Portfolios - > 36 and <= 42 Month,30/04/2007,4.7502532062072E-03
2000034,BONDMATPORT,6042,Fama Maturity Portfolios - > 36 and <= 42 Month,31/05/2007,-6.7235956021740E-03
2000034,BONDMATPORT,6042,Fama Maturity Portfolios - > 36 and <= 42 Month,29/06/2007,2.8106339360972E-03
2000034,BONDMATPORT,6042,Fama Maturity Portfolios - > 36 and <= 42 Month,31/07/2007,1.5277981260728E-02
2000034,BONDMATPORT,6042,Fama Maturity Portfolios - > 36 and <= 42 Month,31/08/2007,1.3283367012508E-02
2000034,BONDMATPORT,6042,Fama Maturity Portfolios - > 36 and <= 42 Month,28/09/2007,6.8622732932336E-03
2000034,BONDMATPORT,6042,Fama Maturity Portfolios - > 36 and <= 42 Month,31/10/2007,6.2143486394229E-03
2000034,BONDMATPORT,6042,Fama Maturity Portfolios - > 36 and <= 42 Month,30/11/2007,3.0793116418278E-02
2000034,BONDMATPORT,6042,Fama Maturity Portfolios - > 36 and <= 42 Month,31/12/2007,1.5290525938164E-03
2000034,BONDMATPORT,6042,Fama Maturity Portfolios - > 36 and <= 42 Month,31/01/2008,2.8483102645534E-02
2000034,BONDMATPORT,6042,Fama Maturity Portfolios - > 36 and <= 42 Month,29/02/2008,1.3852599474561E-02
2000034,BONDMATPORT,6042,Fama Maturity Portfolios - > 36 and <= 42 Month,31/03/2008,4.5739387377395E-03
2000034,BONDMATPORT,6042,Fama Maturity Portfolios - > 36 and <= 42 Month,30/04/2008,-1.7283027936973E-02
2000034,BONDMATPORT,6042,Fama Maturity Portfolios - > 36 and <= 42 Month,30/05/2008,-1.2496415681124E-02
2000034,BONDMATPORT,6042,Fama Maturity Portfolios - > 36 and <= 42 Month,30/06/2008,5.5586822137977E-03
2000034,BONDMATPORT,6042,Fama Maturity Portfolios - > 36 and <= 42 Month,31/07/2008,6.8954642635047E-03
2000034,BONDMATPORT,6042,Fama Maturity Portfolios - > 36 and <= 42 Month,29/08/2008,7.6233519999019E-03
2000034,BONDMATPORT,6042,Fama Maturity Portfolios - > 36 and <= 42 Month,30/09/2008,1.1141055853673E-02
2000034,BONDMATPORT,6042,Fama Maturity Portfolios - > 36 and <= 42 Month,31/10/2008,1.9352028153990E-02
2000034,BONDMATPORT,6042,Fama Maturity Portfolios - > 36 and <= 42 Month,28/11/2008,2.2661503489987E-02
2000034,BONDMATPORT,6042,Fama Maturity Portfolios - > 36 and <= 42 Month,31/12/2008,4.9388684269702E-03
2000034,BONDMATPORT,6042,Fama Maturity Portfolios - > 36 and <= 42 Month,30/01/2009,-6.7081035026530E-03
2000034,BONDMATPORT,6042,Fama Maturity Portfolios - > 36 and <= 42 Month,27/02/2009,-2.9690583769139E-04
2000034,BONDMATPORT,6042,Fama Maturity Portfolios - > 36 and <= 42 Month,31/03/2009,1.0157204387733E-02
2000034,BONDMATPORT,6042,Fama Maturity Portfolios - > 36 and <= 42 Month,30/04/2009,-6.0382580064841E-03
2000034,BONDMATPORT,6042,Fama Maturity Portfolios - > 36 and <= 42 Month,29/05/2009,1.4917886233602E-03
2000034,BONDMATPORT,6042,Fama Maturity Portfolios - > 36 and <= 42 Month,30/06/2009,-5.1719367206276E-03
2000034,BONDMATPORT,6042,Fama Maturity Portfolios - > 36 and <= 42 Month,31/07/2009,3.8201568546195E-03
2000034,BONDMATPORT,6042,Fama Maturity Portfolios - > 36 and <= 42 Month,31/08/2009,6.7138605104218E-03
2000034,BONDMATPORT,6042,Fama Maturity Portfolios - > 36 and <= 42 Month,30/09/2009,4.0364454619800E-03
2000034,BONDMATPORT,6042,Fama Maturity Portfolios - > 36 and <= 42 Month,30/10/2009,2.7322380921545E-03
2000034,BONDMATPORT,6042,Fama Maturity Portfolios - > 36 and <= 42 Month,30/11/2009,1.2314970133821E-02
2000034,BONDMATPORT,6042,Fama Maturity Portfolios - > 36 and <= 42 Month,31/12/2009,-1.5296011038265E-02
2000034,BONDMATPORT,6042,Fama Maturity Portfolios - > 36 and <= 42 Month,29/01/2010,1.2788938920715E-02
2000034,BONDMATPORT,6042,Fama Maturity Portfolios - > 36 and <= 42 Month,26/02/2010,2.4272430187327E-03
2000034,BONDMATPORT,6042,Fama Maturity Portfolios - > 36 and <= 42 Month,31/03/2010,-4.6360004695969E-03
2000034,BONDMATPORT,6042,Fama Maturity Portfolios - > 36 and <= 42 Month,30/04/2010,5.0728346101540E-03
2000034,BONDMATPORT,6042,Fama Maturity Portfolios - > 36 and <= 42 Month,28/05/2010,9.3171984465522E-03
2000034,BONDMATPORT,6042,Fama Maturity Portfolios - > 36 and <= 42 Month,30/06/2010,1.2636399543971E-02
2000034,BONDMATPORT,6042,Fama Maturity Portfolios - > 36 and <= 42 Month,30/07/2010,7.6487706341302E-03
2000034,BONDMATPORT,6042,Fama Maturity Portfolios - > 36 and <= 42 Month,31/08/2010,5.5734353199682E-03
2000034,BONDMATPORT,6042,Fama Maturity Portfolios - > 36 and <= 42 Month,30/09/2010,2.8064186517854E-03
2000034,BONDMATPORT,6042,Fama Maturity Portfolios - > 36 and <= 42 Month,29/10/2010,5.7181365355672E-03
2000034,BONDMATPORT,6042,Fama Maturity Portfolios - > 36 and <= 42 Month,30/11/2010,-5.4962989544846E-03
2000034,BONDMATPORT,6042,Fama Maturity Portfolios - > 36 and <= 42 Month,31/12/2010,-8.5428877080734E-03
2000034,BONDMATPORT,6042,Fama Maturity Portfolios - > 36 and <= 42 Month,31/01/2011,4.5657515352131E-03
2000034,BONDMATPORT,6042,Fama Maturity Portfolios - > 36 and <= 42 Month,28/02/2011,-4.5604243884792E-03
2000034,BONDMATPORT,6042,Fama Maturity Portfolios - > 36 and <= 42 Month,31/03/2011,-2.4253401929880E-03
2000034,BONDMATPORT,6042,Fama Maturity Portfolios - > 36 and <= 42 Month,29/04/2011,1.1045764854249E-02
2000034,BONDMATPORT,6042,Fama Maturity Portfolios - > 36 and <= 42 Month,31/05/2011,9.7351057205840E-03
2000034,BONDMATPORT,6042,Fama Maturity Portfolios - > 36 and <= 42 Month,30/06/2011,8.1560696199934E-04
2000034,BONDMATPORT,6042,Fama Maturity Portfolios - > 36 and <= 42 Month,29/07/2011,1.0773035960394E-02
2000034,BONDMATPORT,6042,Fama Maturity Portfolios - > 36 and <= 42 Month,31/08/2011,8.6093068951486E-03
2000034,BONDMATPORT,6042,Fama Maturity Portfolios - > 36 and <= 42 Month,30/09/2011,-1.4227643903539E-03
2000034,BONDMATPORT,6042,Fama Maturity Portfolios - > 36 and <= 42 Month,31/10/2011,1.4379622881955E-03
2000034,BONDMATPORT,6042,Fama Maturity Portfolios - > 36 and <= 42 Month,30/11/2011,5.7485735489559E-04
2000034,BONDMATPORT,6042,Fama Maturity Portfolios - > 36 and <= 42 Month,30/12/2011,1.9463209553668E-03
2000034,BONDMATPORT,6042,Fama Maturity Portfolios - > 36 and <= 42 Month,31/01/2012,3.9518593251917E-03
2000034,BONDMATPORT,6042,Fama Maturity Portfolios - > 36 and <= 42 Month,29/02/2012,-4.0865786977027E-03
2000034,BONDMATPORT,6042,Fama Maturity Portfolios - > 36 and <= 42 Month,30/03/2012,-2.4525788598237E-03
2000034,BONDMATPORT,6042,Fama Maturity Portfolios - > 36 and <= 42 Month,30/04/2012,5.6611444364310E-03
2000034,BONDMATPORT,6042,Fama Maturity Portfolios - > 36 and <= 42 Month,31/05/2012,1.9240303551581E-03
2000034,BONDMATPORT,6042,Fama Maturity Portfolios - > 36 and <= 42 Month,29/06/2012,-1.2964551116281E-03
2000034,BONDMATPORT,6042,Fama Maturity Portfolios - > 36 and <= 42 Month,31/07/2012,5.2524458648013E-03
2000034,BONDMATPORT,6042,Fama Maturity Portfolios - > 36 and <= 42 Month,31/08/2012,1.5413918249691E-04
2000034,BONDMATPORT,6042,Fama Maturity Portfolios - > 36 and <= 42 Month,28/09/2012,-4.1605147106808E-05
2000034,BONDMATPORT,6042,Fama Maturity Portfolios - > 36 and <= 42 Month,31/10/2012,-1.6462203570792E-03
2000034,BONDMATPORT,6042,Fama Maturity Portfolios - > 36 and <= 42 Month,30/11/2012,2.6140962532052E-03
2000034,BONDMATPORT,6042,Fama Maturity Portfolios - > 36 and <= 42 Month,31/12/2012,-7.1887969154085E-04
2000034,BONDMATPORT,6042,Fama Maturity Portfolios - > 36 and <= 42 Month,31/01/2013,-8.6413820335962E-04
2000034,BONDMATPORT,6042,Fama Maturity Portfolios - > 36 and <= 42 Month,28/02/2013,2.9594268574273E-03
2000034,BONDMATPORT,6042,Fama Maturity Portfolios - > 36 and <= 42 Month,28/03/2013,4.2562406739415E-04
2000034,BONDMATPORT,6042,Fama Maturity Portfolios - > 36 and <= 42 Month,30/04/2013,2.5411461475493E-03
2000034,BONDMATPORT,6042,Fama Maturity Portfolios - > 36 and <= 42 Month,31/05/2013,-5.8044172170203E-03
2000034,BONDMATPORT,6042,Fama Maturity Portfolios - > 36 and <= 42 Month,28/06/2013,-5.3923065995720E-03
2000034,BONDMATPORT,6042,Fama Maturity Portfolios - > 36 and <= 42 Month,31/07/2013,3.6629137590610E-03
2000034,BONDMATPORT,6042,Fama Maturity Portfolios - > 36 and <= 42 Month,30/08/2013,-4.7473373174150E-03
2000034,BONDMATPORT,6042,Fama Maturity Portfolios - > 36 and <= 42 Month,30/09/2013,7.5490322638273E-03
2000034,BONDMATPORT,6042,Fama Maturity Portfolios - > 36 and <= 42 Month,31/10/2013,2.9291686883672E-03
2000034,BONDMATPORT,6042,Fama Maturity Portfolios - > 36 and <= 42 Month,29/11/2013,2.2557612887299E-03
2000034,BONDMATPORT,6042,Fama Maturity Portfolios - > 36 and <= 42 Month,31/12/2013,-5.8344885794262E-03
2000034,BONDMATPORT,6042,Fama Maturity Portfolios - > 36 and <= 42 Month,31/01/2014,5.4625317228077E-03
2000034,BONDMATPORT,6042,Fama Maturity Portfolios - > 36 and <= 42 Month,28/02/2014,1.9102348947438E-03
2000034,BONDMATPORT,6042,Fama Maturity Portfolios - > 36 and <= 42 Month,31/03/2014,-4.4612935192693E-03
2000034,BONDMATPORT,6042,Fama Maturity Portfolios - > 36 and <= 42 Month,30/04/2014,3.0764242641643E-03
2000034,BONDMATPORT,6042,Fama Maturity Portfolios - > 36 and <= 42 Month,30/05/2014,4.6863829003651E-03
2000034,BONDMATPORT,6042,Fama Maturity Portfolios - > 36 and <= 42 Month,30/06/2014,-9.6368675900120E-04
2000034,BONDMATPORT,6042,Fama Maturity Portfolios - > 36 and <= 42 Month,31/07/2014,-2.6280718962669E-03
2000034,BONDMATPORT,6042,Fama Maturity Portfolios - > 36 and <= 42 Month,29/08/2014,4.2724884643738E-03
2000034,BONDMATPORT,6042,Fama Maturity Portfolios - > 36 and <= 42 Month,30/09/2014,-1.6995619826562E-03
2000034,BONDMATPORT,6042,Fama Maturity Portfolios - > 36 and <= 42 Month,31/10/2014,6.1639994730825E-03
2000034,BONDMATPORT,6042,Fama Maturity Portfolios - > 36 and <= 42 Month,28/11/2014,4.8770575925537E-03
2000034,BONDMATPORT,6042,Fama Maturity Portfolios - > 36 and <= 42 Month,31/12/2014,-4.9562588885447E-03
2000034,BONDMATPORT,6042,Fama Maturity Portfolios - > 36 and <= 42 Month,30/01/2015,1.3441464240184E-02
2000034,BONDMATPORT,6042,Fama Maturity Portfolios - > 36 and <= 42 Month,27/02/2015,-7.0805865568294E-03
2000034,BONDMATPORT,6042,Fama Maturity Portfolios - > 36 and <= 42 Month,31/03/2015,5.8117711231173E-03
2000034,BONDMATPORT,6042,Fama Maturity Portfolios - > 36 and <= 42 Month,30/04/2015,1.0688982978147E-03
2000034,BONDMATPORT,6042,Fama Maturity Portfolios - > 36 and <= 42 Month,29/05/2015,5.6926677702086E-04
2000034,BONDMATPORT,6042,Fama Maturity Portfolios - > 36 and <= 42 Month,30/06/2015,-6.6218229861854E-04
2000034,BONDMATPORT,6042,Fama Maturity Portfolios - > 36 and <= 42 Month,31/07/2015,2.9882193008941E-03
2000034,BONDMATPORT,6042,Fama Maturity Portfolios - > 36 and <= 42 Month,31/08/2015,-6.7687148839274E-04
2000034,BONDMATPORT,6042,Fama Maturity Portfolios - > 36 and <= 42 Month,30/09/2015,7.1438347441079E-03
2000034,BONDMATPORT,6042,Fama Maturity Portfolios - > 36 and <= 42 Month,30/10/2015,-2.3609382656657E-03
2000034,BONDMATPORT,6042,Fama Maturity Portfolios - > 36 and <= 42 Month,30/11/2015,-3.5794078957199E-03
2000034,BONDMATPORT,6042,Fama Maturity Portfolios - > 36 and <= 42 Month,31/12/2015,-1.3193570286978E-03
2000034,BONDMATPORT,6042,Fama Maturity Portfolios - > 36 and <= 42 Month,29/01/2016,1.2885375519128E-02
2000034,BONDMATPORT,6042,Fama Maturity Portfolios - > 36 and <= 42 Month,29/02/2016,4.0336527228290E-03
2000034,BONDMATPORT,6042,Fama Maturity Portfolios - > 36 and <= 42 Month,31/03/2016,2.7329804789909E-03
2000034,BONDMATPORT,6042,Fama Maturity Portfolios - > 36 and <= 42 Month,29/04/2016,-1.0693146919692E-03
2000034,BONDMATPORT,6042,Fama Maturity Portfolios - > 36 and <= 42 Month,31/05/2016,-1.1748871093682E-03
2000034,BONDMATPORT,6042,Fama Maturity Portfolios - > 36 and <= 42 Month,30/06/2016,1.1581168924312E-02
2000034,BONDMATPORT,6042,Fama Maturity Portfolios - > 36 and <= 42 Month,29/07/2016,-5.9275858051942E-04
2000034,BONDMATPORT,6042,Fama Maturity Portfolios - > 36 and <= 42 Month,31/08/2016,-4.4369201603940E-03
2000034,BONDMATPORT,6042,Fama Maturity Portfolios - > 36 and <= 42 Month,30/09/2016,2.5208654795946E-03
2000034,BONDMATPORT,6042,Fama Maturity Portfolios - > 36 and <= 42 Month,31/10/2016,-1.9227688072888E-03
2000034,BONDMATPORT,6042,Fama Maturity Portfolios - > 36 and <= 42 Month,30/11/2016,-1.1794767198510E-02
2000034,BONDMATPORT,6042,Fama Maturity Portfolios - > 36 and <= 42 Month,30/12/2016,4.7992618251358E-04
2000034,BONDMATPORT,6042,Fama Maturity Portfolios - > 36 and <= 42 Month,31/01/2017,1.5317901844970E-03
2000034,BONDMATPORT,6042,Fama Maturity Portfolios - > 36 and <= 42 Month,28/02/2017,3.6832842055707E-04
2000034,BONDMATPORT,6042,Fama Maturity Portfolios - > 36 and <= 42 Month,31/03/2017,2.5638730305452E-03
2000034,BONDMATPORT,6042,Fama Maturity Portfolios - > 36 and <= 42 Month,28/04/2017,3.8761551701275E-03
2000034,BONDMATPORT,6042,Fama Maturity Portfolios - > 36 and <= 42 Month,31/05/2017,2.6909348718765E-03
2000034,BONDMATPORT,6042,Fama Maturity Portfolios - > 36 and <= 42 Month,30/06/2017,-1.5086852493944E-03
2000034,BONDMATPORT,6042,Fama Maturity Portfolios - > 36 and <= 42 Month,31/07/2017,3.0390741157255E-03
2000034,BONDMATPORT,6042,Fama Maturity Portfolios - > 36 and <= 42 Month,31/08/2017,4.5330004834829E-03
2000034,BONDMATPORT,6042,Fama Maturity Portfolios - > 36 and <= 42 Month,29/09/2017,-4.6660173185516E-03
2000034,BONDMATPORT,6042,Fama Maturity Portfolios - > 36 and <= 42 Month,31/10/2017,-1.0671166742892E-03
2000034,BONDMATPORT,6042,Fama Maturity Portfolios - > 36 and <= 42 Month,30/11/2017,-3.1054589391145E-03
2000034,BONDMATPORT,6042,Fama Maturity Portfolios - > 36 and <= 42 Month,29/12/2017,-5.1481879934596E-04
2000034,BONDMATPORT,6042,Fama Maturity Portfolios - > 36 and <= 42 Month,31/01/2018,-7.1885884447772E-03
2000034,BONDMATPORT,6042,Fama Maturity Portfolios - > 36 and <= 42 Month,28/02/2018,-1.6236361112905E-03
2000034,BONDMATPORT,6042,Fama Maturity Portfolios - > 36 and <= 42 Month,29/03/2018,3.3954459292727E-03
2000034,BONDMATPORT,6042,Fama Maturity Portfolios - > 36 and <= 42 Month,30/04/2018,-5.1820713363167E-03
2000034,BONDMATPORT,6042,Fama Maturity Portfolios - > 36 and <= 42 Month,31/05/2018,5.1927498830244E-03
2000034,BONDMATPORT,6042,Fama Maturity Portfolios - > 36 and <= 42 Month,29/06/2018,5.2448419236919E-04
2000034,BONDMATPORT,6042,Fama Maturity Portfolios - > 36 and <= 42 Month,31/07/2018,-1.5792679353805E-03
2000034,BONDMATPORT,6042,Fama Maturity Portfolios - > 36 and <= 42 Month,31/08/2018,4.8950515301470E-03
2000034,BONDMATPORT,6042,Fama Maturity Portfolios - > 36 and <= 42 Month,28/09/2018,-3.5958776610509E-03
2000034,BONDMATPORT,6042,Fama Maturity Portfolios - > 36 and <= 42 Month,31/10/2018,1.4603491105768E-03
2000034,BONDMATPORT,6042,Fama Maturity Portfolios - > 36 and <= 42 Month,30/11/2018,6.5366471553434E-03
2000034,BONDMATPORT,6042,Fama Maturity Portfolios - > 36 and <= 42 Month,31/12/2018,1.3003483016701E-02
2000034,BONDMATPORT,6042,Fama Maturity Portfolios - > 36 and <= 42 Month,31/01/2019,3.2660592447719E-03
2000034,BONDMATPORT,6042,Fama Maturity Portfolios - > 36 and <= 42 Month,28/02/2019,-1.6493925510602E-04
2000034,BONDMATPORT,6042,Fama Maturity Portfolios - > 36 and <= 42 Month,29/03/2019,1.0589550988184E-02
2000034,BONDMATPORT,6042,Fama Maturity Portfolios - > 36 and <= 42 Month,30/04/2019,1.3508876726093E-03
2000034,BONDMATPORT,6042,Fama Maturity Portfolios - > 36 and <= 42 Month,31/05/2019,1.2994992563035E-02
2000034,BONDMATPORT,6042,Fama Maturity Portfolios - > 36 and <= 42 Month,28/06/2019,6.1936630412801E-03
2000034,BONDMATPORT,6042,Fama Maturity Portfolios - > 36 and <= 42 Month,31/07/2019,-1.3968973332054E-03
2000034,BONDMATPORT,6042,Fama Maturity Portfolios - > 36 and <= 42 Month,30/08/2019,1.3977267667276E-02
2000034,BONDMATPORT,6042,Fama Maturity Portfolios - > 36 and <= 42 Month,30/09/2019,-3.2946552878209E-03
2000034,BONDMATPORT,6042,Fama Maturity Portfolios - > 36 and <= 42 Month,31/10/2019,2.9436530105176E-03
2000034,BONDMATPORT,6042,Fama Maturity Portfolios - > 36 and <= 42 Month,29/11/2019,-1.6908464166226E-03
2000034,BONDMATPORT,6042,Fama Maturity Portfolios - > 36 and <= 42 Month,31/12/2019,1.1552159295644E-03
2000034,BONDMATPORT,6042,Fama Maturity Portfolios - > 36 and <= 42 Month,31/01/2020,1.1613470359589E-02
2000034,BONDMATPORT,6042,Fama Maturity Portfolios - > 36 and <= 42 Month,28/02/2020,1.2861691340769E-02
2000034,BONDMATPORT,6042,Fama Maturity Portfolios - > 36 and <= 42 Month,31/03/2020,1.9612935633001E-02
2000034,BONDMATPORT,6042,Fama Maturity Portfolios - > 36 and <= 42 Month,30/04/2020,1.8265510961581E-03
2000034,BONDMATPORT,6042,Fama Maturity Portfolios - > 36 and <= 42 Month,29/05/2020,2.2423023113633E-03
2000034,BONDMATPORT,6042,Fama Maturity Portfolios - > 36 and <= 42 Month,30/06/2020,1.1630550283130E-03
2000034,BONDMATPORT,6042,Fama Maturity Portfolios - > 36 and <= 42 Month,31/07/2020,1.8428300033787E-03
2000034,BONDMATPORT,6042,Fama Maturity Portfolios - > 36 and <= 42 Month,31/08/2020,-7.9488465101035E-04
2000034,BONDMATPORT,6042,Fama Maturity Portfolios - > 36 and <= 42 Month,30/09/2020,1.0235749371768E-04
2000034,BONDMATPORT,6042,Fama Maturity Portfolios - > 36 and <= 42 Month,30/10/2020,-1.1972068279599E-03
2000034,BONDMATPORT,6042,Fama Maturity Portfolios - > 36 and <= 42 Month,30/11/2020,7.2962844067176E-04
2000034,BONDMATPORT,6042,Fama Maturity Portfolios - > 36 and <= 42 Month,31/12/2020,1.3809319677571E-03
2000034,BONDMATPORT,6042,Fama Maturity Portfolios - > 36 and <= 42 Month,29/01/2021,-3.5037474571539E-04
2000034,BONDMATPORT,6042,Fama Maturity Portfolios - > 36 and <= 42 Month,26/02/2021,-3.9710735354331E-03
2000034,BONDMATPORT,6042,Fama Maturity Portfolios - > 36 and <= 42 Month,31/03/2021,-1.7595612049970E-03
2000034,BONDMATPORT,6042,Fama Maturity Portfolios - > 36 and <= 42 Month,30/04/2021,2.0914740774723E-03
2000034,BONDMATPORT,6042,Fama Maturity Portfolios - > 36 and <= 42 Month,28/05/2021,2.0335197600920E-03
2000034,BONDMATPORT,6042,Fama Maturity Portfolios - > 36 and <= 42 Month,30/06/2021,-3.3758080954145E-03
2000034,BONDMATPORT,6042,Fama Maturity Portfolios - > 36 and <= 42 Month,30/07/2021,4.6184284983657E-03
2000034,BONDMATPORT,6042,Fama Maturity Portfolios - > 36 and <= 42 Month,31/08/2021,-1.2247491270427E-03
2000034,BONDMATPORT,6042,Fama Maturity Portfolios - > 36 and <= 42 Month,30/09/2021,-2.3730487034612E-03
2000034,BONDMATPORT,6042,Fama Maturity Portfolios - > 36 and <= 42 Month,29/10/2021,-6.7211254839003E-03
2000034,BONDMATPORT,6042,Fama Maturity Portfolios - > 36 and <= 42 Month,30/11/2021,-1.0066694273706E-03
2000034,BONDMATPORT,6042,Fama Maturity Portfolios - > 36 and <= 42 Month,31/12/2021,-2.1841724165857E-03
2000034,BONDMATPORT,6042,Fama Maturity Portfolios - > 36 and <= 42 Month,31/01/2022,-1.0999679451415E-02
2000034,BONDMATPORT,6042,Fama Maturity Portfolios - > 36 and <= 42 Month,28/02/2022,-5.5856973571726E-03
2000034,BONDMATPORT,6042,Fama Maturity Portfolios - > 36 and <= 42 Month,31/03/2022,-2.5356780268008E-02
2000034,BONDMATPORT,6042,Fama Maturity Portfolios - > 36 and <= 42 Month,29/04/2022,-9.7045571774001E-03
2000034,BONDMATPORT,6042,Fama Maturity Portfolios - > 36 and <= 42 Month,31/05/2022,7.8314990313968E-03
2000034,BONDMATPORT,6042,Fama Maturity Portfolios - > 36 and <= 42 Month,30/06/2022,-6.1002050232619E-03
2000034,BONDMATPORT,6042,Fama Maturity Portfolios - > 36 and <= 42 Month,29/07/2022,9.9787099039461E-03
2000034,BONDMATPORT,6042,Fama Maturity Portfolios - > 36 and <= 42 Month,31/08/2022,-1.9896405796615E-02
2000034,BONDMATPORT,6042,Fama Maturity Portfolios - > 36 and <= 42 Month,30/09/2022,-2.0472215534781E-02
2000034,BONDMATPORT,6042,Fama Maturity Portfolios - > 36 and <= 42 Month,31/10/2022,-9.4652602657820E-04
2000034,BONDMATPORT,6042,Fama Maturity Portfolios - > 36 and <= 42 Month,30/11/2022,1.6811846017734E-02
2000034,BONDMATPORT,6042,Fama Maturity Portfolios - > 36 and <= 42 Month,30/12/2022,-2.4181228176876E-03
2000034,BONDMATPORT,6042,Fama Maturity Portfolios - > 36 and <= 42 Month,31/01/2023,1.3703453963272E-02
2000034,BONDMATPORT,6042,Fama Maturity Portfolios - > 36 and <= 42 Month,28/02/2023,-1.6372638541216E-02
2000034,BONDMATPORT,6042,Fama Maturity Portfolios - > 36 and <= 42 Month,31/03/2023,2.3950545722414E-02
2000034,BONDMATPORT,6042,Fama Maturity Portfolios - > 36 and <= 42 Month,28/04/2023,6.2177249113356E-03
2000034,BONDMATPORT,6042,Fama Maturity Portfolios - > 36 and <= 42 Month,31/05/2023,-7.0917136885264E-03
2000034,BONDMATPORT,6042,Fama Maturity Portfolios - > 36 and <= 42 Month,30/06/2023,-1.0935820818209E-02
2000034,BONDMATPORT,6042,Fama Maturity Portfolios - > 36 and <= 42 Month,31/07/2023,3.2879378920008E-03
2000034,BONDMATPORT,6042,Fama Maturity Portfolios - > 36 and <= 42 Month,31/08/2023,1.8715420106264E-03
2000034,BONDMATPORT,6042,Fama Maturity Portfolios - > 36 and <= 42 Month,29/09/2023,-5.2026316397492E-03
2000034,BONDMATPORT,6042,Fama Maturity Portfolios - > 36 and <= 42 Month,31/10/2023,-5.2724826451482E-05
2000034,BONDMATPORT,6042,Fama Maturity Portfolios - > 36 and <= 42 Month,30/11/2023,1.9521960067655E-02
2000034,BONDMATPORT,6042,Fama Maturity Portfolios - > 36 and <= 42 Month,29/12/2023,1.6481305018479E-02
2000034,BONDMATPORT,6042,Fama Maturity Portfolios - > 36 and <= 42 Month,31/01/2024,4.1767275537627E-03
2000034,BONDMATPORT,6042,Fama Maturity Portfolios - > 36 and <= 42 Month,29/02/2024,-1.0475477155540E-02
2000034,BONDMATPORT,6042,Fama Maturity Portfolios - > 36 and <= 42 Month,28/03/2024,3.3533122513270E-03
2000034,BONDMATPORT,6042,Fama Maturity Portfolios - > 36 and <= 42 Month,30/04/2024,-1.0671261298227E-02
2000034,BONDMATPORT,6042,Fama Maturity Portfolios - > 36 and <= 42 Month,31/05/2024,1.0307659579084E-02
2000034,BONDMATPORT,6042,Fama Maturity Portfolios - > 36 and <= 42 Month,28/06/2024,6.9450816035245E-03
2000034,BONDMATPORT,6042,Fama Maturity Portfolios - > 36 and <= 42 Month,31/07/2024,1.9105860401916E-02
2000034,BONDMATPORT,6042,Fama Maturity Portfolios - > 36 and <= 42 Month,30/08/2024,1.0710391469652E-02
2000034,BONDMATPORT,6042,Fama Maturity Portfolios - > 36 and <= 42 Month,30/09/2024,9.3333929788460E-03
2000034,BONDMATPORT,6042,Fama Maturity Portfolios - > 36 and <= 42 Month,31/10/2024,-1.4082081279320E-02
2000034,BONDMATPORT,6042,Fama Maturity Portfolios - > 36 and <= 42 Month,29/11/2024,4.6177465006704E-03
2000034,BONDMATPORT,6042,Fama Maturity Portfolios - > 36 and <= 42 Month,31/12/2024,-2.5747414714515E-03
2000034,BONDMATPORT,6042,Fama Maturity Portfolios - > 36 and <= 42 Month,31/01/2025,5.3621193758724E-03
2000034,BONDMATPORT,6042,Fama Maturity Portfolios - > 36 and <= 42 Month,28/02/2025,1.1975379033812E-02
2000034,BONDMATPORT,6042,Fama Maturity Portfolios - > 36 and <= 42 Month,31/03/2025,5.8695209573570E-03
2000034,BONDMATPORT,6042,Fama Maturity Portfolios - > 36 and <= 42 Month,30/04/2025,1.2121823439416E-02
2000034,BONDMATPORT,6042,Fama Maturity Portfolios - > 36 and <= 42 Month,30/05/2025,-5.1444503666964E-03
2000034,BONDMATPORT,6042,Fama Maturity Portfolios - > 36 and <= 42 Month,30/06/2025,8.5383949181087E-03
2000034,BONDMATPORT,6042,Fama Maturity Portfolios - > 36 and <= 42 Month,31/07/2025,-2.3315035741328E-03
2000034,BONDMATPORT,6042,Fama Maturity Portfolios - > 36 and <= 42 Month,29/08/2025,1.2095089241819E-02
2000034,BONDMATPORT,6042,Fama Maturity Portfolios - > 36 and <= 42 Month,30/09/2025,1.7291073852765E-03
2000034,BONDMATPORT,6042,Fama Maturity Portfolios - > 36 and <= 42 Month,31/10/2025,4.0141611636232E-03
2000034,BONDMATPORT,6042,Fama Maturity Portfolios - > 36 and <= 42 Month,28/11/2025,5.9210100542213E-03
2000034,BONDMATPORT,6042,Fama Maturity Portfolios - > 36 and <= 42 Month,31/12/2025,1.6136221916840E-03
2000035,BONDMATPORT,6048,Fama Maturity Portfolios - > 42 and <= 48 Month,31/01/2000,-3.3783888086396E-03
2000035,BONDMATPORT,6048,Fama Maturity Portfolios - > 42 and <= 48 Month,29/02/2000,7.4723194512977E-03
2000035,BONDMATPORT,6048,Fama Maturity Portfolios - > 42 and <= 48 Month,31/03/2000,1.3130238420309E-02
2000035,BONDMATPORT,6048,Fama Maturity Portfolios - > 42 and <= 48 Month,28/04/2000,-1.3640350884791E-03
2000035,BONDMATPORT,6048,Fama Maturity Portfolios - > 42 and <= 48 Month,31/05/2000,4.6784391605033E-03
2000035,BONDMATPORT,6048,Fama Maturity Portfolios - > 42 and <= 48 Month,30/06/2000,1.5357589756170E-02
2000035,BONDMATPORT,6048,Fama Maturity Portfolios - > 42 and <= 48 Month,31/07/2000,6.0627386138388E-03
2000035,BONDMATPORT,6048,Fama Maturity Portfolios - > 42 and <= 48 Month,31/08/2000,1.1934466621991E-02
2000035,BONDMATPORT,6048,Fama Maturity Portfolios - > 42 and <= 48 Month,29/09/2000,9.4509224793000E-03
2000035,BONDMATPORT,6048,Fama Maturity Portfolios - > 42 and <= 48 Month,31/10/2000,6.2727946584846E-03
2000035,BONDMATPORT,6048,Fama Maturity Portfolios - > 42 and <= 48 Month,30/11/2000,1.4191434500008E-02
2000035,BONDMATPORT,6048,Fama Maturity Portfolios - > 42 and <= 48 Month,29/12/2000,1.8257187777818E-02
2000035,BONDMATPORT,6048,Fama Maturity Portfolios - > 42 and <= 48 Month,31/01/2001,1.4263922387678E-02
2000035,BONDMATPORT,6048,Fama Maturity Portfolios - > 42 and <= 48 Month,28/02/2001,8.9653495954633E-03
2000035,BONDMATPORT,6048,Fama Maturity Portfolios - > 42 and <= 48 Month,30/03/2001,8.2118258020006E-03
2000035,BONDMATPORT,6048,Fama Maturity Portfolios - > 42 and <= 48 Month,30/04/2001,-3.3814239632348E-03
2000035,BONDMATPORT,6048,Fama Maturity Portfolios - > 42 and <= 48 Month,31/05/2001,4.0453126264237E-03
2000035,BONDMATPORT,6048,Fama Maturity Portfolios - > 42 and <= 48 Month,29/06/2001,2.5727916484586E-03
2000035,BONDMATPORT,6048,Fama Maturity Portfolios - > 42 and <= 48 Month,31/07/2001,1.9260981461373E-02
2000035,BONDMATPORT,6048,Fama Maturity Portfolios - > 42 and <= 48 Month,31/08/2001,9.7175553046086E-03
2000035,BONDMATPORT,6048,Fama Maturity Portfolios - > 42 and <= 48 Month,28/09/2001,2.2833165212993E-02
2000035,BONDMATPORT,6048,Fama Maturity Portfolios - > 42 and <= 48 Month,31/10/2001,1.8075808331557E-02
2000035,BONDMATPORT,6048,Fama Maturity Portfolios - > 42 and <= 48 Month,30/11/2001,-1.4643189236759E-02
2000035,BONDMATPORT,6048,Fama Maturity Portfolios - > 42 and <= 48 Month,31/12/2001,-5.8798593917834E-03
2000035,BONDMATPORT,6048,Fama Maturity Portfolios - > 42 and <= 48 Month,31/01/2002,4.3299796021710E-03
2000035,BONDMATPORT,6048,Fama Maturity Portfolios - > 42 and <= 48 Month,28/02/2002,9.8123094125245E-03
2000035,BONDMATPORT,6048,Fama Maturity Portfolios - > 42 and <= 48 Month,28/03/2002,-1.7997231227912E-02
2000035,BONDMATPORT,6048,Fama Maturity Portfolios - > 42 and <= 48 Month,30/04/2002,1.9614507692113E-02
2000035,BONDMATPORT,6048,Fama Maturity Portfolios - > 42 and <= 48 Month,31/05/2002,1.0192902643437E-02
2000035,BONDMATPORT,6048,Fama Maturity Portfolios - > 42 and <= 48 Month,28/06/2002,1.3467514205925E-02
2000035,BONDMATPORT,6048,Fama Maturity Portfolios - > 42 and <= 48 Month,31/07/2002,2.4384693281375E-02
2000035,BONDMATPORT,6048,Fama Maturity Portfolios - > 42 and <= 48 Month,30/08/2002,1.2959493854243E-02
2000035,BONDMATPORT,6048,Fama Maturity Portfolios - > 42 and <= 48 Month,30/09/2002,2.1684700269004E-02
2000035,BONDMATPORT,6048,Fama Maturity Portfolios - > 42 and <= 48 Month,31/10/2002,-1.3023905357850E-03
2000035,BONDMATPORT,6048,Fama Maturity Portfolios - > 42 and <= 48 Month,29/11/2002,-1.4386632723819E-02
2000035,BONDMATPORT,6048,Fama Maturity Portfolios - > 42 and <= 48 Month,31/12/2002,2.3079249559008E-02
2000035,BONDMATPORT,6048,Fama Maturity Portfolios - > 42 and <= 48 Month,31/01/2003,-3.9391126135885E-03
2000035,BONDMATPORT,6048,Fama Maturity Portfolios - > 42 and <= 48 Month,28/02/2003,1.3406607741066E-02
2000035,BONDMATPORT,6048,Fama Maturity Portfolios - > 42 and <= 48 Month,31/03/2003,8.9734012672996E-04
2000035,BONDMATPORT,6048,Fama Maturity Portfolios - > 42 and <= 48 Month,30/04/2003,2.7400541584154E-03
2000035,BONDMATPORT,6048,Fama Maturity Portfolios - > 42 and <= 48 Month,30/05/2003,1.8850840444949E-02
2000035,BONDMATPORT,6048,Fama Maturity Portfolios - > 42 and <= 48 Month,30/06/2003,-9.7675191464125E-04
2000035,BONDMATPORT,6048,Fama Maturity Portfolios - > 42 and <= 48 Month,31/07/2003,-2.1480525753082E-02
2000035,BONDMATPORT,6048,Fama Maturity Portfolios - > 42 and <= 48 Month,29/08/2003,-3.5041074775291E-03
2000035,BONDMATPORT,6048,Fama Maturity Portfolios - > 42 and <= 48 Month,30/09/2003,2.5390148008414E-02
2000035,BONDMATPORT,6048,Fama Maturity Portfolios - > 42 and <= 48 Month,31/10/2003,-1.1022179098803E-02
2000035,BONDMATPORT,6048,Fama Maturity Portfolios - > 42 and <= 48 Month,28/11/2003,-1.9505393611376E-03
2000035,BONDMATPORT,6048,Fama Maturity Portfolios - > 42 and <= 48 Month,31/12/2003,9.7845424113993E-03
2000035,BONDMATPORT,6048,Fama Maturity Portfolios - > 42 and <= 48 Month,30/01/2004,5.1204927380916E-03
2000035,BONDMATPORT,6048,Fama Maturity Portfolios - > 42 and <= 48 Month,27/02/2004,1.0832721323643E-02
2000035,BONDMATPORT,6048,Fama Maturity Portfolios - > 42 and <= 48 Month,31/03/2004,8.9002874470561E-03
2000035,BONDMATPORT,6048,Fama Maturity Portfolios - > 42 and <= 48 Month,30/04/2004,-2.6880991807179E-02
2000035,BONDMATPORT,6048,Fama Maturity Portfolios - > 42 and <= 48 Month,28/05/2004,-4.0220637542036E-03
2000035,BONDMATPORT,6048,Fama Maturity Portfolios - > 42 and <= 48 Month,30/06/2004,3.9891224266571E-03
2000035,BONDMATPORT,6048,Fama Maturity Portfolios - > 42 and <= 48 Month,30/07/2004,5.7293097278556E-03
2000035,BONDMATPORT,6048,Fama Maturity Portfolios - > 42 and <= 48 Month,31/08/2004,1.7194123575698E-02
2000035,BONDMATPORT,6048,Fama Maturity Portfolios - > 42 and <= 48 Month,30/09/2004,-6.0342214577806E-04
2000035,BONDMATPORT,6048,Fama Maturity Portfolios - > 42 and <= 48 Month,29/10/2004,6.1042722562078E-03
2000035,BONDMATPORT,6048,Fama Maturity Portfolios - > 42 and <= 48 Month,30/11/2004,-1.1812312432388E-02
2000035,BONDMATPORT,6048,Fama Maturity Portfolios - > 42 and <= 48 Month,31/12/2004,4.7707461500077E-03
2000035,BONDMATPORT,6048,Fama Maturity Portfolios - > 42 and <= 48 Month,31/01/2005,-7.8261428316512E-04
2000035,BONDMATPORT,6048,Fama Maturity Portfolios - > 42 and <= 48 Month,28/02/2005,-8.7731065977009E-03
2000035,BONDMATPORT,6048,Fama Maturity Portfolios - > 42 and <= 48 Month,31/03/2005,-2.1127172613903E-03
2000035,BONDMATPORT,6048,Fama Maturity Portfolios - > 42 and <= 48 Month,29/04/2005,1.1745673520761E-02
2000035,BONDMATPORT,6048,Fama Maturity Portfolios - > 42 and <= 48 Month,31/05/2005,8.1115026106884E-03
2000035,BONDMATPORT,6048,Fama Maturity Portfolios - > 42 and <= 48 Month,30/06/2005,3.3421613553120E-03
2000035,BONDMATPORT,6048,Fama Maturity Portfolios - > 42 and <= 48 Month,29/07/2005,-1.2013387512498E-02
2000035,BONDMATPORT,6048,Fama Maturity Portfolios - > 42 and <= 48 Month,31/08/2005,1.3131477180730E-02
2000035,BONDMATPORT,6048,Fama Maturity Portfolios - > 42 and <= 48 Month,30/09/2005,-8.9272309281474E-03
2000035,BONDMATPORT,6048,Fama Maturity Portfolios - > 42 and <= 48 Month,31/10/2005,-4.8690044688802E-03
2000035,BONDMATPORT,6048,Fama Maturity Portfolios - > 42 and <= 48 Month,30/11/2005,4.9599074302940E-03
2000035,BONDMATPORT,6048,Fama Maturity Portfolios - > 42 and <= 48 Month,30/12/2005,5.1429409594616E-03
2000035,BONDMATPORT,6048,Fama Maturity Portfolios - > 42 and <= 48 Month,31/01/2006,-5.3468427579161E-04
2000035,BONDMATPORT,6048,Fama Maturity Portfolios - > 42 and <= 48 Month,28/02/2006,-1.6949167844823E-03
2000035,BONDMATPORT,6048,Fama Maturity Portfolios - > 42 and <= 48 Month,31/03/2006,-2.2713078784260E-03
2000035,BONDMATPORT,6048,Fama Maturity Portfolios - > 42 and <= 48 Month,28/04/2006,1.4300897353685E-03
2000035,BONDMATPORT,6048,Fama Maturity Portfolios - > 42 and <= 48 Month,31/05/2006,-3.2403978498506E-05
2000035,BONDMATPORT,6048,Fama Maturity Portfolios - > 42 and <= 48 Month,30/06/2006,1.3446251359233E-03
2000035,BONDMATPORT,6048,Fama Maturity Portfolios - > 42 and <= 48 Month,31/07/2006,1.1056376270804E-02
2000035,BONDMATPORT,6048,Fama Maturity Portfolios - > 42 and <= 48 Month,31/08/2006,1.1343910641889E-02
2000035,BONDMATPORT,6048,Fama Maturity Portfolios - > 42 and <= 48 Month,29/09/2006,7.2188004580706E-03
2000035,BONDMATPORT,6048,Fama Maturity Portfolios - > 42 and <= 48 Month,31/10/2006,4.3255916426676E-03
2000035,BONDMATPORT,6048,Fama Maturity Portfolios - > 42 and <= 48 Month,30/11/2006,7.6136566565437E-03
2000035,BONDMATPORT,6048,Fama Maturity Portfolios - > 42 and <= 48 Month,29/12/2006,-4.5198215461878E-03
2000035,BONDMATPORT,6048,Fama Maturity Portfolios - > 42 and <= 48 Month,31/01/2007,3.2455092079033E-04
2000035,BONDMATPORT,6048,Fama Maturity Portfolios - > 42 and <= 48 Month,28/02/2007,1.3150803040165E-02
2000035,BONDMATPORT,6048,Fama Maturity Portfolios - > 42 and <= 48 Month,30/03/2007,3.5961414633809E-03
2000035,BONDMATPORT,6048,Fama Maturity Portfolios - > 42 and <= 48 Month,30/04/2007,4.9525865042605E-03
2000035,BONDMATPORT,6048,Fama Maturity Portfolios - > 42 and <= 48 Month,31/05/2007,-7.9473399343546E-03
2000035,BONDMATPORT,6048,Fama Maturity Portfolios - > 42 and <= 48 Month,29/06/2007,2.2813276635876E-03
2000035,BONDMATPORT,6048,Fama Maturity Portfolios - > 42 and <= 48 Month,31/07/2007,1.6523007718924E-02
2000035,BONDMATPORT,6048,Fama Maturity Portfolios - > 42 and <= 48 Month,31/08/2007,1.4316228704944E-02
2000035,BONDMATPORT,6048,Fama Maturity Portfolios - > 42 and <= 48 Month,28/09/2007,6.8177445461421E-03
2000035,BONDMATPORT,6048,Fama Maturity Portfolios - > 42 and <= 48 Month,31/10/2007,6.6400473351803E-03
2000035,BONDMATPORT,6048,Fama Maturity Portfolios - > 42 and <= 48 Month,30/11/2007,3.2073360188228E-02
2000035,BONDMATPORT,6048,Fama Maturity Portfolios - > 42 and <= 48 Month,31/12/2007,1.5984866369472E-03
2000035,BONDMATPORT,6048,Fama Maturity Portfolios - > 42 and <= 48 Month,31/01/2008,3.0685872557673E-02
2000035,BONDMATPORT,6048,Fama Maturity Portfolios - > 42 and <= 48 Month,29/02/2008,1.4993467355864E-02
2000035,BONDMATPORT,6048,Fama Maturity Portfolios - > 42 and <= 48 Month,31/03/2008,4.4123698531211E-03
2000035,BONDMATPORT,6048,Fama Maturity Portfolios - > 42 and <= 48 Month,30/04/2008,-1.9093076675418E-02
2000035,BONDMATPORT,6048,Fama Maturity Portfolios - > 42 and <= 48 Month,30/05/2008,-1.3067301515903E-02
2000035,BONDMATPORT,6048,Fama Maturity Portfolios - > 42 and <= 48 Month,30/06/2008,5.6803260453871E-03
2000035,BONDMATPORT,6048,Fama Maturity Portfolios - > 42 and <= 48 Month,31/07/2008,7.8838894084467E-03
2000035,BONDMATPORT,6048,Fama Maturity Portfolios - > 42 and <= 48 Month,29/08/2008,8.3338590235471E-03
2000035,BONDMATPORT,6048,Fama Maturity Portfolios - > 42 and <= 48 Month,30/09/2008,1.0958033771252E-02
2000035,BONDMATPORT,6048,Fama Maturity Portfolios - > 42 and <= 48 Month,31/10/2008,2.1402658157829E-02
2000035,BONDMATPORT,6048,Fama Maturity Portfolios - > 42 and <= 48 Month,28/11/2008,3.2234507235940E-02
2000035,BONDMATPORT,6048,Fama Maturity Portfolios - > 42 and <= 48 Month,31/12/2008,4.2804706419434E-03
2000035,BONDMATPORT,6048,Fama Maturity Portfolios - > 42 and <= 48 Month,30/01/2009,-1.1938304720140E-02
2000035,BONDMATPORT,6048,Fama Maturity Portfolios - > 42 and <= 48 Month,27/02/2009,-2.4839808544216E-03
2000035,BONDMATPORT,6048,Fama Maturity Portfolios - > 42 and <= 48 Month,31/03/2009,1.1703469232081E-02
2000035,BONDMATPORT,6048,Fama Maturity Portfolios - > 42 and <= 48 Month,30/04/2009,-8.4772281796624E-03
2000035,BONDMATPORT,6048,Fama Maturity Portfolios - > 42 and <= 48 Month,29/05/2009,-1.9174864923782E-03
2000035,BONDMATPORT,6048,Fama Maturity Portfolios - > 42 and <= 48 Month,30/06/2009,-6.8475987437025E-03
2000035,BONDMATPORT,6048,Fama Maturity Portfolios - > 42 and <= 48 Month,31/07/2009,4.9506021464206E-03
2000035,BONDMATPORT,6048,Fama Maturity Portfolios - > 42 and <= 48 Month,31/08/2009,8.0161491574313E-03
2000035,BONDMATPORT,6048,Fama Maturity Portfolios - > 42 and <= 48 Month,30/09/2009,5.0192092647202E-03
2000035,BONDMATPORT,6048,Fama Maturity Portfolios - > 42 and <= 48 Month,30/10/2009,2.4235670092477E-03
2000035,BONDMATPORT,6048,Fama Maturity Portfolios - > 42 and <= 48 Month,30/11/2009,1.4474915557689E-02
2000035,BONDMATPORT,6048,Fama Maturity Portfolios - > 42 and <= 48 Month,31/12/2009,-1.8413675445642E-02
2000035,BONDMATPORT,6048,Fama Maturity Portfolios - > 42 and <= 48 Month,29/01/2010,1.4836202101866E-02
2000035,BONDMATPORT,6048,Fama Maturity Portfolios - > 42 and <= 48 Month,26/02/2010,2.9746343507942E-03
2000035,BONDMATPORT,6048,Fama Maturity Portfolios - > 42 and <= 48 Month,31/03/2010,-6.3131338504089E-03
2000035,BONDMATPORT,6048,Fama Maturity Portfolios - > 42 and <= 48 Month,30/04/2010,6.9192890915464E-03
2000035,BONDMATPORT,6048,Fama Maturity Portfolios - > 42 and <= 48 Month,28/05/2010,9.9959683758102E-03
2000035,BONDMATPORT,6048,Fama Maturity Portfolios - > 42 and <= 48 Month,30/06/2010,1.4737270448221E-02
2000035,BONDMATPORT,6048,Fama Maturity Portfolios - > 42 and <= 48 Month,30/07/2010,1.0656058688697E-02
2000035,BONDMATPORT,6048,Fama Maturity Portfolios - > 42 and <= 48 Month,31/08/2010,7.6723437602833E-03
2000035,BONDMATPORT,6048,Fama Maturity Portfolios - > 42 and <= 48 Month,30/09/2010,3.8536118638013E-03
2000035,BONDMATPORT,6048,Fama Maturity Portfolios - > 42 and <= 48 Month,29/10/2010,6.2178157588511E-03
2000035,BONDMATPORT,6048,Fama Maturity Portfolios - > 42 and <= 48 Month,30/11/2010,-6.9561322669142E-03
2000035,BONDMATPORT,6048,Fama Maturity Portfolios - > 42 and <= 48 Month,31/12/2010,-1.2054272093266E-02
2000035,BONDMATPORT,6048,Fama Maturity Portfolios - > 42 and <= 48 Month,31/01/2011,6.0350114104349E-03
2000035,BONDMATPORT,6048,Fama Maturity Portfolios - > 42 and <= 48 Month,28/02/2011,-5.2527450190915E-03
2000035,BONDMATPORT,6048,Fama Maturity Portfolios - > 42 and <= 48 Month,31/03/2011,-2.9665060699881E-03
2000035,BONDMATPORT,6048,Fama Maturity Portfolios - > 42 and <= 48 Month,29/04/2011,1.3435883473326E-02
2000035,BONDMATPORT,6048,Fama Maturity Portfolios - > 42 and <= 48 Month,31/05/2011,1.1807073036233E-02
2000035,BONDMATPORT,6048,Fama Maturity Portfolios - > 42 and <= 48 Month,30/06/2011,-3.1972712980851E-04
2000035,BONDMATPORT,6048,Fama Maturity Portfolios - > 42 and <= 48 Month,29/07/2011,1.4915417507884E-02
2000035,BONDMATPORT,6048,Fama Maturity Portfolios - > 42 and <= 48 Month,31/08/2011,1.1007392061541E-02
2000035,BONDMATPORT,6048,Fama Maturity Portfolios - > 42 and <= 48 Month,30/09/2011,-5.2067542116775E-04
2000035,BONDMATPORT,6048,Fama Maturity Portfolios - > 42 and <= 48 Month,31/10/2011,1.9801145953652E-03
2000035,BONDMATPORT,6048,Fama Maturity Portfolios - > 42 and <= 48 Month,30/11/2011,8.6245429437951E-04
2000035,BONDMATPORT,6048,Fama Maturity Portfolios - > 42 and <= 48 Month,30/12/2011,3.2158341986953E-03
2000035,BONDMATPORT,6048,Fama Maturity Portfolios - > 42 and <= 48 Month,31/01/2012,5.2633795434578E-03
2000035,BONDMATPORT,6048,Fama Maturity Portfolios - > 42 and <= 48 Month,29/02/2012,-4.5808730203953E-03
2000035,BONDMATPORT,6048,Fama Maturity Portfolios - > 42 and <= 48 Month,30/03/2012,-3.9835038238830E-03
2000035,BONDMATPORT,6048,Fama Maturity Portfolios - > 42 and <= 48 Month,30/04/2012,7.2625044365983E-03
2000035,BONDMATPORT,6048,Fama Maturity Portfolios - > 42 and <= 48 Month,31/05/2012,3.3330757722464E-03
2000035,BONDMATPORT,6048,Fama Maturity Portfolios - > 42 and <= 48 Month,29/06/2012,-1.1780302098712E-03
2000035,BONDMATPORT,6048,Fama Maturity Portfolios - > 42 and <= 48 Month,31/07/2012,6.4335630226280E-03
2000035,BONDMATPORT,6048,Fama Maturity Portfolios - > 42 and <= 48 Month,31/08/2012,6.7569383063968E-04
2000035,BONDMATPORT,6048,Fama Maturity Portfolios - > 42 and <= 48 Month,28/09/2012,-5.1113024862354E-04
2000035,BONDMATPORT,6048,Fama Maturity Portfolios - > 42 and <= 48 Month,31/10/2012,-2.0219094456692E-03
2000035,BONDMATPORT,6048,Fama Maturity Portfolios - > 42 and <= 48 Month,30/11/2012,3.5268421571010E-03
2000035,BONDMATPORT,6048,Fama Maturity Portfolios - > 42 and <= 48 Month,31/12/2012,-1.5167435297192E-03
2000035,BONDMATPORT,6048,Fama Maturity Portfolios - > 42 and <= 48 Month,31/01/2013,-1.9708477908785E-03
2000035,BONDMATPORT,6048,Fama Maturity Portfolios - > 42 and <= 48 Month,28/02/2013,4.1003201198214E-03
2000035,BONDMATPORT,6048,Fama Maturity Portfolios - > 42 and <= 48 Month,28/03/2013,6.4302585621239E-04
2000035,BONDMATPORT,6048,Fama Maturity Portfolios - > 42 and <= 48 Month,30/04/2013,3.2895665100634E-03
2000035,BONDMATPORT,6048,Fama Maturity Portfolios - > 42 and <= 48 Month,31/05/2013,-8.1331427928499E-03
2000035,BONDMATPORT,6048,Fama Maturity Portfolios - > 42 and <= 48 Month,28/06/2013,-8.3815744610536E-03
2000035,BONDMATPORT,6048,Fama Maturity Portfolios - > 42 and <= 48 Month,31/07/2013,3.9910953546821E-03
2000035,BONDMATPORT,6048,Fama Maturity Portfolios - > 42 and <= 48 Month,30/08/2013,-6.7214666519731E-03
2000035,BONDMATPORT,6048,Fama Maturity Portfolios - > 42 and <= 48 Month,30/09/2013,9.9406658291036E-03
2000035,BONDMATPORT,6048,Fama Maturity Portfolios - > 42 and <= 48 Month,31/10/2013,3.5529438680271E-03
2000035,BONDMATPORT,6048,Fama Maturity Portfolios - > 42 and <= 48 Month,29/11/2013,2.1423672448361E-03
2000035,BONDMATPORT,6048,Fama Maturity Portfolios - > 42 and <= 48 Month,31/12/2013,-8.2534718917043E-03
2000035,BONDMATPORT,6048,Fama Maturity Portfolios - > 42 and <= 48 Month,31/01/2014,7.7437953952713E-03
2000035,BONDMATPORT,6048,Fama Maturity Portfolios - > 42 and <= 48 Month,28/02/2014,1.8688767788626E-03
2000035,BONDMATPORT,6048,Fama Maturity Portfolios - > 42 and <= 48 Month,31/03/2014,-5.7915111589333E-03
2000035,BONDMATPORT,6048,Fama Maturity Portfolios - > 42 and <= 48 Month,30/04/2014,3.7585104913206E-03
2000035,BONDMATPORT,6048,Fama Maturity Portfolios - > 42 and <= 48 Month,30/05/2014,5.9314268970806E-03
2000035,BONDMATPORT,6048,Fama Maturity Portfolios - > 42 and <= 48 Month,30/06/2014,-1.3862864928641E-03
2000035,BONDMATPORT,6048,Fama Maturity Portfolios - > 42 and <= 48 Month,31/07/2014,-4.0684031139187E-03
2000035,BONDMATPORT,6048,Fama Maturity Portfolios - > 42 and <= 48 Month,29/08/2014,5.5939139259300E-03
2000035,BONDMATPORT,6048,Fama Maturity Portfolios - > 42 and <= 48 Month,30/09/2014,-2.2827168191913E-03
2000035,BONDMATPORT,6048,Fama Maturity Portfolios - > 42 and <= 48 Month,31/10/2014,7.1516931135893E-03
2000035,BONDMATPORT,6048,Fama Maturity Portfolios - > 42 and <= 48 Month,28/11/2014,6.0837275563709E-03
2000035,BONDMATPORT,6048,Fama Maturity Portfolios - > 42 and <= 48 Month,31/12/2014,-5.4920713221981E-03
2000035,BONDMATPORT,6048,Fama Maturity Portfolios - > 42 and <= 48 Month,30/01/2015,1.7186636903267E-02
2000035,BONDMATPORT,6048,Fama Maturity Portfolios - > 42 and <= 48 Month,27/02/2015,-9.4283274293926E-03
2000035,BONDMATPORT,6048,Fama Maturity Portfolios - > 42 and <= 48 Month,31/03/2015,6.5276408852279E-03
2000035,BONDMATPORT,6048,Fama Maturity Portfolios - > 42 and <= 48 Month,30/04/2015,6.8292640073086E-04
2000035,BONDMATPORT,6048,Fama Maturity Portfolios - > 42 and <= 48 Month,29/05/2015,2.8104769539042E-04
2000035,BONDMATPORT,6048,Fama Maturity Portfolios - > 42 and <= 48 Month,30/06/2015,-1.9738174149374E-03
2000035,BONDMATPORT,6048,Fama Maturity Portfolios - > 42 and <= 48 Month,31/07/2015,4.3862555207812E-03
2000035,BONDMATPORT,6048,Fama Maturity Portfolios - > 42 and <= 48 Month,31/08/2015,-8.6843961707243E-04
2000035,BONDMATPORT,6048,Fama Maturity Portfolios - > 42 and <= 48 Month,30/09/2015,8.8362037425019E-03
2000035,BONDMATPORT,6048,Fama Maturity Portfolios - > 42 and <= 48 Month,30/10/2015,-4.0261645767123E-03
2000035,BONDMATPORT,6048,Fama Maturity Portfolios - > 42 and <= 48 Month,30/11/2015,-3.2168335002428E-03
2000035,BONDMATPORT,6048,Fama Maturity Portfolios - > 42 and <= 48 Month,31/12/2015,-2.1917087052568E-03
2000035,BONDMATPORT,6048,Fama Maturity Portfolios - > 42 and <= 48 Month,29/01/2016,1.5973765641938E-02
2000035,BONDMATPORT,6048,Fama Maturity Portfolios - > 42 and <= 48 Month,29/02/2016,4.0967989864933E-03
2000035,BONDMATPORT,6048,Fama Maturity Portfolios - > 42 and <= 48 Month,31/03/2016,3.6851056196487E-03
2000035,BONDMATPORT,6048,Fama Maturity Portfolios - > 42 and <= 48 Month,29/04/2016,-1.5778802457384E-03
2000035,BONDMATPORT,6048,Fama Maturity Portfolios - > 42 and <= 48 Month,31/05/2016,-1.7391893265667E-03
2000035,BONDMATPORT,6048,Fama Maturity Portfolios - > 42 and <= 48 Month,30/06/2016,1.4388983783078E-02
2000035,BONDMATPORT,6048,Fama Maturity Portfolios - > 42 and <= 48 Month,29/07/2016,-3.8663617607224E-04
2000035,BONDMATPORT,6048,Fama Maturity Portfolios - > 42 and <= 48 Month,31/08/2016,-5.4500614573181E-03
2000035,BONDMATPORT,6048,Fama Maturity Portfolios - > 42 and <= 48 Month,30/09/2016,2.9405682508704E-03
2000035,BONDMATPORT,6048,Fama Maturity Portfolios - > 42 and <= 48 Month,31/10/2016,-2.9999850913181E-03
2000035,BONDMATPORT,6048,Fama Maturity Portfolios - > 42 and <= 48 Month,30/11/2016,-1.5622045865441E-02
2000035,BONDMATPORT,6048,Fama Maturity Portfolios - > 42 and <= 48 Month,30/12/2016,6.3397972442057E-04
2000035,BONDMATPORT,6048,Fama Maturity Portfolios - > 42 and <= 48 Month,31/01/2017,2.2034070701475E-03
2000035,BONDMATPORT,6048,Fama Maturity Portfolios - > 42 and <= 48 Month,28/02/2017,3.3719686670138E-04
2000035,BONDMATPORT,6048,Fama Maturity Portfolios - > 42 and <= 48 Month,31/03/2017,2.8713897594643E-03
2000035,BONDMATPORT,6048,Fama Maturity Portfolios - > 42 and <= 48 Month,28/04/2017,4.7900575340991E-03
2000035,BONDMATPORT,6048,Fama Maturity Portfolios - > 42 and <= 48 Month,31/05/2017,3.4780028334126E-03
2000035,BONDMATPORT,6048,Fama Maturity Portfolios - > 42 and <= 48 Month,30/06/2017,-1.9057264619743E-03
2000035,BONDMATPORT,6048,Fama Maturity Portfolios - > 42 and <= 48 Month,31/07/2017,3.3027689024673E-03
2000035,BONDMATPORT,6048,Fama Maturity Portfolios - > 42 and <= 48 Month,31/08/2017,5.5638334538897E-03
2000035,BONDMATPORT,6048,Fama Maturity Portfolios - > 42 and <= 48 Month,29/09/2017,-5.5956844011574E-03
2000035,BONDMATPORT,6048,Fama Maturity Portfolios - > 42 and <= 48 Month,31/10/2017,-1.2644573214691E-03
2000035,BONDMATPORT,6048,Fama Maturity Portfolios - > 42 and <= 48 Month,30/11/2017,-3.5240425171130E-03
2000035,BONDMATPORT,6048,Fama Maturity Portfolios - > 42 and <= 48 Month,29/12/2017,-7.5026975115931E-04
2000035,BONDMATPORT,6048,Fama Maturity Portfolios - > 42 and <= 48 Month,31/01/2018,-8.5746275281824E-03
2000035,BONDMATPORT,6048,Fama Maturity Portfolios - > 42 and <= 48 Month,28/02/2018,-2.4861553993466E-03
2000035,BONDMATPORT,6048,Fama Maturity Portfolios - > 42 and <= 48 Month,29/03/2018,4.2775413167875E-03
2000035,BONDMATPORT,6048,Fama Maturity Portfolios - > 42 and <= 48 Month,30/04/2018,-6.1088879502528E-03
2000035,BONDMATPORT,6048,Fama Maturity Portfolios - > 42 and <= 48 Month,31/05/2018,5.3717477428434E-03
2000035,BONDMATPORT,6048,Fama Maturity Portfolios - > 42 and <= 48 Month,29/06/2018,4.7874601402344E-04
2000035,BONDMATPORT,6048,Fama Maturity Portfolios - > 42 and <= 48 Month,31/07/2018,-1.6142636495543E-03
2000035,BONDMATPORT,6048,Fama Maturity Portfolios - > 42 and <= 48 Month,31/08/2018,5.3519210375901E-03
2000035,BONDMATPORT,6048,Fama Maturity Portfolios - > 42 and <= 48 Month,28/09/2018,-4.6956249115133E-03
2000035,BONDMATPORT,6048,Fama Maturity Portfolios - > 42 and <= 48 Month,31/10/2018,1.5428527787769E-03
2000035,BONDMATPORT,6048,Fama Maturity Portfolios - > 42 and <= 48 Month,30/11/2018,7.1844902923328E-03
2000035,BONDMATPORT,6048,Fama Maturity Portfolios - > 42 and <= 48 Month,31/12/2018,1.4251687751416E-02
2000035,BONDMATPORT,6048,Fama Maturity Portfolios - > 42 and <= 48 Month,31/01/2019,3.8141311612943E-03
2000035,BONDMATPORT,6048,Fama Maturity Portfolios - > 42 and <= 48 Month,28/02/2019,-7.0602197802912E-04
2000035,BONDMATPORT,6048,Fama Maturity Portfolios - > 42 and <= 48 Month,29/03/2019,1.2086094278996E-02
2000035,BONDMATPORT,6048,Fama Maturity Portfolios - > 42 and <= 48 Month,30/04/2019,9.3202912893777E-04
2000035,BONDMATPORT,6048,Fama Maturity Portfolios - > 42 and <= 48 Month,31/05/2019,1.4683389494576E-02
2000035,BONDMATPORT,6048,Fama Maturity Portfolios - > 42 and <= 48 Month,28/06/2019,7.2493082527240E-03
2000035,BONDMATPORT,6048,Fama Maturity Portfolios - > 42 and <= 48 Month,31/07/2019,-1.5612045956777E-03
2000035,BONDMATPORT,6048,Fama Maturity Portfolios - > 42 and <= 48 Month,30/08/2019,1.6091348285121E-02
2000035,BONDMATPORT,6048,Fama Maturity Portfolios - > 42 and <= 48 Month,30/09/2019,-3.9521229082914E-03
2000035,BONDMATPORT,6048,Fama Maturity Portfolios - > 42 and <= 48 Month,31/10/2019,2.8515238048535E-03
2000035,BONDMATPORT,6048,Fama Maturity Portfolios - > 42 and <= 48 Month,29/11/2019,-2.4512063413391E-03
2000035,BONDMATPORT,6048,Fama Maturity Portfolios - > 42 and <= 48 Month,31/12/2019,4.7754582591667E-04
2000035,BONDMATPORT,6048,Fama Maturity Portfolios - > 42 and <= 48 Month,31/01/2020,1.3956674005176E-02
2000035,BONDMATPORT,6048,Fama Maturity Portfolios - > 42 and <= 48 Month,28/02/2020,1.4444874291161E-02
2000035,BONDMATPORT,6048,Fama Maturity Portfolios - > 42 and <= 48 Month,31/03/2020,2.2050000047742E-02
2000035,BONDMATPORT,6048,Fama Maturity Portfolios - > 42 and <= 48 Month,30/04/2020,1.3506372229882E-03
2000035,BONDMATPORT,6048,Fama Maturity Portfolios - > 42 and <= 48 Month,29/05/2020,2.7637408332494E-03
2000035,BONDMATPORT,6048,Fama Maturity Portfolios - > 42 and <= 48 Month,30/06/2020,1.9086259348182E-03
2000035,BONDMATPORT,6048,Fama Maturity Portfolios - > 42 and <= 48 Month,31/07/2020,1.7245739783763E-03
2000035,BONDMATPORT,6048,Fama Maturity Portfolios - > 42 and <= 48 Month,31/08/2020,-1.0570627638980E-03
2000035,BONDMATPORT,6048,Fama Maturity Portfolios - > 42 and <= 48 Month,30/09/2020,3.1736375980115E-04
2000035,BONDMATPORT,6048,Fama Maturity Portfolios - > 42 and <= 48 Month,30/10/2020,-2.2129405748837E-03
2000035,BONDMATPORT,6048,Fama Maturity Portfolios - > 42 and <= 48 Month,30/11/2020,1.0766507122482E-03
2000035,BONDMATPORT,6048,Fama Maturity Portfolios - > 42 and <= 48 Month,31/12/2020,1.3185836706770E-03
2000035,BONDMATPORT,6048,Fama Maturity Portfolios - > 42 and <= 48 Month,29/01/2021,-5.6905179639556E-04
2000035,BONDMATPORT,6048,Fama Maturity Portfolios - > 42 and <= 48 Month,26/02/2021,-6.4041881713148E-03
2000035,BONDMATPORT,6048,Fama Maturity Portfolios - > 42 and <= 48 Month,31/03/2021,-3.0483138460783E-03
2000035,BONDMATPORT,6048,Fama Maturity Portfolios - > 42 and <= 48 Month,30/04/2021,3.0321876457886E-03
2000035,BONDMATPORT,6048,Fama Maturity Portfolios - > 42 and <= 48 Month,28/05/2021,2.4098052368229E-03
2000035,BONDMATPORT,6048,Fama Maturity Portfolios - > 42 and <= 48 Month,30/06/2021,-3.3929805461102E-03
2000035,BONDMATPORT,6048,Fama Maturity Portfolios - > 42 and <= 48 Month,30/07/2021,5.7673656914774E-03
2000035,BONDMATPORT,6048,Fama Maturity Portfolios - > 42 and <= 48 Month,31/08/2021,-1.7045950181786E-03
2000035,BONDMATPORT,6048,Fama Maturity Portfolios - > 42 and <= 48 Month,30/09/2021,-3.8742133136602E-03
2000035,BONDMATPORT,6048,Fama Maturity Portfolios - > 42 and <= 48 Month,29/10/2021,-7.6168343777110E-03
2000035,BONDMATPORT,6048,Fama Maturity Portfolios - > 42 and <= 48 Month,30/11/2021,-4.6468690570478E-04
2000035,BONDMATPORT,6048,Fama Maturity Portfolios - > 42 and <= 48 Month,31/12/2021,-2.2597357653418E-03
2000035,BONDMATPORT,6048,Fama Maturity Portfolios - > 42 and <= 48 Month,31/01/2022,-1.2162671645697E-02
2000035,BONDMATPORT,6048,Fama Maturity Portfolios - > 42 and <= 48 Month,28/02/2022,-5.4716348253569E-03
2000035,BONDMATPORT,6048,Fama Maturity Portfolios - > 42 and <= 48 Month,31/03/2022,-2.8073183977351E-02
2000035,BONDMATPORT,6048,Fama Maturity Portfolios - > 42 and <= 48 Month,29/04/2022,-1.2612832360956E-02
2000035,BONDMATPORT,6048,Fama Maturity Portfolios - > 42 and <= 48 Month,31/05/2022,8.2418416081156E-03
2000035,BONDMATPORT,6048,Fama Maturity Portfolios - > 42 and <= 48 Month,30/06/2022,-6.6911883946711E-03
2000035,BONDMATPORT,6048,Fama Maturity Portfolios - > 42 and <= 48 Month,29/07/2022,1.3340651260425E-02
2000035,BONDMATPORT,6048,Fama Maturity Portfolios - > 42 and <= 48 Month,31/08/2022,-2.3913129766371E-02
2000035,BONDMATPORT,6048,Fama Maturity Portfolios - > 42 and <= 48 Month,30/09/2022,-2.3935172953528E-02
2000035,BONDMATPORT,6048,Fama Maturity Portfolios - > 42 and <= 48 Month,31/10/2022,-1.4845764238223E-03
2000035,BONDMATPORT,6048,Fama Maturity Portfolios - > 42 and <= 48 Month,30/11/2022,1.9036243004488E-02
2000035,BONDMATPORT,6048,Fama Maturity Portfolios - > 42 and <= 48 Month,30/12/2022,-3.8649096203696E-03
2000035,BONDMATPORT,6048,Fama Maturity Portfolios - > 42 and <= 48 Month,31/01/2023,1.5849397715432E-02
2000035,BONDMATPORT,6048,Fama Maturity Portfolios - > 42 and <= 48 Month,28/02/2023,-1.8321806686243E-02
2000035,BONDMATPORT,6048,Fama Maturity Portfolios - > 42 and <= 48 Month,31/03/2023,2.5663295628100E-02
2000035,BONDMATPORT,6048,Fama Maturity Portfolios - > 42 and <= 48 Month,28/04/2023,6.7712978448360E-03
2000035,BONDMATPORT,6048,Fama Maturity Portfolios - > 42 and <= 48 Month,31/05/2023,-8.6174328280175E-03
2000035,BONDMATPORT,6048,Fama Maturity Portfolios - > 42 and <= 48 Month,30/06/2023,-1.2094649936564E-02
2000035,BONDMATPORT,6048,Fama Maturity Portfolios - > 42 and <= 48 Month,31/07/2023,3.3662765123316E-03
2000035,BONDMATPORT,6048,Fama Maturity Portfolios - > 42 and <= 48 Month,31/08/2023,8.6640670680596E-04
2000035,BONDMATPORT,6048,Fama Maturity Portfolios - > 42 and <= 48 Month,29/09/2023,-7.1938868407722E-03
2000035,BONDMATPORT,6048,Fama Maturity Portfolios - > 42 and <= 48 Month,31/10/2023,-2.4083162352625E-03
2000035,BONDMATPORT,6048,Fama Maturity Portfolios - > 42 and <= 48 Month,30/11/2023,2.2655909674582E-02
2000035,BONDMATPORT,6048,Fama Maturity Portfolios - > 42 and <= 48 Month,29/12/2023,1.8960894211766E-02
2000035,BONDMATPORT,6048,Fama Maturity Portfolios - > 42 and <= 48 Month,31/01/2024,3.8256123071985E-03
2000035,BONDMATPORT,6048,Fama Maturity Portfolios - > 42 and <= 48 Month,29/02/2024,-1.2409557515228E-02
2000035,BONDMATPORT,6048,Fama Maturity Portfolios - > 42 and <= 48 Month,28/03/2024,3.7541889042098E-03
2000035,BONDMATPORT,6048,Fama Maturity Portfolios - > 42 and <= 48 Month,30/04/2024,-1.3060725697476E-02
2000035,BONDMATPORT,6048,Fama Maturity Portfolios - > 42 and <= 48 Month,31/05/2024,1.1402310428867E-02
2000035,BONDMATPORT,6048,Fama Maturity Portfolios - > 42 and <= 48 Month,28/06/2024,7.4365642998384E-03
2000035,BONDMATPORT,6048,Fama Maturity Portfolios - > 42 and <= 48 Month,31/07/2024,2.1080265811283E-02
2000035,BONDMATPORT,6048,Fama Maturity Portfolios - > 42 and <= 48 Month,30/08/2024,1.0857150729003E-02
2000035,BONDMATPORT,6048,Fama Maturity Portfolios - > 42 and <= 48 Month,30/09/2024,9.5324818897153E-03
2000035,BONDMATPORT,6048,Fama Maturity Portfolios - > 42 and <= 48 Month,31/10/2024,-1.6919209028902E-02
2000035,BONDMATPORT,6048,Fama Maturity Portfolios - > 42 and <= 48 Month,29/11/2024,5.3823447781516E-03
2000035,BONDMATPORT,6048,Fama Maturity Portfolios - > 42 and <= 48 Month,31/12/2024,-4.9135282540801E-03
2000035,BONDMATPORT,6048,Fama Maturity Portfolios - > 42 and <= 48 Month,31/01/2025,5.5710032596976E-03
2000035,BONDMATPORT,6048,Fama Maturity Portfolios - > 42 and <= 48 Month,28/02/2025,1.3956054040757E-02
2000035,BONDMATPORT,6048,Fama Maturity Portfolios - > 42 and <= 48 Month,31/03/2025,6.1691643514142E-03
2000035,BONDMATPORT,6048,Fama Maturity Portfolios - > 42 and <= 48 Month,30/04/2025,1.2623190980807E-02
2000035,BONDMATPORT,6048,Fama Maturity Portfolios - > 42 and <= 48 Month,30/05/2025,-5.7872748212774E-03
2000035,BONDMATPORT,6048,Fama Maturity Portfolios - > 42 and <= 48 Month,30/06/2025,9.3991535222674E-03
2000035,BONDMATPORT,6048,Fama Maturity Portfolios - > 42 and <= 48 Month,31/07/2025,-2.8343136038424E-03
2000035,BONDMATPORT,6048,Fama Maturity Portfolios - > 42 and <= 48 Month,29/08/2025,1.3097940888099E-02
2000035,BONDMATPORT,6048,Fama Maturity Portfolios - > 42 and <= 48 Month,30/09/2025,1.4322503885953E-03
2000035,BONDMATPORT,6048,Fama Maturity Portfolios - > 42 and <= 48 Month,31/10/2025,4.2123592060542E-03
2000035,BONDMATPORT,6048,Fama Maturity Portfolios - > 42 and <= 48 Month,28/11/2025,6.4497513826482E-03
2000035,BONDMATPORT,6048,Fama Maturity Portfolios - > 42 and <= 48 Month,31/12/2025,6.3328927519376E-04
2000036,BONDMATPORT,6054,Fama Maturity Portfolios - > 48 and <= 54 Month,31/01/2000,-4.9502673655369E-03
2000036,BONDMATPORT,6054,Fama Maturity Portfolios - > 48 and <= 54 Month,29/02/2000,8.2003710674195E-03
2000036,BONDMATPORT,6054,Fama Maturity Portfolios - > 48 and <= 54 Month,31/03/2000,1.4859044212893E-02
2000036,BONDMATPORT,6054,Fama Maturity Portfolios - > 48 and <= 54 Month,28/04/2000,-2.3057624868339E-03
2000036,BONDMATPORT,6054,Fama Maturity Portfolios - > 48 and <= 54 Month,31/05/2000,5.0642450901309E-03
2000036,BONDMATPORT,6054,Fama Maturity Portfolios - > 48 and <= 54 Month,30/06/2000,1.6581005156655E-02
2000036,BONDMATPORT,6054,Fama Maturity Portfolios - > 48 and <= 54 Month,31/07/2000,6.4161130382430E-03
2000036,BONDMATPORT,6054,Fama Maturity Portfolios - > 48 and <= 54 Month,31/08/2000,1.2265738366429E-02
2000036,BONDMATPORT,6054,Fama Maturity Portfolios - > 48 and <= 54 Month,29/09/2000,9.5136561153251E-03
2000036,BONDMATPORT,6054,Fama Maturity Portfolios - > 48 and <= 54 Month,31/10/2000,6.6959127985463E-03
2000036,BONDMATPORT,6054,Fama Maturity Portfolios - > 48 and <= 54 Month,30/11/2000,1.5658597493836E-02
2000036,BONDMATPORT,6054,Fama Maturity Portfolios - > 48 and <= 54 Month,29/12/2000,2.0448312863647E-02
2000036,BONDMATPORT,6054,Fama Maturity Portfolios - > 48 and <= 54 Month,31/01/2001,1.3025364310266E-02
2000036,BONDMATPORT,6054,Fama Maturity Portfolios - > 48 and <= 54 Month,28/02/2001,9.2156568351482E-03
2000036,BONDMATPORT,6054,Fama Maturity Portfolios - > 48 and <= 54 Month,30/03/2001,8.5095412517234E-03
2000036,BONDMATPORT,6054,Fama Maturity Portfolios - > 48 and <= 54 Month,30/04/2001,-5.6341010828059E-03
2000036,BONDMATPORT,6054,Fama Maturity Portfolios - > 48 and <= 54 Month,31/05/2001,3.0787477933804E-03
2000036,BONDMATPORT,6054,Fama Maturity Portfolios - > 48 and <= 54 Month,29/06/2001,2.4341676272796E-03
2000036,BONDMATPORT,6054,Fama Maturity Portfolios - > 48 and <= 54 Month,31/07/2001,2.0699132367696E-02
2000036,BONDMATPORT,6054,Fama Maturity Portfolios - > 48 and <= 54 Month,31/08/2001,1.0465433267872E-02
2000036,BONDMATPORT,6054,Fama Maturity Portfolios - > 48 and <= 54 Month,28/09/2001,2.4226680404444E-02
2000036,BONDMATPORT,6054,Fama Maturity Portfolios - > 48 and <= 54 Month,31/10/2001,1.7951190539683E-02
2000036,BONDMATPORT,6054,Fama Maturity Portfolios - > 48 and <= 54 Month,30/11/2001,-1.6296102533172E-02
2000036,BONDMATPORT,6054,Fama Maturity Portfolios - > 48 and <= 54 Month,31/12/2001,-7.3209489192170E-03
2000036,BONDMATPORT,6054,Fama Maturity Portfolios - > 48 and <= 54 Month,31/01/2002,3.7417763303077E-03
2000036,BONDMATPORT,6054,Fama Maturity Portfolios - > 48 and <= 54 Month,28/02/2002,1.0820818958673E-02
2000036,BONDMATPORT,6054,Fama Maturity Portfolios - > 48 and <= 54 Month,28/03/2002,-2.0123712469334E-02
2000036,BONDMATPORT,6054,Fama Maturity Portfolios - > 48 and <= 54 Month,30/04/2002,2.1105822405077E-02
2000036,BONDMATPORT,6054,Fama Maturity Portfolios - > 48 and <= 54 Month,31/05/2002,1.0594782587829E-02
2000036,BONDMATPORT,6054,Fama Maturity Portfolios - > 48 and <= 54 Month,28/06/2002,1.4834229582453E-02
2000036,BONDMATPORT,6054,Fama Maturity Portfolios - > 48 and <= 54 Month,31/07/2002,2.6180688436542E-02
2000036,BONDMATPORT,6054,Fama Maturity Portfolios - > 48 and <= 54 Month,30/08/2002,1.5085571888903E-02
2000036,BONDMATPORT,6054,Fama Maturity Portfolios - > 48 and <= 54 Month,30/09/2002,2.5905665042284E-02
2000036,BONDMATPORT,6054,Fama Maturity Portfolios - > 48 and <= 54 Month,31/10/2002,-2.5918564545556E-03
2000036,BONDMATPORT,6054,Fama Maturity Portfolios - > 48 and <= 54 Month,29/11/2002,-1.6554672435950E-02
2000036,BONDMATPORT,6054,Fama Maturity Portfolios - > 48 and <= 54 Month,31/12/2002,2.5589430996758E-02
2000036,BONDMATPORT,6054,Fama Maturity Portfolios - > 48 and <= 54 Month,31/01/2003,-4.8509456692444E-03
2000036,BONDMATPORT,6054,Fama Maturity Portfolios - > 48 and <= 54 Month,28/02/2003,1.5429894897676E-02
2000036,BONDMATPORT,6054,Fama Maturity Portfolios - > 48 and <= 54 Month,31/03/2003,4.3681455139682E-04
2000036,BONDMATPORT,6054,Fama Maturity Portfolios - > 48 and <= 54 Month,30/04/2003,2.1671202735776E-03
2000036,BONDMATPORT,6054,Fama Maturity Portfolios - > 48 and <= 54 Month,30/05/2003,2.2662423525625E-02
2000036,BONDMATPORT,6054,Fama Maturity Portfolios - > 48 and <= 54 Month,30/06/2003,-1.7694084793102E-03
2000036,BONDMATPORT,6054,Fama Maturity Portfolios - > 48 and <= 54 Month,31/07/2003,-2.5962966960121E-02
2000036,BONDMATPORT,6054,Fama Maturity Portfolios - > 48 and <= 54 Month,29/08/2003,-4.0572146636878E-03
2000036,BONDMATPORT,6054,Fama Maturity Portfolios - > 48 and <= 54 Month,30/09/2003,3.0222669507072E-02
2000036,BONDMATPORT,6054,Fama Maturity Portfolios - > 48 and <= 54 Month,31/10/2003,-1.3021412883781E-02
2000036,BONDMATPORT,6054,Fama Maturity Portfolios - > 48 and <= 54 Month,28/11/2003,-1.5032363735145E-03
2000036,BONDMATPORT,6054,Fama Maturity Portfolios - > 48 and <= 54 Month,31/12/2003,1.0257012815427E-02
2000036,BONDMATPORT,6054,Fama Maturity Portfolios - > 48 and <= 54 Month,30/01/2004,5.9120484535420E-03
2000036,BONDMATPORT,6054,Fama Maturity Portfolios - > 48 and <= 54 Month,27/02/2004,1.1767250287345E-02
2000036,BONDMATPORT,6054,Fama Maturity Portfolios - > 48 and <= 54 Month,31/03/2004,9.8127815298362E-03
2000036,BONDMATPORT,6054,Fama Maturity Portfolios - > 48 and <= 54 Month,30/04/2004,-3.0606189525662E-02
2000036,BONDMATPORT,6054,Fama Maturity Portfolios - > 48 and <= 54 Month,28/05/2004,-3.9079972666315E-03
2000036,BONDMATPORT,6054,Fama Maturity Portfolios - > 48 and <= 54 Month,30/06/2004,5.8802196175094E-03
2000036,BONDMATPORT,6054,Fama Maturity Portfolios - > 48 and <= 54 Month,30/07/2004,6.4626311939958E-03
2000036,BONDMATPORT,6054,Fama Maturity Portfolios - > 48 and <= 54 Month,31/08/2004,1.9173845641103E-02
2000036,BONDMATPORT,6054,Fama Maturity Portfolios - > 48 and <= 54 Month,30/09/2004,-8.0665618657550E-05
2000036,BONDMATPORT,6054,Fama Maturity Portfolios - > 48 and <= 54 Month,29/10/2004,6.5707130034637E-03
2000036,BONDMATPORT,6054,Fama Maturity Portfolios - > 48 and <= 54 Month,30/11/2004,-1.2979832324843E-02
2000036,BONDMATPORT,6054,Fama Maturity Portfolios - > 48 and <= 54 Month,31/12/2004,6.1609819679575E-03
2000036,BONDMATPORT,6054,Fama Maturity Portfolios - > 48 and <= 54 Month,31/01/2005,-5.7578993879196E-04
2000036,BONDMATPORT,6054,Fama Maturity Portfolios - > 48 and <= 54 Month,28/02/2005,-9.7128795874261E-03
2000036,BONDMATPORT,6054,Fama Maturity Portfolios - > 48 and <= 54 Month,31/03/2005,-2.3827941670944E-03
2000036,BONDMATPORT,6054,Fama Maturity Portfolios - > 48 and <= 54 Month,29/04/2005,1.3557655707249E-02
2000036,BONDMATPORT,6054,Fama Maturity Portfolios - > 48 and <= 54 Month,31/05/2005,9.0115547464746E-03
2000036,BONDMATPORT,6054,Fama Maturity Portfolios - > 48 and <= 54 Month,30/06/2005,3.4412778012865E-03
2000036,BONDMATPORT,6054,Fama Maturity Portfolios - > 48 and <= 54 Month,29/07/2005,-1.3389019860332E-02
2000036,BONDMATPORT,6054,Fama Maturity Portfolios - > 48 and <= 54 Month,31/08/2005,1.4807316042578E-02
2000036,BONDMATPORT,6054,Fama Maturity Portfolios - > 48 and <= 54 Month,30/09/2005,-1.0804373620462E-02
2000036,BONDMATPORT,6054,Fama Maturity Portfolios - > 48 and <= 54 Month,31/10/2005,-6.0091917653653E-03
2000036,BONDMATPORT,6054,Fama Maturity Portfolios - > 48 and <= 54 Month,30/11/2005,5.3804812085549E-03
2000036,BONDMATPORT,6054,Fama Maturity Portfolios - > 48 and <= 54 Month,30/12/2005,5.6926596665883E-03
2000036,BONDMATPORT,6054,Fama Maturity Portfolios - > 48 and <= 54 Month,31/01/2006,-1.2734769937306E-03
2000036,BONDMATPORT,6054,Fama Maturity Portfolios - > 48 and <= 54 Month,28/02/2006,-1.8368343065479E-03
2000036,BONDMATPORT,6054,Fama Maturity Portfolios - > 48 and <= 54 Month,31/03/2006,-3.4640308155071E-03
2000036,BONDMATPORT,6054,Fama Maturity Portfolios - > 48 and <= 54 Month,28/04/2006,8.3611693497038E-04
2000036,BONDMATPORT,6054,Fama Maturity Portfolios - > 48 and <= 54 Month,31/05/2006,-2.8700513493483E-04
2000036,BONDMATPORT,6054,Fama Maturity Portfolios - > 48 and <= 54 Month,30/06/2006,1.5829618227329E-03
2000036,BONDMATPORT,6054,Fama Maturity Portfolios - > 48 and <= 54 Month,31/07/2006,1.1550738446096E-02
2000036,BONDMATPORT,6054,Fama Maturity Portfolios - > 48 and <= 54 Month,31/08/2006,1.2248263575858E-02
2000036,BONDMATPORT,6054,Fama Maturity Portfolios - > 48 and <= 54 Month,29/09/2006,7.6230228460378E-03
2000036,BONDMATPORT,6054,Fama Maturity Portfolios - > 48 and <= 54 Month,31/10/2006,4.6401023561411E-03
2000036,BONDMATPORT,6054,Fama Maturity Portfolios - > 48 and <= 54 Month,30/11/2006,8.2929385525956E-03
2000036,BONDMATPORT,6054,Fama Maturity Portfolios - > 48 and <= 54 Month,29/12/2006,-5.6107370053939E-03
2000036,BONDMATPORT,6054,Fama Maturity Portfolios - > 48 and <= 54 Month,31/01/2007,-1.3742396655103E-04
2000036,BONDMATPORT,6054,Fama Maturity Portfolios - > 48 and <= 54 Month,28/02/2007,1.4169665730029E-02
2000036,BONDMATPORT,6054,Fama Maturity Portfolios - > 48 and <= 54 Month,30/03/2007,3.2595048769241E-03
2000036,BONDMATPORT,6054,Fama Maturity Portfolios - > 48 and <= 54 Month,30/04/2007,5.0075716492862E-03
2000036,BONDMATPORT,6054,Fama Maturity Portfolios - > 48 and <= 54 Month,31/05/2007,-9.1495346881225E-03
2000036,BONDMATPORT,6054,Fama Maturity Portfolios - > 48 and <= 54 Month,29/06/2007,1.7278501067369E-03
2000036,BONDMATPORT,6054,Fama Maturity Portfolios - > 48 and <= 54 Month,31/07/2007,1.7848201248547E-02
2000036,BONDMATPORT,6054,Fama Maturity Portfolios - > 48 and <= 54 Month,31/08/2007,1.5098121287365E-02
2000036,BONDMATPORT,6054,Fama Maturity Portfolios - > 48 and <= 54 Month,28/09/2007,6.1092772099978E-03
2000036,BONDMATPORT,6054,Fama Maturity Portfolios - > 48 and <= 54 Month,31/10/2007,7.0033860751260E-03
2000036,BONDMATPORT,6054,Fama Maturity Portfolios - > 48 and <= 54 Month,30/11/2007,3.3671385399876E-02
2000036,BONDMATPORT,6054,Fama Maturity Portfolios - > 48 and <= 54 Month,31/12/2007,2.4907256395761E-03
2000036,BONDMATPORT,6054,Fama Maturity Portfolios - > 48 and <= 54 Month,31/01/2008,3.1960024057955E-02
2000036,BONDMATPORT,6054,Fama Maturity Portfolios - > 48 and <= 54 Month,29/02/2008,1.5400459674746E-02
2000036,BONDMATPORT,6054,Fama Maturity Portfolios - > 48 and <= 54 Month,31/03/2008,3.6285624549766E-03
2000036,BONDMATPORT,6054,Fama Maturity Portfolios - > 48 and <= 54 Month,30/04/2008,-2.0089053843940E-02
2000036,BONDMATPORT,6054,Fama Maturity Portfolios - > 48 and <= 54 Month,30/05/2008,-1.2766164747978E-02
2000036,BONDMATPORT,6054,Fama Maturity Portfolios - > 48 and <= 54 Month,30/06/2008,6.4135486169036E-03
2000036,BONDMATPORT,6054,Fama Maturity Portfolios - > 48 and <= 54 Month,31/07/2008,8.0977746030839E-03
2000036,BONDMATPORT,6054,Fama Maturity Portfolios - > 48 and <= 54 Month,29/08/2008,9.0715420544642E-03
2000036,BONDMATPORT,6054,Fama Maturity Portfolios - > 48 and <= 54 Month,30/09/2008,9.9630391519167E-03
2000036,BONDMATPORT,6054,Fama Maturity Portfolios - > 48 and <= 54 Month,31/10/2008,2.0376426724685E-02
2000036,BONDMATPORT,6054,Fama Maturity Portfolios - > 48 and <= 54 Month,28/11/2008,4.2574101765691E-02
2000036,BONDMATPORT,6054,Fama Maturity Portfolios - > 48 and <= 54 Month,31/12/2008,1.3698816009886E-02
2000036,BONDMATPORT,6054,Fama Maturity Portfolios - > 48 and <= 54 Month,30/01/2009,-1.3421169360596E-02
2000036,BONDMATPORT,6054,Fama Maturity Portfolios - > 48 and <= 54 Month,27/02/2009,-4.4680702360216E-03
2000036,BONDMATPORT,6054,Fama Maturity Portfolios - > 48 and <= 54 Month,31/03/2009,1.5313178663333E-02
2000036,BONDMATPORT,6054,Fama Maturity Portfolios - > 48 and <= 54 Month,30/04/2009,-1.2682800852753E-02
2000036,BONDMATPORT,6054,Fama Maturity Portfolios - > 48 and <= 54 Month,29/05/2009,-5.8633549966048E-03
2000036,BONDMATPORT,6054,Fama Maturity Portfolios - > 48 and <= 54 Month,30/06/2009,-7.0463587728899E-03
2000036,BONDMATPORT,6054,Fama Maturity Portfolios - > 48 and <= 54 Month,31/07/2009,6.1342393147747E-03
2000036,BONDMATPORT,6054,Fama Maturity Portfolios - > 48 and <= 54 Month,31/08/2009,8.8696631776460E-03
2000036,BONDMATPORT,6054,Fama Maturity Portfolios - > 48 and <= 54 Month,30/09/2009,5.9913219290671E-03
2000036,BONDMATPORT,6054,Fama Maturity Portfolios - > 48 and <= 54 Month,30/10/2009,3.2073251480068E-03
2000036,BONDMATPORT,6054,Fama Maturity Portfolios - > 48 and <= 54 Month,30/11/2009,1.5687800744360E-02
2000036,BONDMATPORT,6054,Fama Maturity Portfolios - > 48 and <= 54 Month,31/12/2009,-2.2117336552834E-02
2000036,BONDMATPORT,6054,Fama Maturity Portfolios - > 48 and <= 54 Month,29/01/2010,1.8060686992685E-02
2000036,BONDMATPORT,6054,Fama Maturity Portfolios - > 48 and <= 54 Month,26/02/2010,3.1587864629448E-03
2000036,BONDMATPORT,6054,Fama Maturity Portfolios - > 48 and <= 54 Month,31/03/2010,-7.5037452268121E-03
2000036,BONDMATPORT,6054,Fama Maturity Portfolios - > 48 and <= 54 Month,30/04/2010,8.5852326873728E-03
2000036,BONDMATPORT,6054,Fama Maturity Portfolios - > 48 and <= 54 Month,28/05/2010,1.2581820623584E-02
2000036,BONDMATPORT,6054,Fama Maturity Portfolios - > 48 and <= 54 Month,30/06/2010,1.5755754520779E-02
2000036,BONDMATPORT,6054,Fama Maturity Portfolios - > 48 and <= 54 Month,30/07/2010,1.1489878492360E-02
2000036,BONDMATPORT,6054,Fama Maturity Portfolios - > 48 and <= 54 Month,31/08/2010,1.1343610252867E-02
2000036,BONDMATPORT,6054,Fama Maturity Portfolios - > 48 and <= 54 Month,30/09/2010,4.2379376408519E-03
2000036,BONDMATPORT,6054,Fama Maturity Portfolios - > 48 and <= 54 Month,29/10/2010,6.3756330560735E-03
2000036,BONDMATPORT,6054,Fama Maturity Portfolios - > 48 and <= 54 Month,30/11/2010,-7.9408643432738E-03
2000036,BONDMATPORT,6054,Fama Maturity Portfolios - > 48 and <= 54 Month,31/12/2010,-1.5984356573022E-02
2000036,BONDMATPORT,6054,Fama Maturity Portfolios - > 48 and <= 54 Month,31/01/2011,6.8812828217045E-03
2000036,BONDMATPORT,6054,Fama Maturity Portfolios - > 48 and <= 54 Month,28/02/2011,-5.2265041267982E-03
2000036,BONDMATPORT,6054,Fama Maturity Portfolios - > 48 and <= 54 Month,31/03/2011,-3.0049213611614E-03
2000036,BONDMATPORT,6054,Fama Maturity Portfolios - > 48 and <= 54 Month,29/04/2011,1.5411673714693E-02
2000036,BONDMATPORT,6054,Fama Maturity Portfolios - > 48 and <= 54 Month,31/05/2011,1.3888720159349E-02
2000036,BONDMATPORT,6054,Fama Maturity Portfolios - > 48 and <= 54 Month,30/06/2011,-4.1482155704921E-04
2000036,BONDMATPORT,6054,Fama Maturity Portfolios - > 48 and <= 54 Month,29/07/2011,1.7772321382505E-02
2000036,BONDMATPORT,6054,Fama Maturity Portfolios - > 48 and <= 54 Month,31/08/2011,1.4509234826813E-02
2000036,BONDMATPORT,6054,Fama Maturity Portfolios - > 48 and <= 54 Month,30/09/2011,3.0359775478222E-04
2000036,BONDMATPORT,6054,Fama Maturity Portfolios - > 48 and <= 54 Month,31/10/2011,2.6276512589915E-03
2000036,BONDMATPORT,6054,Fama Maturity Portfolios - > 48 and <= 54 Month,30/11/2011,1.0063578295028E-03
2000036,BONDMATPORT,6054,Fama Maturity Portfolios - > 48 and <= 54 Month,30/12/2011,4.0449778965577E-03
2000036,BONDMATPORT,6054,Fama Maturity Portfolios - > 48 and <= 54 Month,31/01/2012,7.1070592110955E-03
2000036,BONDMATPORT,6054,Fama Maturity Portfolios - > 48 and <= 54 Month,29/02/2012,-5.7474699773219E-03
2000036,BONDMATPORT,6054,Fama Maturity Portfolios - > 48 and <= 54 Month,30/03/2012,-5.0768101047523E-03
2000036,BONDMATPORT,6054,Fama Maturity Portfolios - > 48 and <= 54 Month,30/04/2012,9.5448534936849E-03
2000036,BONDMATPORT,6054,Fama Maturity Portfolios - > 48 and <= 54 Month,31/05/2012,4.9520684239641E-03
2000036,BONDMATPORT,6054,Fama Maturity Portfolios - > 48 and <= 54 Month,29/06/2012,-1.5684339603200E-03
2000036,BONDMATPORT,6054,Fama Maturity Portfolios - > 48 and <= 54 Month,31/07/2012,7.1460425805559E-03
2000036,BONDMATPORT,6054,Fama Maturity Portfolios - > 48 and <= 54 Month,31/08/2012,1.1602182462678E-03
2000036,BONDMATPORT,6054,Fama Maturity Portfolios - > 48 and <= 54 Month,28/09/2012,-3.7928307189434E-04
2000036,BONDMATPORT,6054,Fama Maturity Portfolios - > 48 and <= 54 Month,31/10/2012,-2.5673546067427E-03
2000036,BONDMATPORT,6054,Fama Maturity Portfolios - > 48 and <= 54 Month,30/11/2012,4.7907012467903E-03
2000036,BONDMATPORT,6054,Fama Maturity Portfolios - > 48 and <= 54 Month,31/12/2012,-2.2702551673835E-03
2000036,BONDMATPORT,6054,Fama Maturity Portfolios - > 48 and <= 54 Month,31/01/2013,-3.4812322429381E-03
2000036,BONDMATPORT,6054,Fama Maturity Portfolios - > 48 and <= 54 Month,28/02/2013,5.1784310103881E-03
2000036,BONDMATPORT,6054,Fama Maturity Portfolios - > 48 and <= 54 Month,28/03/2013,9.3243774044688E-04
2000036,BONDMATPORT,6054,Fama Maturity Portfolios - > 48 and <= 54 Month,30/04/2013,4.2708139102029E-03
2000036,BONDMATPORT,6054,Fama Maturity Portfolios - > 48 and <= 54 Month,31/05/2013,-1.0858651262732E-02
2000036,BONDMATPORT,6054,Fama Maturity Portfolios - > 48 and <= 54 Month,28/06/2013,-1.1450840384943E-02
2000036,BONDMATPORT,6054,Fama Maturity Portfolios - > 48 and <= 54 Month,31/07/2013,3.9103504600230E-03
2000036,BONDMATPORT,6054,Fama Maturity Portfolios - > 48 and <= 54 Month,30/08/2013,-7.9983442795433E-03
2000036,BONDMATPORT,6054,Fama Maturity Portfolios - > 48 and <= 54 Month,30/09/2013,1.2090928525592E-02
2000036,BONDMATPORT,6054,Fama Maturity Portfolios - > 48 and <= 54 Month,31/10/2013,4.2229560944725E-03
2000036,BONDMATPORT,6054,Fama Maturity Portfolios - > 48 and <= 54 Month,29/11/2013,1.7907243168497E-03
2000036,BONDMATPORT,6054,Fama Maturity Portfolios - > 48 and <= 54 Month,31/12/2013,-1.1059597733508E-02
2000036,BONDMATPORT,6054,Fama Maturity Portfolios - > 48 and <= 54 Month,31/01/2014,1.0664679751692E-02
2000036,BONDMATPORT,6054,Fama Maturity Portfolios - > 48 and <= 54 Month,28/02/2014,1.6948204909876E-03
2000036,BONDMATPORT,6054,Fama Maturity Portfolios - > 48 and <= 54 Month,31/03/2014,-6.3102446640430E-03
2000036,BONDMATPORT,6054,Fama Maturity Portfolios - > 48 and <= 54 Month,30/04/2014,4.0248307172589E-03
2000036,BONDMATPORT,6054,Fama Maturity Portfolios - > 48 and <= 54 Month,30/05/2014,7.3796474740645E-03
2000036,BONDMATPORT,6054,Fama Maturity Portfolios - > 48 and <= 54 Month,30/06/2014,-1.6450429921005E-03
2000036,BONDMATPORT,6054,Fama Maturity Portfolios - > 48 and <= 54 Month,31/07/2014,-4.4011786469877E-03
2000036,BONDMATPORT,6054,Fama Maturity Portfolios - > 48 and <= 54 Month,29/08/2014,6.5904488848258E-03
2000036,BONDMATPORT,6054,Fama Maturity Portfolios - > 48 and <= 54 Month,30/09/2014,-3.2228954440520E-03
2000036,BONDMATPORT,6054,Fama Maturity Portfolios - > 48 and <= 54 Month,31/10/2014,8.0734398307687E-03
2000036,BONDMATPORT,6054,Fama Maturity Portfolios - > 48 and <= 54 Month,28/11/2014,7.0866035078111E-03
2000036,BONDMATPORT,6054,Fama Maturity Portfolios - > 48 and <= 54 Month,31/12/2014,-5.7041264295848E-03
2000036,BONDMATPORT,6054,Fama Maturity Portfolios - > 48 and <= 54 Month,30/01/2015,2.0692042209977E-02
2000036,BONDMATPORT,6054,Fama Maturity Portfolios - > 48 and <= 54 Month,27/02/2015,-1.2000537337532E-02
2000036,BONDMATPORT,6054,Fama Maturity Portfolios - > 48 and <= 54 Month,31/03/2015,7.6147241187382E-03
2000036,BONDMATPORT,6054,Fama Maturity Portfolios - > 48 and <= 54 Month,30/04/2015,1.4804475650578E-04
2000036,BONDMATPORT,6054,Fama Maturity Portfolios - > 48 and <= 54 Month,29/05/2015,-1.9991647640581E-04
2000036,BONDMATPORT,6054,Fama Maturity Portfolios - > 48 and <= 54 Month,30/06/2015,-3.0985423881313E-03
2000036,BONDMATPORT,6054,Fama Maturity Portfolios - > 48 and <= 54 Month,31/07/2015,5.7650186208601E-03
2000036,BONDMATPORT,6054,Fama Maturity Portfolios - > 48 and <= 54 Month,31/08/2015,-5.2043286536721E-04
2000036,BONDMATPORT,6054,Fama Maturity Portfolios - > 48 and <= 54 Month,30/09/2015,1.0197273012256E-02
2000036,BONDMATPORT,6054,Fama Maturity Portfolios - > 48 and <= 54 Month,30/10/2015,-5.1611592737770E-03
2000036,BONDMATPORT,6054,Fama Maturity Portfolios - > 48 and <= 54 Month,30/11/2015,-3.7099571454933E-03
2000036,BONDMATPORT,6054,Fama Maturity Portfolios - > 48 and <= 54 Month,31/12/2015,-2.3935949344234E-03
2000036,BONDMATPORT,6054,Fama Maturity Portfolios - > 48 and <= 54 Month,29/01/2016,1.8721101598541E-02
2000036,BONDMATPORT,6054,Fama Maturity Portfolios - > 48 and <= 54 Month,29/02/2016,4.5699142403819E-03
2000036,BONDMATPORT,6054,Fama Maturity Portfolios - > 48 and <= 54 Month,31/03/2016,3.3763861457470E-03
2000036,BONDMATPORT,6054,Fama Maturity Portfolios - > 48 and <= 54 Month,29/04/2016,-1.9100254607799E-03
2000036,BONDMATPORT,6054,Fama Maturity Portfolios - > 48 and <= 54 Month,31/05/2016,-2.1467570952839E-03
2000036,BONDMATPORT,6054,Fama Maturity Portfolios - > 48 and <= 54 Month,30/06/2016,1.7243703570464E-02
2000036,BONDMATPORT,6054,Fama Maturity Portfolios - > 48 and <= 54 Month,29/07/2016,-5.3383233092374E-04
2000036,BONDMATPORT,6054,Fama Maturity Portfolios - > 48 and <= 54 Month,31/08/2016,-6.5283681560048E-03
2000036,BONDMATPORT,6054,Fama Maturity Portfolios - > 48 and <= 54 Month,30/09/2016,3.4582050139021E-03
2000036,BONDMATPORT,6054,Fama Maturity Portfolios - > 48 and <= 54 Month,31/10/2016,-4.2478745887681E-03
2000036,BONDMATPORT,6054,Fama Maturity Portfolios - > 48 and <= 54 Month,30/11/2016,-1.8912727287295E-02
2000036,BONDMATPORT,6054,Fama Maturity Portfolios - > 48 and <= 54 Month,30/12/2016,-1.3407043670092E-04
2000036,BONDMATPORT,6054,Fama Maturity Portfolios - > 48 and <= 54 Month,31/01/2017,2.8545267733720E-03
2000036,BONDMATPORT,6054,Fama Maturity Portfolios - > 48 and <= 54 Month,28/02/2017,6.6960525496493E-04
2000036,BONDMATPORT,6054,Fama Maturity Portfolios - > 48 and <= 54 Month,31/03/2017,3.0302158412794E-03
2000036,BONDMATPORT,6054,Fama Maturity Portfolios - > 48 and <= 54 Month,28/04/2017,5.7900453140687E-03
2000036,BONDMATPORT,6054,Fama Maturity Portfolios - > 48 and <= 54 Month,31/05/2017,4.0928836760843E-03
2000036,BONDMATPORT,6054,Fama Maturity Portfolios - > 48 and <= 54 Month,30/06/2017,-2.5547734107503E-03
2000036,BONDMATPORT,6054,Fama Maturity Portfolios - > 48 and <= 54 Month,31/07/2017,3.5925810157895E-03
2000036,BONDMATPORT,6054,Fama Maturity Portfolios - > 48 and <= 54 Month,31/08/2017,6.6365449470363E-03
2000036,BONDMATPORT,6054,Fama Maturity Portfolios - > 48 and <= 54 Month,29/09/2017,-6.8908926630386E-03
2000036,BONDMATPORT,6054,Fama Maturity Portfolios - > 48 and <= 54 Month,31/10/2017,-1.2233428869632E-03
2000036,BONDMATPORT,6054,Fama Maturity Portfolios - > 48 and <= 54 Month,30/11/2017,-3.5098423031299E-03
2000036,BONDMATPORT,6054,Fama Maturity Portfolios - > 48 and <= 54 Month,29/12/2017,-8.1333418679916E-04
2000036,BONDMATPORT,6054,Fama Maturity Portfolios - > 48 and <= 54 Month,31/01/2018,-1.0184687202993E-02
2000036,BONDMATPORT,6054,Fama Maturity Portfolios - > 48 and <= 54 Month,28/02/2018,-3.0170728408765E-03
2000036,BONDMATPORT,6054,Fama Maturity Portfolios - > 48 and <= 54 Month,29/03/2018,5.1954260745972E-03
2000036,BONDMATPORT,6054,Fama Maturity Portfolios - > 48 and <= 54 Month,30/04/2018,-7.0908453776219E-03
2000036,BONDMATPORT,6054,Fama Maturity Portfolios - > 48 and <= 54 Month,31/05/2018,5.9000014374887E-03
2000036,BONDMATPORT,6054,Fama Maturity Portfolios - > 48 and <= 54 Month,29/06/2018,2.4939576631431E-04
2000036,BONDMATPORT,6054,Fama Maturity Portfolios - > 48 and <= 54 Month,31/07/2018,-1.8125119618763E-03
2000036,BONDMATPORT,6054,Fama Maturity Portfolios - > 48 and <= 54 Month,31/08/2018,5.9995711625636E-03
2000036,BONDMATPORT,6054,Fama Maturity Portfolios - > 48 and <= 54 Month,28/09/2018,-5.8301683580005E-03
2000036,BONDMATPORT,6054,Fama Maturity Portfolios - > 48 and <= 54 Month,31/10/2018,1.6857070371764E-03
2000036,BONDMATPORT,6054,Fama Maturity Portfolios - > 48 and <= 54 Month,30/11/2018,8.0263578953699E-03
2000036,BONDMATPORT,6054,Fama Maturity Portfolios - > 48 and <= 54 Month,31/12/2018,1.5642460314019E-02
2000036,BONDMATPORT,6054,Fama Maturity Portfolios - > 48 and <= 54 Month,31/01/2019,4.2478673341945E-03
2000036,BONDMATPORT,6054,Fama Maturity Portfolios - > 48 and <= 54 Month,28/02/2019,-1.0709895721372E-03
2000036,BONDMATPORT,6054,Fama Maturity Portfolios - > 48 and <= 54 Month,29/03/2019,1.3495612107586E-02
2000036,BONDMATPORT,6054,Fama Maturity Portfolios - > 48 and <= 54 Month,30/04/2019,4.8991520203618E-04
2000036,BONDMATPORT,6054,Fama Maturity Portfolios - > 48 and <= 54 Month,31/05/2019,1.6276905829016E-02
2000036,BONDMATPORT,6054,Fama Maturity Portfolios - > 48 and <= 54 Month,28/06/2019,8.0264152263714E-03
2000036,BONDMATPORT,6054,Fama Maturity Portfolios - > 48 and <= 54 Month,31/07/2019,-1.7243007374146E-03
2000036,BONDMATPORT,6054,Fama Maturity Portfolios - > 48 and <= 54 Month,30/08/2019,1.8477318332868E-02
2000036,BONDMATPORT,6054,Fama Maturity Portfolios - > 48 and <= 54 Month,30/09/2019,-4.6450885458915E-03
2000036,BONDMATPORT,6054,Fama Maturity Portfolios - > 48 and <= 54 Month,31/10/2019,2.7904838528333E-03
2000036,BONDMATPORT,6054,Fama Maturity Portfolios - > 48 and <= 54 Month,29/11/2019,-3.0055304526809E-03
2000036,BONDMATPORT,6054,Fama Maturity Portfolios - > 48 and <= 54 Month,31/12/2019,-4.3051407883369E-05
2000036,BONDMATPORT,6054,Fama Maturity Portfolios - > 48 and <= 54 Month,31/01/2020,1.6066284314885E-02
2000036,BONDMATPORT,6054,Fama Maturity Portfolios - > 48 and <= 54 Month,28/02/2020,1.6199552127375E-02
2000036,BONDMATPORT,6054,Fama Maturity Portfolios - > 48 and <= 54 Month,31/03/2020,2.4534433351876E-02
2000036,BONDMATPORT,6054,Fama Maturity Portfolios - > 48 and <= 54 Month,30/04/2020,1.3325385162439E-03
2000036,BONDMATPORT,6054,Fama Maturity Portfolios - > 48 and <= 54 Month,29/05/2020,3.2113655232529E-03
2000036,BONDMATPORT,6054,Fama Maturity Portfolios - > 48 and <= 54 Month,30/06/2020,2.2825913235117E-03
2000036,BONDMATPORT,6054,Fama Maturity Portfolios - > 48 and <= 54 Month,31/07/2020,2.0119387686676E-03
2000036,BONDMATPORT,6054,Fama Maturity Portfolios - > 48 and <= 54 Month,31/08/2020,-1.3152926149996E-03
2000036,BONDMATPORT,6054,Fama Maturity Portfolios - > 48 and <= 54 Month,30/09/2020,3.2959652810791E-04
2000036,BONDMATPORT,6054,Fama Maturity Portfolios - > 48 and <= 54 Month,30/10/2020,-3.0583632477113E-03
2000036,BONDMATPORT,6054,Fama Maturity Portfolios - > 48 and <= 54 Month,30/11/2020,1.2328355573658E-03
2000036,BONDMATPORT,6054,Fama Maturity Portfolios - > 48 and <= 54 Month,31/12/2020,1.0234458937059E-03
2000036,BONDMATPORT,6054,Fama Maturity Portfolios - > 48 and <= 54 Month,29/01/2021,-6.7501099518107E-04
2000036,BONDMATPORT,6054,Fama Maturity Portfolios - > 48 and <= 54 Month,26/02/2021,-9.4455736940815E-03
2000036,BONDMATPORT,6054,Fama Maturity Portfolios - > 48 and <= 54 Month,31/03/2021,-4.9376697102750E-03
2000036,BONDMATPORT,6054,Fama Maturity Portfolios - > 48 and <= 54 Month,30/04/2021,4.1214664083055E-03
2000036,BONDMATPORT,6054,Fama Maturity Portfolios - > 48 and <= 54 Month,28/05/2021,3.0121338257470E-03
2000036,BONDMATPORT,6054,Fama Maturity Portfolios - > 48 and <= 54 Month,30/06/2021,-3.2842621761544E-03
2000036,BONDMATPORT,6054,Fama Maturity Portfolios - > 48 and <= 54 Month,30/07/2021,7.5409650664724E-03
2000036,BONDMATPORT,6054,Fama Maturity Portfolios - > 48 and <= 54 Month,31/08/2021,-2.2354912798290E-03
2000036,BONDMATPORT,6054,Fama Maturity Portfolios - > 48 and <= 54 Month,30/09/2021,-5.5266681567999E-03
2000036,BONDMATPORT,6054,Fama Maturity Portfolios - > 48 and <= 54 Month,29/10/2021,-8.3448371727755E-03
2000036,BONDMATPORT,6054,Fama Maturity Portfolios - > 48 and <= 54 Month,30/11/2021,6.3411936791635E-04
2000036,BONDMATPORT,6054,Fama Maturity Portfolios - > 48 and <= 54 Month,31/12/2021,-2.8857570628703E-03
2000036,BONDMATPORT,6054,Fama Maturity Portfolios - > 48 and <= 54 Month,31/01/2022,-1.3023561568080E-02
2000036,BONDMATPORT,6054,Fama Maturity Portfolios - > 48 and <= 54 Month,28/02/2022,-4.9931406101304E-03
2000036,BONDMATPORT,6054,Fama Maturity Portfolios - > 48 and <= 54 Month,31/03/2022,-3.0184467714491E-02
2000036,BONDMATPORT,6054,Fama Maturity Portfolios - > 48 and <= 54 Month,29/04/2022,-1.5966052598155E-02
2000036,BONDMATPORT,6054,Fama Maturity Portfolios - > 48 and <= 54 Month,31/05/2022,8.5158856131485E-03
2000036,BONDMATPORT,6054,Fama Maturity Portfolios - > 48 and <= 54 Month,30/06/2022,-6.8552793526210E-03
2000036,BONDMATPORT,6054,Fama Maturity Portfolios - > 48 and <= 54 Month,29/07/2022,1.6103637056100E-02
2000036,BONDMATPORT,6054,Fama Maturity Portfolios - > 48 and <= 54 Month,31/08/2022,-2.6415442676226E-02
2000036,BONDMATPORT,6054,Fama Maturity Portfolios - > 48 and <= 54 Month,30/09/2022,-2.6334576672242E-02
2000036,BONDMATPORT,6054,Fama Maturity Portfolios - > 48 and <= 54 Month,31/10/2022,-2.1303583426461E-03
2000036,BONDMATPORT,6054,Fama Maturity Portfolios - > 48 and <= 54 Month,30/11/2022,2.1526195617847E-02
2000036,BONDMATPORT,6054,Fama Maturity Portfolios - > 48 and <= 54 Month,30/12/2022,-5.7258784573974E-03
2000036,BONDMATPORT,6054,Fama Maturity Portfolios - > 48 and <= 54 Month,31/01/2023,1.8106349893109E-02
2000036,BONDMATPORT,6054,Fama Maturity Portfolios - > 48 and <= 54 Month,28/02/2023,-2.0966963058022E-02
2000036,BONDMATPORT,6054,Fama Maturity Portfolios - > 48 and <= 54 Month,31/03/2023,2.8631616625362E-02
2000036,BONDMATPORT,6054,Fama Maturity Portfolios - > 48 and <= 54 Month,28/04/2023,6.7431568555683E-03
2000036,BONDMATPORT,6054,Fama Maturity Portfolios - > 48 and <= 54 Month,31/05/2023,-9.5938421810955E-03
2000036,BONDMATPORT,6054,Fama Maturity Portfolios - > 48 and <= 54 Month,30/06/2023,-1.3089303871311E-02
2000036,BONDMATPORT,6054,Fama Maturity Portfolios - > 48 and <= 54 Month,31/07/2023,3.0522118815420E-03
2000036,BONDMATPORT,6054,Fama Maturity Portfolios - > 48 and <= 54 Month,31/08/2023,5.9690061348872E-04
2000036,BONDMATPORT,6054,Fama Maturity Portfolios - > 48 and <= 54 Month,29/09/2023,-9.2604453717359E-03
2000036,BONDMATPORT,6054,Fama Maturity Portfolios - > 48 and <= 54 Month,31/10/2023,-4.4368205243549E-03
2000036,BONDMATPORT,6054,Fama Maturity Portfolios - > 48 and <= 54 Month,30/11/2023,2.5666194852776E-02
2000036,BONDMATPORT,6054,Fama Maturity Portfolios - > 48 and <= 54 Month,29/12/2023,2.0382293599086E-02
2000036,BONDMATPORT,6054,Fama Maturity Portfolios - > 48 and <= 54 Month,31/01/2024,4.3491930888847E-03
2000036,BONDMATPORT,6054,Fama Maturity Portfolios - > 48 and <= 54 Month,29/02/2024,-1.4159906802836E-02
2000036,BONDMATPORT,6054,Fama Maturity Portfolios - > 48 and <= 54 Month,28/03/2024,4.2408704349173E-03
2000036,BONDMATPORT,6054,Fama Maturity Portfolios - > 48 and <= 54 Month,30/04/2024,-1.5377261019819E-02
2000036,BONDMATPORT,6054,Fama Maturity Portfolios - > 48 and <= 54 Month,31/05/2024,1.2072319978288E-02
2000036,BONDMATPORT,6054,Fama Maturity Portfolios - > 48 and <= 54 Month,28/06/2024,8.3293145966067E-03
2000036,BONDMATPORT,6054,Fama Maturity Portfolios - > 48 and <= 54 Month,31/07/2024,2.2615514775440E-02
2000036,BONDMATPORT,6054,Fama Maturity Portfolios - > 48 and <= 54 Month,30/08/2024,1.1191073089675E-02
2000036,BONDMATPORT,6054,Fama Maturity Portfolios - > 48 and <= 54 Month,30/09/2024,9.6984772600034E-03
2000036,BONDMATPORT,6054,Fama Maturity Portfolios - > 48 and <= 54 Month,31/10/2024,-1.9514688483405E-02
2000036,BONDMATPORT,6054,Fama Maturity Portfolios - > 48 and <= 54 Month,29/11/2024,6.1468645742719E-03
2000036,BONDMATPORT,6054,Fama Maturity Portfolios - > 48 and <= 54 Month,31/12/2024,-7.2381790867147E-03
2000036,BONDMATPORT,6054,Fama Maturity Portfolios - > 48 and <= 54 Month,31/01/2025,5.8622536662694E-03
2000036,BONDMATPORT,6054,Fama Maturity Portfolios - > 48 and <= 54 Month,28/02/2025,1.5598705884293E-02
2000036,BONDMATPORT,6054,Fama Maturity Portfolios - > 48 and <= 54 Month,31/03/2025,6.2968104024810E-03
2000036,BONDMATPORT,6054,Fama Maturity Portfolios - > 48 and <= 54 Month,30/04/2025,1.3273904680252E-02
2000036,BONDMATPORT,6054,Fama Maturity Portfolios - > 48 and <= 54 Month,30/05/2025,-6.6282729505775E-03
2000036,BONDMATPORT,6054,Fama Maturity Portfolios - > 48 and <= 54 Month,30/06/2025,1.0259156831006E-02
2000036,BONDMATPORT,6054,Fama Maturity Portfolios - > 48 and <= 54 Month,31/07/2025,-3.2391241348918E-03
2000036,BONDMATPORT,6054,Fama Maturity Portfolios - > 48 and <= 54 Month,29/08/2025,1.3940958394025E-02
2000036,BONDMATPORT,6054,Fama Maturity Portfolios - > 48 and <= 54 Month,30/09/2025,1.2395738693819E-03
2000036,BONDMATPORT,6054,Fama Maturity Portfolios - > 48 and <= 54 Month,31/10/2025,4.5060459650638E-03
2000036,BONDMATPORT,6054,Fama Maturity Portfolios - > 48 and <= 54 Month,28/11/2025,6.9655369630992E-03
2000036,BONDMATPORT,6054,Fama Maturity Portfolios - > 48 and <= 54 Month,31/12/2025,-4.5524078539172E-04
2000037,BONDMATPORT,6060,Fama Maturity Portfolios - > 54 and <= 60 Month,31/01/2000,-5.3654393997031E-03
2000037,BONDMATPORT,6060,Fama Maturity Portfolios - > 54 and <= 60 Month,29/02/2000,8.4168603472204E-03
2000037,BONDMATPORT,6060,Fama Maturity Portfolios - > 54 and <= 60 Month,31/03/2000,1.6868164053897E-02
2000037,BONDMATPORT,6060,Fama Maturity Portfolios - > 54 and <= 60 Month,28/04/2000,-3.1286235842651E-03
2000037,BONDMATPORT,6060,Fama Maturity Portfolios - > 54 and <= 60 Month,31/05/2000,4.9496087812262E-03
2000037,BONDMATPORT,6060,Fama Maturity Portfolios - > 54 and <= 60 Month,30/06/2000,1.8276831906926E-02
2000037,BONDMATPORT,6060,Fama Maturity Portfolios - > 54 and <= 60 Month,31/07/2000,6.2289802214073E-03
2000037,BONDMATPORT,6060,Fama Maturity Portfolios - > 54 and <= 60 Month,31/08/2000,1.3069004192953E-02
2000037,BONDMATPORT,6060,Fama Maturity Portfolios - > 54 and <= 60 Month,29/09/2000,9.4889638643460E-03
2000037,BONDMATPORT,6060,Fama Maturity Portfolios - > 54 and <= 60 Month,31/10/2000,7.1853434300282E-03
2000037,BONDMATPORT,6060,Fama Maturity Portfolios - > 54 and <= 60 Month,30/11/2000,1.6265136346151E-02
2000037,BONDMATPORT,6060,Fama Maturity Portfolios - > 54 and <= 60 Month,29/12/2000,2.2244326270070E-02
2000037,BONDMATPORT,6060,Fama Maturity Portfolios - > 54 and <= 60 Month,31/01/2001,1.2750560598931E-02
2000037,BONDMATPORT,6060,Fama Maturity Portfolios - > 54 and <= 60 Month,28/02/2001,9.9819059607029E-03
2000037,BONDMATPORT,6060,Fama Maturity Portfolios - > 54 and <= 60 Month,30/03/2001,8.3892828741535E-03
2000037,BONDMATPORT,6060,Fama Maturity Portfolios - > 54 and <= 60 Month,30/04/2001,-8.0394274172291E-03
2000037,BONDMATPORT,6060,Fama Maturity Portfolios - > 54 and <= 60 Month,31/05/2001,2.8855086729347E-03
2000037,BONDMATPORT,6060,Fama Maturity Portfolios - > 54 and <= 60 Month,29/06/2001,2.1385441167875E-03
2000037,BONDMATPORT,6060,Fama Maturity Portfolios - > 54 and <= 60 Month,31/07/2001,2.2273367771832E-02
2000037,BONDMATPORT,6060,Fama Maturity Portfolios - > 54 and <= 60 Month,31/08/2001,1.0805266803763E-02
2000037,BONDMATPORT,6060,Fama Maturity Portfolios - > 54 and <= 60 Month,28/09/2001,2.5424694866279E-02
2000037,BONDMATPORT,6060,Fama Maturity Portfolios - > 54 and <= 60 Month,31/10/2001,1.9090390887886E-02
2000037,BONDMATPORT,6060,Fama Maturity Portfolios - > 54 and <= 60 Month,30/11/2001,-1.7870177646717E-02
2000037,BONDMATPORT,6060,Fama Maturity Portfolios - > 54 and <= 60 Month,31/12/2001,-8.3525804584954E-03
2000037,BONDMATPORT,6060,Fama Maturity Portfolios - > 54 and <= 60 Month,31/01/2002,2.7041530709182E-03
2000037,BONDMATPORT,6060,Fama Maturity Portfolios - > 54 and <= 60 Month,28/02/2002,1.1235275280412E-02
2000037,BONDMATPORT,6060,Fama Maturity Portfolios - > 54 and <= 60 Month,28/03/2002,-2.2165626126140E-02
2000037,BONDMATPORT,6060,Fama Maturity Portfolios - > 54 and <= 60 Month,30/04/2002,2.2340504870291E-02
2000037,BONDMATPORT,6060,Fama Maturity Portfolios - > 54 and <= 60 Month,31/05/2002,1.0967863351551E-02
2000037,BONDMATPORT,6060,Fama Maturity Portfolios - > 54 and <= 60 Month,28/06/2002,1.6313146449154E-02
2000037,BONDMATPORT,6060,Fama Maturity Portfolios - > 54 and <= 60 Month,31/07/2002,2.7979323419807E-02
2000037,BONDMATPORT,6060,Fama Maturity Portfolios - > 54 and <= 60 Month,30/08/2002,1.6120020096411E-02
2000037,BONDMATPORT,6060,Fama Maturity Portfolios - > 54 and <= 60 Month,30/09/2002,2.9542005787625E-02
2000037,BONDMATPORT,6060,Fama Maturity Portfolios - > 54 and <= 60 Month,31/10/2002,-3.8450318413654E-03
2000037,BONDMATPORT,6060,Fama Maturity Portfolios - > 54 and <= 60 Month,29/11/2002,-1.8569118589570E-02
2000037,BONDMATPORT,6060,Fama Maturity Portfolios - > 54 and <= 60 Month,31/12/2002,2.7311596396317E-02
2000037,BONDMATPORT,6060,Fama Maturity Portfolios - > 54 and <= 60 Month,31/01/2003,-5.6550665443524E-03
2000037,BONDMATPORT,6060,Fama Maturity Portfolios - > 54 and <= 60 Month,28/02/2003,1.7004041398579E-02
2000037,BONDMATPORT,6060,Fama Maturity Portfolios - > 54 and <= 60 Month,31/03/2003,-1.2535066856187E-04
2000037,BONDMATPORT,6060,Fama Maturity Portfolios - > 54 and <= 60 Month,30/04/2003,1.3228492080230E-03
2000037,BONDMATPORT,6060,Fama Maturity Portfolios - > 54 and <= 60 Month,30/05/2003,2.5463537065845E-02
2000037,BONDMATPORT,6060,Fama Maturity Portfolios - > 54 and <= 60 Month,30/06/2003,-2.9785544648968E-03
2000037,BONDMATPORT,6060,Fama Maturity Portfolios - > 54 and <= 60 Month,31/07/2003,-3.0643682158449E-02
2000037,BONDMATPORT,6060,Fama Maturity Portfolios - > 54 and <= 60 Month,29/08/2003,-4.3639316724906E-03
2000037,BONDMATPORT,6060,Fama Maturity Portfolios - > 54 and <= 60 Month,30/09/2003,3.2533259756245E-02
2000037,BONDMATPORT,6060,Fama Maturity Portfolios - > 54 and <= 60 Month,31/10/2003,-1.4447605296249E-02
2000037,BONDMATPORT,6060,Fama Maturity Portfolios - > 54 and <= 60 Month,28/11/2003,-1.2612451042280E-03
2000037,BONDMATPORT,6060,Fama Maturity Portfolios - > 54 and <= 60 Month,31/12/2003,1.0344002395956E-02
2000037,BONDMATPORT,6060,Fama Maturity Portfolios - > 54 and <= 60 Month,30/01/2004,6.9563909448133E-03
2000037,BONDMATPORT,6060,Fama Maturity Portfolios - > 54 and <= 60 Month,27/02/2004,1.2378243735142E-02
2000037,BONDMATPORT,6060,Fama Maturity Portfolios - > 54 and <= 60 Month,31/03/2004,1.0634323958729E-02
2000037,BONDMATPORT,6060,Fama Maturity Portfolios - > 54 and <= 60 Month,30/04/2004,-3.2825951303781E-02
2000037,BONDMATPORT,6060,Fama Maturity Portfolios - > 54 and <= 60 Month,28/05/2004,-4.8728283805231E-03
2000037,BONDMATPORT,6060,Fama Maturity Portfolios - > 54 and <= 60 Month,30/06/2004,6.1553931549119E-03
2000037,BONDMATPORT,6060,Fama Maturity Portfolios - > 54 and <= 60 Month,30/07/2004,7.1140326041232E-03
2000037,BONDMATPORT,6060,Fama Maturity Portfolios - > 54 and <= 60 Month,31/08/2004,2.0441770037860E-02
2000037,BONDMATPORT,6060,Fama Maturity Portfolios - > 54 and <= 60 Month,30/09/2004,6.1677959087324E-04
2000037,BONDMATPORT,6060,Fama Maturity Portfolios - > 54 and <= 60 Month,29/10/2004,6.8015281944788E-03
2000037,BONDMATPORT,6060,Fama Maturity Portfolios - > 54 and <= 60 Month,30/11/2004,-1.4051724268261E-02
2000037,BONDMATPORT,6060,Fama Maturity Portfolios - > 54 and <= 60 Month,31/12/2004,6.7764753869218E-03
2000037,BONDMATPORT,6060,Fama Maturity Portfolios - > 54 and <= 60 Month,31/01/2005,-1.8069530793579E-04
2000037,BONDMATPORT,6060,Fama Maturity Portfolios - > 54 and <= 60 Month,28/02/2005,-1.0983495754799E-02
2000037,BONDMATPORT,6060,Fama Maturity Portfolios - > 54 and <= 60 Month,31/03/2005,-2.6796776193470E-03
2000037,BONDMATPORT,6060,Fama Maturity Portfolios - > 54 and <= 60 Month,29/04/2005,1.5333406315966E-02
2000037,BONDMATPORT,6060,Fama Maturity Portfolios - > 54 and <= 60 Month,31/05/2005,9.8344980725684E-03
2000037,BONDMATPORT,6060,Fama Maturity Portfolios - > 54 and <= 60 Month,30/06/2005,3.8041612347813E-03
2000037,BONDMATPORT,6060,Fama Maturity Portfolios - > 54 and <= 60 Month,29/07/2005,-1.4742698280453E-02
2000037,BONDMATPORT,6060,Fama Maturity Portfolios - > 54 and <= 60 Month,31/08/2005,1.5505273884169E-02
2000037,BONDMATPORT,6060,Fama Maturity Portfolios - > 54 and <= 60 Month,30/09/2005,-1.1955019881139E-02
2000037,BONDMATPORT,6060,Fama Maturity Portfolios - > 54 and <= 60 Month,31/10/2005,-7.0994965397934E-03
2000037,BONDMATPORT,6060,Fama Maturity Portfolios - > 54 and <= 60 Month,30/11/2005,5.4966321671617E-03
2000037,BONDMATPORT,6060,Fama Maturity Portfolios - > 54 and <= 60 Month,30/12/2005,6.2055758402444E-03
2000037,BONDMATPORT,6060,Fama Maturity Portfolios - > 54 and <= 60 Month,31/01/2006,-1.9472718621916E-03
2000037,BONDMATPORT,6060,Fama Maturity Portfolios - > 54 and <= 60 Month,28/02/2006,-1.9563723586103E-03
2000037,BONDMATPORT,6060,Fama Maturity Portfolios - > 54 and <= 60 Month,31/03/2006,-5.0419443386393E-03
2000037,BONDMATPORT,6060,Fama Maturity Portfolios - > 54 and <= 60 Month,28/04/2006,-4.5832309585269E-05
2000037,BONDMATPORT,6060,Fama Maturity Portfolios - > 54 and <= 60 Month,31/05/2006,-8.0124553879501E-04
2000037,BONDMATPORT,6060,Fama Maturity Portfolios - > 54 and <= 60 Month,30/06/2006,1.6199039770649E-03
2000037,BONDMATPORT,6060,Fama Maturity Portfolios - > 54 and <= 60 Month,31/07/2006,1.2268011987253E-02
2000037,BONDMATPORT,6060,Fama Maturity Portfolios - > 54 and <= 60 Month,31/08/2006,1.2867744353931E-02
2000037,BONDMATPORT,6060,Fama Maturity Portfolios - > 54 and <= 60 Month,29/09/2006,7.9732557358749E-03
2000037,BONDMATPORT,6060,Fama Maturity Portfolios - > 54 and <= 60 Month,31/10/2006,4.8788149229397E-03
2000037,BONDMATPORT,6060,Fama Maturity Portfolios - > 54 and <= 60 Month,30/11/2006,8.7214868179031E-03
2000037,BONDMATPORT,6060,Fama Maturity Portfolios - > 54 and <= 60 Month,29/12/2006,-6.7119488662528E-03
2000037,BONDMATPORT,6060,Fama Maturity Portfolios - > 54 and <= 60 Month,31/01/2007,-4.3874691180359E-04
2000037,BONDMATPORT,6060,Fama Maturity Portfolios - > 54 and <= 60 Month,28/02/2007,1.5237954167650E-02
2000037,BONDMATPORT,6060,Fama Maturity Portfolios - > 54 and <= 60 Month,30/03/2007,3.3307310692226E-03
2000037,BONDMATPORT,6060,Fama Maturity Portfolios - > 54 and <= 60 Month,30/04/2007,4.9327353468657E-03
2000037,BONDMATPORT,6060,Fama Maturity Portfolios - > 54 and <= 60 Month,31/05/2007,-1.0438255023634E-02
2000037,BONDMATPORT,6060,Fama Maturity Portfolios - > 54 and <= 60 Month,29/06/2007,1.0670587014034E-03
2000037,BONDMATPORT,6060,Fama Maturity Portfolios - > 54 and <= 60 Month,31/07/2007,1.9090746863372E-02
2000037,BONDMATPORT,6060,Fama Maturity Portfolios - > 54 and <= 60 Month,31/08/2007,1.6515577738924E-02
2000037,BONDMATPORT,6060,Fama Maturity Portfolios - > 54 and <= 60 Month,28/09/2007,4.7922811658121E-03
2000037,BONDMATPORT,6060,Fama Maturity Portfolios - > 54 and <= 60 Month,31/10/2007,7.5440961133287E-03
2000037,BONDMATPORT,6060,Fama Maturity Portfolios - > 54 and <= 60 Month,30/11/2007,3.6194940448689E-02
2000037,BONDMATPORT,6060,Fama Maturity Portfolios - > 54 and <= 60 Month,31/12/2007,1.4697285833112E-03
2000037,BONDMATPORT,6060,Fama Maturity Portfolios - > 54 and <= 60 Month,31/01/2008,3.3265908216340E-02
2000037,BONDMATPORT,6060,Fama Maturity Portfolios - > 54 and <= 60 Month,29/02/2008,1.5303569825033E-02
2000037,BONDMATPORT,6060,Fama Maturity Portfolios - > 54 and <= 60 Month,31/03/2008,5.4039614565801E-03
2000037,BONDMATPORT,6060,Fama Maturity Portfolios - > 54 and <= 60 Month,30/04/2008,-2.2660908477307E-02
2000037,BONDMATPORT,6060,Fama Maturity Portfolios - > 54 and <= 60 Month,30/05/2008,-1.4806957517838E-02
2000037,BONDMATPORT,6060,Fama Maturity Portfolios - > 54 and <= 60 Month,30/06/2008,7.6433902219369E-03
2000037,BONDMATPORT,6060,Fama Maturity Portfolios - > 54 and <= 60 Month,31/07/2008,7.7511517129611E-03
2000037,BONDMATPORT,6060,Fama Maturity Portfolios - > 54 and <= 60 Month,29/08/2008,9.8280591524434E-03
2000037,BONDMATPORT,6060,Fama Maturity Portfolios - > 54 and <= 60 Month,30/09/2008,9.0269399984461E-03
2000037,BONDMATPORT,6060,Fama Maturity Portfolios - > 54 and <= 60 Month,31/10/2008,1.3457541426230E-02
2000037,BONDMATPORT,6060,Fama Maturity Portfolios - > 54 and <= 60 Month,28/11/2008,4.5297805258350E-02
2000037,BONDMATPORT,6060,Fama Maturity Portfolios - > 54 and <= 60 Month,31/12/2008,2.0457486804565E-02
2000037,BONDMATPORT,6060,Fama Maturity Portfolios - > 54 and <= 60 Month,30/01/2009,-1.3117405203778E-02
2000037,BONDMATPORT,6060,Fama Maturity Portfolios - > 54 and <= 60 Month,27/02/2009,-3.5004756779317E-03
2000037,BONDMATPORT,6060,Fama Maturity Portfolios - > 54 and <= 60 Month,31/03/2009,1.7331832357346E-02
2000037,BONDMATPORT,6060,Fama Maturity Portfolios - > 54 and <= 60 Month,30/04/2009,-1.4851941916327E-02
2000037,BONDMATPORT,6060,Fama Maturity Portfolios - > 54 and <= 60 Month,29/05/2009,-1.0623646040161E-02
2000037,BONDMATPORT,6060,Fama Maturity Portfolios - > 54 and <= 60 Month,30/06/2009,-6.3928784905164E-03
2000037,BONDMATPORT,6060,Fama Maturity Portfolios - > 54 and <= 60 Month,31/07/2009,5.6913888828248E-03
2000037,BONDMATPORT,6060,Fama Maturity Portfolios - > 54 and <= 60 Month,31/08/2009,9.7637189805416E-03
2000037,BONDMATPORT,6060,Fama Maturity Portfolios - > 54 and <= 60 Month,30/09/2009,6.8181545989388E-03
2000037,BONDMATPORT,6060,Fama Maturity Portfolios - > 54 and <= 60 Month,30/10/2009,3.4652374219173E-03
2000037,BONDMATPORT,6060,Fama Maturity Portfolios - > 54 and <= 60 Month,30/11/2009,1.7851381156446E-02
2000037,BONDMATPORT,6060,Fama Maturity Portfolios - > 54 and <= 60 Month,31/12/2009,-2.6014330096887E-02
2000037,BONDMATPORT,6060,Fama Maturity Portfolios - > 54 and <= 60 Month,29/01/2010,1.9846209561545E-02
2000037,BONDMATPORT,6060,Fama Maturity Portfolios - > 54 and <= 60 Month,26/02/2010,4.0137175087554E-03
2000037,BONDMATPORT,6060,Fama Maturity Portfolios - > 54 and <= 60 Month,31/03/2010,-7.6843292042560E-03
2000037,BONDMATPORT,6060,Fama Maturity Portfolios - > 54 and <= 60 Month,30/04/2010,8.9807726708433E-03
2000037,BONDMATPORT,6060,Fama Maturity Portfolios - > 54 and <= 60 Month,28/05/2010,1.5864809118832E-02
2000037,BONDMATPORT,6060,Fama Maturity Portfolios - > 54 and <= 60 Month,30/06/2010,1.7071124935685E-02
2000037,BONDMATPORT,6060,Fama Maturity Portfolios - > 54 and <= 60 Month,30/07/2010,1.0917229181507E-02
2000037,BONDMATPORT,6060,Fama Maturity Portfolios - > 54 and <= 60 Month,31/08/2010,1.3716389028101E-02
2000037,BONDMATPORT,6060,Fama Maturity Portfolios - > 54 and <= 60 Month,30/09/2010,4.5090758497586E-03
2000037,BONDMATPORT,6060,Fama Maturity Portfolios - > 54 and <= 60 Month,29/10/2010,6.9476743422441E-03
2000037,BONDMATPORT,6060,Fama Maturity Portfolios - > 54 and <= 60 Month,30/11/2010,-1.0020767730107E-02
2000037,BONDMATPORT,6060,Fama Maturity Portfolios - > 54 and <= 60 Month,31/12/2010,-1.9772425042548E-02
2000037,BONDMATPORT,6060,Fama Maturity Portfolios - > 54 and <= 60 Month,31/01/2011,6.5252631116322E-03
2000037,BONDMATPORT,6060,Fama Maturity Portfolios - > 54 and <= 60 Month,28/02/2011,-5.7246930933762E-03
2000037,BONDMATPORT,6060,Fama Maturity Portfolios - > 54 and <= 60 Month,31/03/2011,-2.4299004020328E-03
2000037,BONDMATPORT,6060,Fama Maturity Portfolios - > 54 and <= 60 Month,29/04/2011,1.6491170199732E-02
2000037,BONDMATPORT,6060,Fama Maturity Portfolios - > 54 and <= 60 Month,31/05/2011,1.5538680149250E-02
2000037,BONDMATPORT,6060,Fama Maturity Portfolios - > 54 and <= 60 Month,30/06/2011,2.3447561217096E-04
2000037,BONDMATPORT,6060,Fama Maturity Portfolios - > 54 and <= 60 Month,29/07/2011,2.0548618170780E-02
2000037,BONDMATPORT,6060,Fama Maturity Portfolios - > 54 and <= 60 Month,31/08/2011,1.8578020836489E-02
2000037,BONDMATPORT,6060,Fama Maturity Portfolios - > 54 and <= 60 Month,30/09/2011,1.4925789263636E-03
2000037,BONDMATPORT,6060,Fama Maturity Portfolios - > 54 and <= 60 Month,31/10/2011,2.1236064495924E-03
2000037,BONDMATPORT,6060,Fama Maturity Portfolios - > 54 and <= 60 Month,30/11/2011,1.8381382449822E-03
2000037,BONDMATPORT,6060,Fama Maturity Portfolios - > 54 and <= 60 Month,30/12/2011,5.9916745307154E-03
2000037,BONDMATPORT,6060,Fama Maturity Portfolios - > 54 and <= 60 Month,31/01/2012,7.8141148757442E-03
2000037,BONDMATPORT,6060,Fama Maturity Portfolios - > 54 and <= 60 Month,29/02/2012,-5.9023453946830E-03
2000037,BONDMATPORT,6060,Fama Maturity Portfolios - > 54 and <= 60 Month,30/03/2012,-6.3380424155554E-03
2000037,BONDMATPORT,6060,Fama Maturity Portfolios - > 54 and <= 60 Month,30/04/2012,1.1626780541443E-02
2000037,BONDMATPORT,6060,Fama Maturity Portfolios - > 54 and <= 60 Month,31/05/2012,7.1842908326320E-03
2000037,BONDMATPORT,6060,Fama Maturity Portfolios - > 54 and <= 60 Month,29/06/2012,-2.0925685556207E-03
2000037,BONDMATPORT,6060,Fama Maturity Portfolios - > 54 and <= 60 Month,31/07/2012,7.7254175423889E-03
2000037,BONDMATPORT,6060,Fama Maturity Portfolios - > 54 and <= 60 Month,31/08/2012,1.0063270993539E-03
2000037,BONDMATPORT,6060,Fama Maturity Portfolios - > 54 and <= 60 Month,28/09/2012,-9.9490504565221E-05
2000037,BONDMATPORT,6060,Fama Maturity Portfolios - > 54 and <= 60 Month,31/10/2012,-3.1510110142199E-03
2000037,BONDMATPORT,6060,Fama Maturity Portfolios - > 54 and <= 60 Month,30/11/2012,5.6843509686521E-03
2000037,BONDMATPORT,6060,Fama Maturity Portfolios - > 54 and <= 60 Month,31/12/2012,-2.9667462761677E-03
2000037,BONDMATPORT,6060,Fama Maturity Portfolios - > 54 and <= 60 Month,31/01/2013,-4.9761941998949E-03
2000037,BONDMATPORT,6060,Fama Maturity Portfolios - > 54 and <= 60 Month,28/02/2013,6.5582528331937E-03
2000037,BONDMATPORT,6060,Fama Maturity Portfolios - > 54 and <= 60 Month,28/03/2013,1.3103632856394E-03
2000037,BONDMATPORT,6060,Fama Maturity Portfolios - > 54 and <= 60 Month,30/04/2013,5.2417615221072E-03
2000037,BONDMATPORT,6060,Fama Maturity Portfolios - > 54 and <= 60 Month,31/05/2013,-1.3680551242447E-02
2000037,BONDMATPORT,6060,Fama Maturity Portfolios - > 54 and <= 60 Month,28/06/2013,-1.4626092283510E-02
2000037,BONDMATPORT,6060,Fama Maturity Portfolios - > 54 and <= 60 Month,31/07/2013,3.4170038708593E-03
2000037,BONDMATPORT,6060,Fama Maturity Portfolios - > 54 and <= 60 Month,30/08/2013,-9.1036714933687E-03
2000037,BONDMATPORT,6060,Fama Maturity Portfolios - > 54 and <= 60 Month,30/09/2013,1.4030397453359E-02
2000037,BONDMATPORT,6060,Fama Maturity Portfolios - > 54 and <= 60 Month,31/10/2013,4.4686383512935E-03
2000037,BONDMATPORT,6060,Fama Maturity Portfolios - > 54 and <= 60 Month,29/11/2013,7.2141607506669E-04
2000037,BONDMATPORT,6060,Fama Maturity Portfolios - > 54 and <= 60 Month,31/12/2013,-1.3494425425151E-02
2000037,BONDMATPORT,6060,Fama Maturity Portfolios - > 54 and <= 60 Month,31/01/2014,1.3241262178537E-02
2000037,BONDMATPORT,6060,Fama Maturity Portfolios - > 54 and <= 60 Month,28/02/2014,1.5605436055204E-03
2000037,BONDMATPORT,6060,Fama Maturity Portfolios - > 54 and <= 60 Month,31/03/2014,-7.1306451059440E-03
2000037,BONDMATPORT,6060,Fama Maturity Portfolios - > 54 and <= 60 Month,30/04/2014,4.5025296185408E-03
2000037,BONDMATPORT,6060,Fama Maturity Portfolios - > 54 and <= 60 Month,30/05/2014,8.6243258144380E-03
2000037,BONDMATPORT,6060,Fama Maturity Portfolios - > 54 and <= 60 Month,30/06/2014,-1.8743064835813E-03
2000037,BONDMATPORT,6060,Fama Maturity Portfolios - > 54 and <= 60 Month,31/07/2014,-4.2558196451909E-03
2000037,BONDMATPORT,6060,Fama Maturity Portfolios - > 54 and <= 60 Month,29/08/2014,7.5609575392769E-03
2000037,BONDMATPORT,6060,Fama Maturity Portfolios - > 54 and <= 60 Month,30/09/2014,-3.8602370426983E-03
2000037,BONDMATPORT,6060,Fama Maturity Portfolios - > 54 and <= 60 Month,31/10/2014,8.8262294586008E-03
2000037,BONDMATPORT,6060,Fama Maturity Portfolios - > 54 and <= 60 Month,28/11/2014,8.2630947296155E-03
2000037,BONDMATPORT,6060,Fama Maturity Portfolios - > 54 and <= 60 Month,31/12/2014,-5.5791672639408E-03
2000037,BONDMATPORT,6060,Fama Maturity Portfolios - > 54 and <= 60 Month,30/01/2015,2.3326712707864E-02
2000037,BONDMATPORT,6060,Fama Maturity Portfolios - > 54 and <= 60 Month,27/02/2015,-1.3855332115498E-02
2000037,BONDMATPORT,6060,Fama Maturity Portfolios - > 54 and <= 60 Month,31/03/2015,7.8248559526975E-03
2000037,BONDMATPORT,6060,Fama Maturity Portfolios - > 54 and <= 60 Month,30/04/2015,-9.3149278341836E-04
2000037,BONDMATPORT,6060,Fama Maturity Portfolios - > 54 and <= 60 Month,29/05/2015,-7.5957406580450E-04
2000037,BONDMATPORT,6060,Fama Maturity Portfolios - > 54 and <= 60 Month,30/06/2015,-4.9601419380584E-03
2000037,BONDMATPORT,6060,Fama Maturity Portfolios - > 54 and <= 60 Month,31/07/2015,6.8118139180330E-03
2000037,BONDMATPORT,6060,Fama Maturity Portfolios - > 54 and <= 60 Month,31/08/2015,4.9030221009249E-04
2000037,BONDMATPORT,6060,Fama Maturity Portfolios - > 54 and <= 60 Month,30/09/2015,1.0887417302644E-02
2000037,BONDMATPORT,6060,Fama Maturity Portfolios - > 54 and <= 60 Month,30/10/2015,-5.6963578727923E-03
2000037,BONDMATPORT,6060,Fama Maturity Portfolios - > 54 and <= 60 Month,30/11/2015,-4.6763715257693E-03
2000037,BONDMATPORT,6060,Fama Maturity Portfolios - > 54 and <= 60 Month,31/12/2015,-2.6333755979533E-03
2000037,BONDMATPORT,6060,Fama Maturity Portfolios - > 54 and <= 60 Month,29/01/2016,2.0849557346282E-02
2000037,BONDMATPORT,6060,Fama Maturity Portfolios - > 54 and <= 60 Month,29/02/2016,5.7557283294420E-03
2000037,BONDMATPORT,6060,Fama Maturity Portfolios - > 54 and <= 60 Month,31/03/2016,3.0662149189187E-03
2000037,BONDMATPORT,6060,Fama Maturity Portfolios - > 54 and <= 60 Month,29/04/2016,-2.6377545509508E-03
2000037,BONDMATPORT,6060,Fama Maturity Portfolios - > 54 and <= 60 Month,31/05/2016,-2.3730665437203E-03
2000037,BONDMATPORT,6060,Fama Maturity Portfolios - > 54 and <= 60 Month,30/06/2016,1.8974362704784E-02
2000037,BONDMATPORT,6060,Fama Maturity Portfolios - > 54 and <= 60 Month,29/07/2016,-3.9337450128392E-04
2000037,BONDMATPORT,6060,Fama Maturity Portfolios - > 54 and <= 60 Month,31/08/2016,-7.1660260180326E-03
2000037,BONDMATPORT,6060,Fama Maturity Portfolios - > 54 and <= 60 Month,30/09/2016,3.3950588136651E-03
2000037,BONDMATPORT,6060,Fama Maturity Portfolios - > 54 and <= 60 Month,31/10/2016,-5.7070533639063E-03
2000037,BONDMATPORT,6060,Fama Maturity Portfolios - > 54 and <= 60 Month,30/11/2016,-2.2568663760898E-02
2000037,BONDMATPORT,6060,Fama Maturity Portfolios - > 54 and <= 60 Month,30/12/2016,-6.3877003631255E-04
2000037,BONDMATPORT,6060,Fama Maturity Portfolios - > 54 and <= 60 Month,31/01/2017,3.1068066664012E-03
2000037,BONDMATPORT,6060,Fama Maturity Portfolios - > 54 and <= 60 Month,28/02/2017,7.8242913908317E-04
2000037,BONDMATPORT,6060,Fama Maturity Portfolios - > 54 and <= 60 Month,31/03/2017,3.0363149064240E-03
2000037,BONDMATPORT,6060,Fama Maturity Portfolios - > 54 and <= 60 Month,28/04/2017,6.4509035053447E-03
2000037,BONDMATPORT,6060,Fama Maturity Portfolios - > 54 and <= 60 Month,31/05/2017,4.6723327341367E-03
2000037,BONDMATPORT,6060,Fama Maturity Portfolios - > 54 and <= 60 Month,30/06/2017,-3.3932187544009E-03
2000037,BONDMATPORT,6060,Fama Maturity Portfolios - > 54 and <= 60 Month,31/07/2017,3.9443507812672E-03
2000037,BONDMATPORT,6060,Fama Maturity Portfolios - > 54 and <= 60 Month,31/08/2017,7.5404936173600E-03
2000037,BONDMATPORT,6060,Fama Maturity Portfolios - > 54 and <= 60 Month,29/09/2017,-8.0812591681050E-03
2000037,BONDMATPORT,6060,Fama Maturity Portfolios - > 54 and <= 60 Month,31/10/2017,-1.6928111661316E-03
2000037,BONDMATPORT,6060,Fama Maturity Portfolios - > 54 and <= 60 Month,30/11/2017,-3.3839843251060E-03
2000037,BONDMATPORT,6060,Fama Maturity Portfolios - > 54 and <= 60 Month,29/12/2017,-6.0329494079624E-04
2000037,BONDMATPORT,6060,Fama Maturity Portfolios - > 54 and <= 60 Month,31/01/2018,-1.1508638560571E-02
2000037,BONDMATPORT,6060,Fama Maturity Portfolios - > 54 and <= 60 Month,28/02/2018,-3.4318315565929E-03
2000037,BONDMATPORT,6060,Fama Maturity Portfolios - > 54 and <= 60 Month,29/03/2018,5.9883774293736E-03
2000037,BONDMATPORT,6060,Fama Maturity Portfolios - > 54 and <= 60 Month,30/04/2018,-8.0783740167594E-03
2000037,BONDMATPORT,6060,Fama Maturity Portfolios - > 54 and <= 60 Month,31/05/2018,7.0385342628580E-03
2000037,BONDMATPORT,6060,Fama Maturity Portfolios - > 54 and <= 60 Month,29/06/2018,2.1083068784079E-04
2000037,BONDMATPORT,6060,Fama Maturity Portfolios - > 54 and <= 60 Month,31/07/2018,-2.1386258874860E-03
2000037,BONDMATPORT,6060,Fama Maturity Portfolios - > 54 and <= 60 Month,31/08/2018,6.9653547544111E-03
2000037,BONDMATPORT,6060,Fama Maturity Portfolios - > 54 and <= 60 Month,28/09/2018,-7.0030446383812E-03
2000037,BONDMATPORT,6060,Fama Maturity Portfolios - > 54 and <= 60 Month,31/10/2018,1.5429433655863E-03
2000037,BONDMATPORT,6060,Fama Maturity Portfolios - > 54 and <= 60 Month,30/11/2018,8.9557376036351E-03
2000037,BONDMATPORT,6060,Fama Maturity Portfolios - > 54 and <= 60 Month,31/12/2018,1.6760624292218E-02
2000037,BONDMATPORT,6060,Fama Maturity Portfolios - > 54 and <= 60 Month,31/01/2019,4.8894296659854E-03
2000037,BONDMATPORT,6060,Fama Maturity Portfolios - > 54 and <= 60 Month,28/02/2019,-1.6983129702057E-03
2000037,BONDMATPORT,6060,Fama Maturity Portfolios - > 54 and <= 60 Month,29/03/2019,1.4769880859467E-02
2000037,BONDMATPORT,6060,Fama Maturity Portfolios - > 54 and <= 60 Month,30/04/2019,1.0057513394545E-04
2000037,BONDMATPORT,6060,Fama Maturity Portfolios - > 54 and <= 60 Month,31/05/2019,1.7845807764519E-02
2000037,BONDMATPORT,6060,Fama Maturity Portfolios - > 54 and <= 60 Month,28/06/2019,8.6611839797410E-03
2000037,BONDMATPORT,6060,Fama Maturity Portfolios - > 54 and <= 60 Month,31/07/2019,-1.4708193863975E-03
2000037,BONDMATPORT,6060,Fama Maturity Portfolios - > 54 and <= 60 Month,30/08/2019,2.0767888210882E-02
2000037,BONDMATPORT,6060,Fama Maturity Portfolios - > 54 and <= 60 Month,30/09/2019,-5.6057807872597E-03
2000037,BONDMATPORT,6060,Fama Maturity Portfolios - > 54 and <= 60 Month,31/10/2019,2.6284374694977E-03
2000037,BONDMATPORT,6060,Fama Maturity Portfolios - > 54 and <= 60 Month,29/11/2019,-3.7058220908082E-03
2000037,BONDMATPORT,6060,Fama Maturity Portfolios - > 54 and <= 60 Month,31/12/2019,-7.3123252515753E-04
2000037,BONDMATPORT,6060,Fama Maturity Portfolios - > 54 and <= 60 Month,31/01/2020,1.8255237986157E-02
2000037,BONDMATPORT,6060,Fama Maturity Portfolios - > 54 and <= 60 Month,28/02/2020,1.7739203927434E-02
2000037,BONDMATPORT,6060,Fama Maturity Portfolios - > 54 and <= 60 Month,31/03/2020,2.6343338681990E-02
2000037,BONDMATPORT,6060,Fama Maturity Portfolios - > 54 and <= 60 Month,30/04/2020,1.4436984420287E-03
2000037,BONDMATPORT,6060,Fama Maturity Portfolios - > 54 and <= 60 Month,29/05/2020,3.0399242332865E-03
2000037,BONDMATPORT,6060,Fama Maturity Portfolios - > 54 and <= 60 Month,30/06/2020,2.2479655300147E-03
2000037,BONDMATPORT,6060,Fama Maturity Portfolios - > 54 and <= 60 Month,31/07/2020,3.1542598689448E-03
2000037,BONDMATPORT,6060,Fama Maturity Portfolios - > 54 and <= 60 Month,31/08/2020,-1.8526763142553E-03
2000037,BONDMATPORT,6060,Fama Maturity Portfolios - > 54 and <= 60 Month,30/09/2020,1.3574088207483E-04
2000037,BONDMATPORT,6060,Fama Maturity Portfolios - > 54 and <= 60 Month,30/10/2020,-4.0772417412624E-03
2000037,BONDMATPORT,6060,Fama Maturity Portfolios - > 54 and <= 60 Month,30/11/2020,1.7083122814091E-03
2000037,BONDMATPORT,6060,Fama Maturity Portfolios - > 54 and <= 60 Month,31/12/2020,8.7400855540225E-04
2000037,BONDMATPORT,6060,Fama Maturity Portfolios - > 54 and <= 60 Month,29/01/2021,-1.5376173978261E-03
2000037,BONDMATPORT,6060,Fama Maturity Portfolios - > 54 and <= 60 Month,26/02/2021,-1.2252151308805E-02
2000037,BONDMATPORT,6060,Fama Maturity Portfolios - > 54 and <= 60 Month,31/03/2021,-7.0963343964526E-03
2000037,BONDMATPORT,6060,Fama Maturity Portfolios - > 54 and <= 60 Month,30/04/2021,5.2226154492166E-03
2000037,BONDMATPORT,6060,Fama Maturity Portfolios - > 54 and <= 60 Month,28/05/2021,3.2642457843847E-03
2000037,BONDMATPORT,6060,Fama Maturity Portfolios - > 54 and <= 60 Month,30/06/2021,-2.3256196736801E-03
2000037,BONDMATPORT,6060,Fama Maturity Portfolios - > 54 and <= 60 Month,30/07/2021,9.5004223159192E-03
2000037,BONDMATPORT,6060,Fama Maturity Portfolios - > 54 and <= 60 Month,31/08/2021,-2.9562020895971E-03
2000037,BONDMATPORT,6060,Fama Maturity Portfolios - > 54 and <= 60 Month,30/09/2021,-6.9625404265478E-03
2000037,BONDMATPORT,6060,Fama Maturity Portfolios - > 54 and <= 60 Month,29/10/2021,-8.8645322211064E-03
2000037,BONDMATPORT,6060,Fama Maturity Portfolios - > 54 and <= 60 Month,30/11/2021,1.8663565123060E-03
2000037,BONDMATPORT,6060,Fama Maturity Portfolios - > 54 and <= 60 Month,31/12/2021,-3.4556792737860E-03
2000037,BONDMATPORT,6060,Fama Maturity Portfolios - > 54 and <= 60 Month,31/01/2022,-1.4343549009736E-02
2000037,BONDMATPORT,6060,Fama Maturity Portfolios - > 54 and <= 60 Month,28/02/2022,-4.6489261890993E-03
2000037,BONDMATPORT,6060,Fama Maturity Portfolios - > 54 and <= 60 Month,31/03/2022,-3.1980654746690E-02
2000037,BONDMATPORT,6060,Fama Maturity Portfolios - > 54 and <= 60 Month,29/04/2022,-1.9186716803887E-02
2000037,BONDMATPORT,6060,Fama Maturity Portfolios - > 54 and <= 60 Month,31/05/2022,8.5684906020359E-03
2000037,BONDMATPORT,6060,Fama Maturity Portfolios - > 54 and <= 60 Month,30/06/2022,-7.5951846162221E-03
2000037,BONDMATPORT,6060,Fama Maturity Portfolios - > 54 and <= 60 Month,29/07/2022,1.8386171041951E-02
2000037,BONDMATPORT,6060,Fama Maturity Portfolios - > 54 and <= 60 Month,31/08/2022,-2.8118158918285E-02
2000037,BONDMATPORT,6060,Fama Maturity Portfolios - > 54 and <= 60 Month,30/09/2022,-2.9573733772386E-02
2000037,BONDMATPORT,6060,Fama Maturity Portfolios - > 54 and <= 60 Month,31/10/2022,-2.9319426610446E-03
2000037,BONDMATPORT,6060,Fama Maturity Portfolios - > 54 and <= 60 Month,30/11/2022,2.3906997325009E-02
2000037,BONDMATPORT,6060,Fama Maturity Portfolios - > 54 and <= 60 Month,30/12/2022,-7.3972976387113E-03
2000037,BONDMATPORT,6060,Fama Maturity Portfolios - > 54 and <= 60 Month,31/01/2023,2.0066969268637E-02
2000037,BONDMATPORT,6060,Fama Maturity Portfolios - > 54 and <= 60 Month,28/02/2023,-2.2634353282495E-02
2000037,BONDMATPORT,6060,Fama Maturity Portfolios - > 54 and <= 60 Month,31/03/2023,3.0047014348470E-02
2000037,BONDMATPORT,6060,Fama Maturity Portfolios - > 54 and <= 60 Month,28/04/2023,6.9059987352425E-03
2000037,BONDMATPORT,6060,Fama Maturity Portfolios - > 54 and <= 60 Month,31/05/2023,-1.0268202978390E-02
2000037,BONDMATPORT,6060,Fama Maturity Portfolios - > 54 and <= 60 Month,30/06/2023,-1.3907687910742E-02
2000037,BONDMATPORT,6060,Fama Maturity Portfolios - > 54 and <= 60 Month,31/07/2023,1.9632465168267E-03
2000037,BONDMATPORT,6060,Fama Maturity Portfolios - > 54 and <= 60 Month,31/08/2023,-2.1320913874975E-04
2000037,BONDMATPORT,6060,Fama Maturity Portfolios - > 54 and <= 60 Month,29/09/2023,-1.1570789218548E-02
2000037,BONDMATPORT,6060,Fama Maturity Portfolios - > 54 and <= 60 Month,31/10/2023,-6.1939814010879E-03
2000037,BONDMATPORT,6060,Fama Maturity Portfolios - > 54 and <= 60 Month,30/11/2023,2.8727844141433E-02
2000037,BONDMATPORT,6060,Fama Maturity Portfolios - > 54 and <= 60 Month,29/12/2023,2.2731781710335E-02
2000037,BONDMATPORT,6060,Fama Maturity Portfolios - > 54 and <= 60 Month,31/01/2024,4.1013951806899E-03
2000037,BONDMATPORT,6060,Fama Maturity Portfolios - > 54 and <= 60 Month,29/02/2024,-1.5152773248251E-02
2000037,BONDMATPORT,6060,Fama Maturity Portfolios - > 54 and <= 60 Month,28/03/2024,4.6486480390259E-03
2000037,BONDMATPORT,6060,Fama Maturity Portfolios - > 54 and <= 60 Month,30/04/2024,-1.7595995227699E-02
2000037,BONDMATPORT,6060,Fama Maturity Portfolios - > 54 and <= 60 Month,31/05/2024,1.2945605763852E-02
2000037,BONDMATPORT,6060,Fama Maturity Portfolios - > 54 and <= 60 Month,28/06/2024,8.9457087793817E-03
2000037,BONDMATPORT,6060,Fama Maturity Portfolios - > 54 and <= 60 Month,31/07/2024,2.4039045903052E-02
2000037,BONDMATPORT,6060,Fama Maturity Portfolios - > 54 and <= 60 Month,30/08/2024,1.1694525989817E-02
2000037,BONDMATPORT,6060,Fama Maturity Portfolios - > 54 and <= 60 Month,30/09/2024,1.0082568971683E-02
2000037,BONDMATPORT,6060,Fama Maturity Portfolios - > 54 and <= 60 Month,31/10/2024,-2.1757855246483E-02
2000037,BONDMATPORT,6060,Fama Maturity Portfolios - > 54 and <= 60 Month,29/11/2024,6.8002981071381E-03
2000037,BONDMATPORT,6060,Fama Maturity Portfolios - > 54 and <= 60 Month,31/12/2024,-9.3348692721953E-03
2000037,BONDMATPORT,6060,Fama Maturity Portfolios - > 54 and <= 60 Month,31/01/2025,5.8816250195163E-03
2000037,BONDMATPORT,6060,Fama Maturity Portfolios - > 54 and <= 60 Month,28/02/2025,1.7152396533880E-02
2000037,BONDMATPORT,6060,Fama Maturity Portfolios - > 54 and <= 60 Month,31/03/2025,6.2423716992491E-03
2000037,BONDMATPORT,6060,Fama Maturity Portfolios - > 54 and <= 60 Month,30/04/2025,1.3647059018897E-02
2000037,BONDMATPORT,6060,Fama Maturity Portfolios - > 54 and <= 60 Month,30/05/2025,-7.3200674716995E-03
2000037,BONDMATPORT,6060,Fama Maturity Portfolios - > 54 and <= 60 Month,30/06/2025,1.1157186691574E-02
2000037,BONDMATPORT,6060,Fama Maturity Portfolios - > 54 and <= 60 Month,31/07/2025,-3.7378483149796E-03
2000037,BONDMATPORT,6060,Fama Maturity Portfolios - > 54 and <= 60 Month,29/08/2025,1.4729429856525E-02
2000037,BONDMATPORT,6060,Fama Maturity Portfolios - > 54 and <= 60 Month,30/09/2025,1.2699857406532E-03
2000037,BONDMATPORT,6060,Fama Maturity Portfolios - > 54 and <= 60 Month,31/10/2025,4.7309955794130E-03
2000037,BONDMATPORT,6060,Fama Maturity Portfolios - > 54 and <= 60 Month,28/11/2025,7.4935387165954E-03
2000037,BONDMATPORT,6060,Fama Maturity Portfolios - > 54 and <= 60 Month,31/12/2025,-1.4934891711573E-03
2000038,BONDMATPORT,6120,Fama Maturity Portfolios - > 60 and <= 120 Month,31/01/2000,-3.8421864542743E-03
2000038,BONDMATPORT,6120,Fama Maturity Portfolios - > 60 and <= 120 Month,29/02/2000,8.4399204825671E-03
2000038,BONDMATPORT,6120,Fama Maturity Portfolios - > 60 and <= 120 Month,31/03/2000,2.1884902264496E-02
2000038,BONDMATPORT,6120,Fama Maturity Portfolios - > 60 and <= 120 Month,28/04/2000,-4.1081205473937E-03
2000038,BONDMATPORT,6120,Fama Maturity Portfolios - > 60 and <= 120 Month,31/05/2000,5.0215930019418E-03
2000038,BONDMATPORT,6120,Fama Maturity Portfolios - > 60 and <= 120 Month,30/06/2000,1.6893760842747E-02
2000038,BONDMATPORT,6120,Fama Maturity Portfolios - > 60 and <= 120 Month,31/07/2000,7.6562276037085E-03
2000038,BONDMATPORT,6120,Fama Maturity Portfolios - > 60 and <= 120 Month,31/08/2000,1.4194654616745E-02
2000038,BONDMATPORT,6120,Fama Maturity Portfolios - > 60 and <= 120 Month,29/09/2000,7.0463013816637E-03
2000038,BONDMATPORT,6120,Fama Maturity Portfolios - > 60 and <= 120 Month,31/10/2000,8.3293377748827E-03
2000038,BONDMATPORT,6120,Fama Maturity Portfolios - > 60 and <= 120 Month,30/11/2000,1.8946270979589E-02
2000038,BONDMATPORT,6120,Fama Maturity Portfolios - > 60 and <= 120 Month,29/12/2000,2.1054926709009E-02
2000038,BONDMATPORT,6120,Fama Maturity Portfolios - > 60 and <= 120 Month,31/01/2001,1.2449791352527E-02
2000038,BONDMATPORT,6120,Fama Maturity Portfolios - > 60 and <= 120 Month,28/02/2001,1.0902839837283E-02
2000038,BONDMATPORT,6120,Fama Maturity Portfolios - > 60 and <= 120 Month,30/03/2001,6.8335561064456E-03
2000038,BONDMATPORT,6120,Fama Maturity Portfolios - > 60 and <= 120 Month,30/04/2001,-9.6214661793589E-03
2000038,BONDMATPORT,6120,Fama Maturity Portfolios - > 60 and <= 120 Month,31/05/2001,3.8547910447386E-03
2000038,BONDMATPORT,6120,Fama Maturity Portfolios - > 60 and <= 120 Month,29/06/2001,2.5877436687165E-03
2000038,BONDMATPORT,6120,Fama Maturity Portfolios - > 60 and <= 120 Month,31/07/2001,2.2048804366910E-02
2000038,BONDMATPORT,6120,Fama Maturity Portfolios - > 60 and <= 120 Month,31/08/2001,1.0998637134664E-02
2000038,BONDMATPORT,6120,Fama Maturity Portfolios - > 60 and <= 120 Month,28/09/2001,2.1821825699511E-02
2000038,BONDMATPORT,6120,Fama Maturity Portfolios - > 60 and <= 120 Month,31/10/2001,2.1017620771439E-02
2000038,BONDMATPORT,6120,Fama Maturity Portfolios - > 60 and <= 120 Month,30/11/2001,-1.8615171268137E-02
2000038,BONDMATPORT,6120,Fama Maturity Portfolios - > 60 and <= 120 Month,31/12/2001,-7.6777573255097E-03
2000038,BONDMATPORT,6120,Fama Maturity Portfolios - > 60 and <= 120 Month,31/01/2002,4.6785144612250E-03
2000038,BONDMATPORT,6120,Fama Maturity Portfolios - > 60 and <= 120 Month,28/02/2002,9.6794331464727E-03
2000038,BONDMATPORT,6120,Fama Maturity Portfolios - > 60 and <= 120 Month,28/03/2002,-2.1342300035922E-02
2000038,BONDMATPORT,6120,Fama Maturity Portfolios - > 60 and <= 120 Month,30/04/2002,2.1894909370644E-02
2000038,BONDMATPORT,6120,Fama Maturity Portfolios - > 60 and <= 120 Month,31/05/2002,8.7082308858872E-03
2000038,BONDMATPORT,6120,Fama Maturity Portfolios - > 60 and <= 120 Month,28/06/2002,1.4431937158229E-02
2000038,BONDMATPORT,6120,Fama Maturity Portfolios - > 60 and <= 120 Month,31/07/2002,2.2977100497856E-02
2000038,BONDMATPORT,6120,Fama Maturity Portfolios - > 60 and <= 120 Month,30/08/2002,1.5520378633081E-02
2000038,BONDMATPORT,6120,Fama Maturity Portfolios - > 60 and <= 120 Month,30/09/2002,2.5391841701694E-02
2000038,BONDMATPORT,6120,Fama Maturity Portfolios - > 60 and <= 120 Month,31/10/2002,-5.5429781363262E-03
2000038,BONDMATPORT,6120,Fama Maturity Portfolios - > 60 and <= 120 Month,29/11/2002,-1.3606169047410E-02
2000038,BONDMATPORT,6120,Fama Maturity Portfolios - > 60 and <= 120 Month,31/12/2002,2.4955919117611E-02
2000038,BONDMATPORT,6120,Fama Maturity Portfolios - > 60 and <= 120 Month,31/01/2003,-4.0971214367777E-03
2000038,BONDMATPORT,6120,Fama Maturity Portfolios - > 60 and <= 120 Month,28/02/2003,1.5122039729902E-02
2000038,BONDMATPORT,6120,Fama Maturity Portfolios - > 60 and <= 120 Month,31/03/2003,-1.1409024737049E-03
2000038,BONDMATPORT,6120,Fama Maturity Portfolios - > 60 and <= 120 Month,30/04/2003,1.9638057998214E-03
2000038,BONDMATPORT,6120,Fama Maturity Portfolios - > 60 and <= 120 Month,30/05/2003,2.1813439505208E-02
2000038,BONDMATPORT,6120,Fama Maturity Portfolios - > 60 and <= 120 Month,30/06/2003,-2.4404470184053E-03
2000038,BONDMATPORT,6120,Fama Maturity Portfolios - > 60 and <= 120 Month,31/07/2003,-3.2025863911305E-02
2000038,BONDMATPORT,6120,Fama Maturity Portfolios - > 60 and <= 120 Month,29/08/2003,-5.7132718286605E-04
2000038,BONDMATPORT,6120,Fama Maturity Portfolios - > 60 and <= 120 Month,30/09/2003,2.9669485788681E-02
2000038,BONDMATPORT,6120,Fama Maturity Portfolios - > 60 and <= 120 Month,31/10/2003,-1.3330423604277E-02
2000038,BONDMATPORT,6120,Fama Maturity Portfolios - > 60 and <= 120 Month,28/11/2003,3.2787581791514E-04
2000038,BONDMATPORT,6120,Fama Maturity Portfolios - > 60 and <= 120 Month,31/12/2003,8.7232703966191E-03
2000038,BONDMATPORT,6120,Fama Maturity Portfolios - > 60 and <= 120 Month,30/01/2004,7.1216875656540E-03
2000038,BONDMATPORT,6120,Fama Maturity Portfolios - > 60 and <= 120 Month,27/02/2004,1.1876423488149E-02
2000038,BONDMATPORT,6120,Fama Maturity Portfolios - > 60 and <= 120 Month,31/03/2004,9.0810614432161E-03
2000038,BONDMATPORT,6120,Fama Maturity Portfolios - > 60 and <= 120 Month,30/04/2004,-3.0185583679281E-02
2000038,BONDMATPORT,6120,Fama Maturity Portfolios - > 60 and <= 120 Month,28/05/2004,-4.1439238283220E-03
2000038,BONDMATPORT,6120,Fama Maturity Portfolios - > 60 and <= 120 Month,30/06/2004,6.2495389189951E-03
2000038,BONDMATPORT,6120,Fama Maturity Portfolios - > 60 and <= 120 Month,30/07/2004,7.7013826788765E-03
2000038,BONDMATPORT,6120,Fama Maturity Portfolios - > 60 and <= 120 Month,31/08/2004,2.0823948076650E-02
2000038,BONDMATPORT,6120,Fama Maturity Portfolios - > 60 and <= 120 Month,30/09/2004,1.1521669406311E-03
2000038,BONDMATPORT,6120,Fama Maturity Portfolios - > 60 and <= 120 Month,29/10/2004,7.1925452173077E-03
2000038,BONDMATPORT,6120,Fama Maturity Portfolios - > 60 and <= 120 Month,30/11/2004,-1.3390687127347E-02
2000038,BONDMATPORT,6120,Fama Maturity Portfolios - > 60 and <= 120 Month,31/12/2004,8.8256188361888E-03
2000038,BONDMATPORT,6120,Fama Maturity Portfolios - > 60 and <= 120 Month,31/01/2005,4.2702920413698E-03
2000038,BONDMATPORT,6120,Fama Maturity Portfolios - > 60 and <= 120 Month,28/02/2005,-1.0503012193930E-02
2000038,BONDMATPORT,6120,Fama Maturity Portfolios - > 60 and <= 120 Month,31/03/2005,-2.4445245970725E-03
2000038,BONDMATPORT,6120,Fama Maturity Portfolios - > 60 and <= 120 Month,29/04/2005,1.7940015275455E-02
2000038,BONDMATPORT,6120,Fama Maturity Portfolios - > 60 and <= 120 Month,31/05/2005,1.3840826742173E-02
2000038,BONDMATPORT,6120,Fama Maturity Portfolios - > 60 and <= 120 Month,30/06/2005,5.0545536778331E-03
2000038,BONDMATPORT,6120,Fama Maturity Portfolios - > 60 and <= 120 Month,29/07/2005,-1.6142006033023E-02
2000038,BONDMATPORT,6120,Fama Maturity Portfolios - > 60 and <= 120 Month,31/08/2005,1.6484518043481E-02
2000038,BONDMATPORT,6120,Fama Maturity Portfolios - > 60 and <= 120 Month,30/09/2005,-1.3767199871604E-02
2000038,BONDMATPORT,6120,Fama Maturity Portfolios - > 60 and <= 120 Month,31/10/2005,-8.4985456615599E-03
2000038,BONDMATPORT,6120,Fama Maturity Portfolios - > 60 and <= 120 Month,30/11/2005,5.7517324275266E-03
2000038,BONDMATPORT,6120,Fama Maturity Portfolios - > 60 and <= 120 Month,30/12/2005,9.1834620701840E-03
2000038,BONDMATPORT,6120,Fama Maturity Portfolios - > 60 and <= 120 Month,31/01/2006,-2.9629769886998E-03
2000038,BONDMATPORT,6120,Fama Maturity Portfolios - > 60 and <= 120 Month,28/02/2006,-9.7138532293744E-04
2000038,BONDMATPORT,6120,Fama Maturity Portfolios - > 60 and <= 120 Month,31/03/2006,-9.9258421039350E-03
2000038,BONDMATPORT,6120,Fama Maturity Portfolios - > 60 and <= 120 Month,28/04/2006,-3.9061447095957E-03
2000038,BONDMATPORT,6120,Fama Maturity Portfolios - > 60 and <= 120 Month,31/05/2006,-4.9512861681960E-04
2000038,BONDMATPORT,6120,Fama Maturity Portfolios - > 60 and <= 120 Month,30/06/2006,2.9108029245681E-03
2000038,BONDMATPORT,6120,Fama Maturity Portfolios - > 60 and <= 120 Month,31/07/2006,1.4365776514362E-02
2000038,BONDMATPORT,6120,Fama Maturity Portfolios - > 60 and <= 120 Month,31/08/2006,1.6061477298878E-02
2000038,BONDMATPORT,6120,Fama Maturity Portfolios - > 60 and <= 120 Month,29/09/2006,9.7242386396481E-03
2000038,BONDMATPORT,6120,Fama Maturity Portfolios - > 60 and <= 120 Month,31/10/2006,5.5648791609054E-03
2000038,BONDMATPORT,6120,Fama Maturity Portfolios - > 60 and <= 120 Month,30/11/2006,1.1166102629076E-02
2000038,BONDMATPORT,6120,Fama Maturity Portfolios - > 60 and <= 120 Month,29/12/2006,-1.0514100700156E-02
2000038,BONDMATPORT,6120,Fama Maturity Portfolios - > 60 and <= 120 Month,31/01/2007,-1.2140207128168E-03
2000038,BONDMATPORT,6120,Fama Maturity Portfolios - > 60 and <= 120 Month,28/02/2007,1.7227256150691E-02
2000038,BONDMATPORT,6120,Fama Maturity Portfolios - > 60 and <= 120 Month,30/03/2007,6.7495430082926E-04
2000038,BONDMATPORT,6120,Fama Maturity Portfolios - > 60 and <= 120 Month,30/04/2007,5.6979935665394E-03
2000038,BONDMATPORT,6120,Fama Maturity Portfolios - > 60 and <= 120 Month,31/05/2007,-1.1888775743679E-02
2000038,BONDMATPORT,6120,Fama Maturity Portfolios - > 60 and <= 120 Month,29/06/2007,-2.3007327630415E-03
2000038,BONDMATPORT,6120,Fama Maturity Portfolios - > 60 and <= 120 Month,31/07/2007,2.0364675845315E-02
2000038,BONDMATPORT,6120,Fama Maturity Portfolios - > 60 and <= 120 Month,31/08/2007,1.7627485109504E-02
2000038,BONDMATPORT,6120,Fama Maturity Portfolios - > 60 and <= 120 Month,28/09/2007,3.2916259905066E-03
2000038,BONDMATPORT,6120,Fama Maturity Portfolios - > 60 and <= 120 Month,31/10/2007,9.8502266007431E-03
2000038,BONDMATPORT,6120,Fama Maturity Portfolios - > 60 and <= 120 Month,30/11/2007,3.6175263854884E-02
2000038,BONDMATPORT,6120,Fama Maturity Portfolios - > 60 and <= 120 Month,31/12/2007,1.1945335648795E-04
2000038,BONDMATPORT,6120,Fama Maturity Portfolios - > 60 and <= 120 Month,31/01/2008,3.3219198927956E-02
2000038,BONDMATPORT,6120,Fama Maturity Portfolios - > 60 and <= 120 Month,29/02/2008,1.1942567893161E-02
2000038,BONDMATPORT,6120,Fama Maturity Portfolios - > 60 and <= 120 Month,31/03/2008,1.1946601571130E-02
2000038,BONDMATPORT,6120,Fama Maturity Portfolios - > 60 and <= 120 Month,30/04/2008,-2.1385927865699E-02
2000038,BONDMATPORT,6120,Fama Maturity Portfolios - > 60 and <= 120 Month,30/05/2008,-1.7216005454029E-02
2000038,BONDMATPORT,6120,Fama Maturity Portfolios - > 60 and <= 120 Month,30/06/2008,9.9193213245974E-03
2000038,BONDMATPORT,6120,Fama Maturity Portfolios - > 60 and <= 120 Month,31/07/2008,6.7530620777473E-03
2000038,BONDMATPORT,6120,Fama Maturity Portfolios - > 60 and <= 120 Month,29/08/2008,1.2465288140598E-02
2000038,BONDMATPORT,6120,Fama Maturity Portfolios - > 60 and <= 120 Month,30/09/2008,3.7640141980147E-03
2000038,BONDMATPORT,6120,Fama Maturity Portfolios - > 60 and <= 120 Month,31/10/2008,-8.2805770403414E-03
2000038,BONDMATPORT,6120,Fama Maturity Portfolios - > 60 and <= 120 Month,28/11/2008,6.6598477955296E-02
2000038,BONDMATPORT,6120,Fama Maturity Portfolios - > 60 and <= 120 Month,31/12/2008,3.9779135880324E-02
2000038,BONDMATPORT,6120,Fama Maturity Portfolios - > 60 and <= 120 Month,30/01/2009,-3.0236484410463E-02
2000038,BONDMATPORT,6120,Fama Maturity Portfolios - > 60 and <= 120 Month,27/02/2009,-4.4791298279960E-03
2000038,BONDMATPORT,6120,Fama Maturity Portfolios - > 60 and <= 120 Month,31/03/2009,3.0305571029109E-02
2000038,BONDMATPORT,6120,Fama Maturity Portfolios - > 60 and <= 120 Month,30/04/2009,-2.2078546060069E-02
2000038,BONDMATPORT,6120,Fama Maturity Portfolios - > 60 and <= 120 Month,29/05/2009,-1.6045079852830E-02
2000038,BONDMATPORT,6120,Fama Maturity Portfolios - > 60 and <= 120 Month,30/06/2009,-5.2772321504508E-03
2000038,BONDMATPORT,6120,Fama Maturity Portfolios - > 60 and <= 120 Month,31/07/2009,7.1347429115624E-03
2000038,BONDMATPORT,6120,Fama Maturity Portfolios - > 60 and <= 120 Month,31/08/2009,8.7733616325547E-03
2000038,BONDMATPORT,6120,Fama Maturity Portfolios - > 60 and <= 120 Month,30/09/2009,9.5383654337140E-03
2000038,BONDMATPORT,6120,Fama Maturity Portfolios - > 60 and <= 120 Month,30/10/2009,1.8590670579538E-03
2000038,BONDMATPORT,6120,Fama Maturity Portfolios - > 60 and <= 120 Month,30/11/2009,2.0206812696058E-02
2000038,BONDMATPORT,6120,Fama Maturity Portfolios - > 60 and <= 120 Month,31/12/2009,-3.5136192872827E-02
2000038,BONDMATPORT,6120,Fama Maturity Portfolios - > 60 and <= 120 Month,29/01/2010,2.1467194738961E-02
2000038,BONDMATPORT,6120,Fama Maturity Portfolios - > 60 and <= 120 Month,26/02/2010,3.5995814558249E-03
2000038,BONDMATPORT,6120,Fama Maturity Portfolios - > 60 and <= 120 Month,31/03/2010,-8.9978721175169E-03
2000038,BONDMATPORT,6120,Fama Maturity Portfolios - > 60 and <= 120 Month,30/04/2010,1.3882914390532E-02
2000038,BONDMATPORT,6120,Fama Maturity Portfolios - > 60 and <= 120 Month,28/05/2010,2.2459697892717E-02
2000038,BONDMATPORT,6120,Fama Maturity Portfolios - > 60 and <= 120 Month,30/06/2010,2.6147357134528E-02
2000038,BONDMATPORT,6120,Fama Maturity Portfolios - > 60 and <= 120 Month,30/07/2010,1.0114532837388E-02
2000038,BONDMATPORT,6120,Fama Maturity Portfolios - > 60 and <= 120 Month,31/08/2010,2.6135577738064E-02
2000038,BONDMATPORT,6120,Fama Maturity Portfolios - > 60 and <= 120 Month,30/09/2010,2.7840066641822E-03
2000038,BONDMATPORT,6120,Fama Maturity Portfolios - > 60 and <= 120 Month,29/10/2010,3.7771190541471E-03
2000038,BONDMATPORT,6120,Fama Maturity Portfolios - > 60 and <= 120 Month,30/11/2010,-9.8982141655829E-03
2000038,BONDMATPORT,6120,Fama Maturity Portfolios - > 60 and <= 120 Month,31/12/2010,-2.8731062609043E-02
2000038,BONDMATPORT,6120,Fama Maturity Portfolios - > 60 and <= 120 Month,31/01/2011,3.4698219759662E-03
2000038,BONDMATPORT,6120,Fama Maturity Portfolios - > 60 and <= 120 Month,28/02/2011,-4.0327176239346E-03
2000038,BONDMATPORT,6120,Fama Maturity Portfolios - > 60 and <= 120 Month,31/03/2011,-1.9341895198407E-03
2000038,BONDMATPORT,6120,Fama Maturity Portfolios - > 60 and <= 120 Month,29/04/2011,1.7698593850664E-02
2000038,BONDMATPORT,6120,Fama Maturity Portfolios - > 60 and <= 120 Month,31/05/2011,2.1184942083396E-02
2000038,BONDMATPORT,6120,Fama Maturity Portfolios - > 60 and <= 120 Month,30/06/2011,-2.3071879212543E-03
2000038,BONDMATPORT,6120,Fama Maturity Portfolios - > 60 and <= 120 Month,29/07/2011,2.7282642618707E-02
2000038,BONDMATPORT,6120,Fama Maturity Portfolios - > 60 and <= 120 Month,31/08/2011,3.3842871103282E-02
2000038,BONDMATPORT,6120,Fama Maturity Portfolios - > 60 and <= 120 Month,30/09/2011,1.0749765123165E-02
2000038,BONDMATPORT,6120,Fama Maturity Portfolios - > 60 and <= 120 Month,31/10/2011,-4.5809608570496E-03
2000038,BONDMATPORT,6120,Fama Maturity Portfolios - > 60 and <= 120 Month,30/11/2011,4.6219802542918E-03
2000038,BONDMATPORT,6120,Fama Maturity Portfolios - > 60 and <= 120 Month,30/12/2011,1.2192556097718E-02
2000038,BONDMATPORT,6120,Fama Maturity Portfolios - > 60 and <= 120 Month,31/01/2012,9.4499500901678E-03
2000038,BONDMATPORT,6120,Fama Maturity Portfolios - > 60 and <= 120 Month,29/02/2012,-7.1999493966117E-03
2000038,BONDMATPORT,6120,Fama Maturity Portfolios - > 60 and <= 120 Month,30/03/2012,-1.1563081969806E-02
2000038,BONDMATPORT,6120,Fama Maturity Portfolios - > 60 and <= 120 Month,30/04/2012,1.9334933938657E-02
2000038,BONDMATPORT,6120,Fama Maturity Portfolios - > 60 and <= 120 Month,31/05/2012,1.9216521304086E-02
2000038,BONDMATPORT,6120,Fama Maturity Portfolios - > 60 and <= 120 Month,29/06/2012,-4.0875248556661E-03
2000038,BONDMATPORT,6120,Fama Maturity Portfolios - > 60 and <= 120 Month,31/07/2012,1.0892635388900E-02
2000038,BONDMATPORT,6120,Fama Maturity Portfolios - > 60 and <= 120 Month,31/08/2012,-1.4167250403635E-04
2000038,BONDMATPORT,6120,Fama Maturity Portfolios - > 60 and <= 120 Month,28/09/2012,-1.2573858904652E-03
2000038,BONDMATPORT,6120,Fama Maturity Portfolios - > 60 and <= 120 Month,31/10/2012,-3.7042485468041E-03
2000038,BONDMATPORT,6120,Fama Maturity Portfolios - > 60 and <= 120 Month,30/11/2012,8.0044465509551E-03
2000038,BONDMATPORT,6120,Fama Maturity Portfolios - > 60 and <= 120 Month,31/12/2012,-5.9334025392939E-03
2000038,BONDMATPORT,6120,Fama Maturity Portfolios - > 60 and <= 120 Month,31/01/2013,-9.9679837681671E-03
2000038,BONDMATPORT,6120,Fama Maturity Portfolios - > 60 and <= 120 Month,28/02/2013,9.9521893454786E-03
2000038,BONDMATPORT,6120,Fama Maturity Portfolios - > 60 and <= 120 Month,28/03/2013,3.0353027964894E-03
2000038,BONDMATPORT,6120,Fama Maturity Portfolios - > 60 and <= 120 Month,30/04/2013,9.7557926080558E-03
2000038,BONDMATPORT,6120,Fama Maturity Portfolios - > 60 and <= 120 Month,31/05/2013,-2.2689375185028E-02
2000038,BONDMATPORT,6120,Fama Maturity Portfolios - > 60 and <= 120 Month,28/06/2013,-2.2076420884201E-02
2000038,BONDMATPORT,6120,Fama Maturity Portfolios - > 60 and <= 120 Month,31/07/2013,1.6977615269742E-04
2000038,BONDMATPORT,6120,Fama Maturity Portfolios - > 60 and <= 120 Month,30/08/2013,-1.2620245076671E-02
2000038,BONDMATPORT,6120,Fama Maturity Portfolios - > 60 and <= 120 Month,30/09/2013,1.7624560828969E-02
2000038,BONDMATPORT,6120,Fama Maturity Portfolios - > 60 and <= 120 Month,31/10/2013,6.0264948638821E-03
2000038,BONDMATPORT,6120,Fama Maturity Portfolios - > 60 and <= 120 Month,29/11/2013,-4.2306818137118E-03
2000038,BONDMATPORT,6120,Fama Maturity Portfolios - > 60 and <= 120 Month,31/12/2013,-1.7643905463674E-02
2000038,BONDMATPORT,6120,Fama Maturity Portfolios - > 60 and <= 120 Month,31/01/2014,2.2225871464888E-02
2000038,BONDMATPORT,6120,Fama Maturity Portfolios - > 60 and <= 120 Month,28/02/2014,2.9270989264795E-03
2000038,BONDMATPORT,6120,Fama Maturity Portfolios - > 60 and <= 120 Month,31/03/2014,-7.3999280308663E-03
2000038,BONDMATPORT,6120,Fama Maturity Portfolios - > 60 and <= 120 Month,30/04/2014,6.7672643133357E-03
2000038,BONDMATPORT,6120,Fama Maturity Portfolios - > 60 and <= 120 Month,30/05/2014,1.3078814841984E-02
2000038,BONDMATPORT,6120,Fama Maturity Portfolios - > 60 and <= 120 Month,30/06/2014,-1.8261678972212E-03
2000038,BONDMATPORT,6120,Fama Maturity Portfolios - > 60 and <= 120 Month,31/07/2014,-3.1750280369212E-03
2000038,BONDMATPORT,6120,Fama Maturity Portfolios - > 60 and <= 120 Month,29/08/2014,1.3104443470597E-02
2000038,BONDMATPORT,6120,Fama Maturity Portfolios - > 60 and <= 120 Month,30/09/2014,-6.7261913810165E-03
2000038,BONDMATPORT,6120,Fama Maturity Portfolios - > 60 and <= 120 Month,31/10/2014,1.1553733120652E-02
2000038,BONDMATPORT,6120,Fama Maturity Portfolios - > 60 and <= 120 Month,28/11/2014,1.1870063789653E-02
2000038,BONDMATPORT,6120,Fama Maturity Portfolios - > 60 and <= 120 Month,31/12/2014,-3.2224638760361E-03
2000038,BONDMATPORT,6120,Fama Maturity Portfolios - > 60 and <= 120 Month,30/01/2015,3.3327271278264E-02
2000038,BONDMATPORT,6120,Fama Maturity Portfolios - > 60 and <= 120 Month,27/02/2015,-1.9574286130337E-02
2000038,BONDMATPORT,6120,Fama Maturity Portfolios - > 60 and <= 120 Month,31/03/2015,8.8212308632762E-03
2000038,BONDMATPORT,6120,Fama Maturity Portfolios - > 60 and <= 120 Month,30/04/2015,-3.2639200630509E-03
2000038,BONDMATPORT,6120,Fama Maturity Portfolios - > 60 and <= 120 Month,29/05/2015,-2.5008401532536E-03
2000038,BONDMATPORT,6120,Fama Maturity Portfolios - > 60 and <= 120 Month,30/06/2015,-1.0187053027387E-02
2000038,BONDMATPORT,6120,Fama Maturity Portfolios - > 60 and <= 120 Month,31/07/2015,1.1516515517133E-02
2000038,BONDMATPORT,6120,Fama Maturity Portfolios - > 60 and <= 120 Month,31/08/2015,-1.7553533280105E-04
2000038,BONDMATPORT,6120,Fama Maturity Portfolios - > 60 and <= 120 Month,30/09/2015,1.4965158755579E-02
2000038,BONDMATPORT,6120,Fama Maturity Portfolios - > 60 and <= 120 Month,30/10/2015,-6.6653615721357E-03
2000038,BONDMATPORT,6120,Fama Maturity Portfolios - > 60 and <= 120 Month,30/11/2015,-3.9713749872418E-03
2000038,BONDMATPORT,6120,Fama Maturity Portfolios - > 60 and <= 120 Month,31/12/2015,-3.3074293747617E-03
2000038,BONDMATPORT,6120,Fama Maturity Portfolios - > 60 and <= 120 Month,29/01/2016,2.7459148691832E-02
2000038,BONDMATPORT,6120,Fama Maturity Portfolios - > 60 and <= 120 Month,29/02/2016,1.0343214846946E-02
2000038,BONDMATPORT,6120,Fama Maturity Portfolios - > 60 and <= 120 Month,31/03/2016,1.5921070078170E-03
2000038,BONDMATPORT,6120,Fama Maturity Portfolios - > 60 and <= 120 Month,29/04/2016,-2.6207649829426E-03
2000038,BONDMATPORT,6120,Fama Maturity Portfolios - > 60 and <= 120 Month,31/05/2016,-1.3369865735717E-03
2000038,BONDMATPORT,6120,Fama Maturity Portfolios - > 60 and <= 120 Month,30/06/2016,2.6108441457692E-02
2000038,BONDMATPORT,6120,Fama Maturity Portfolios - > 60 and <= 120 Month,29/07/2016,9.3532184129287E-04
2000038,BONDMATPORT,6120,Fama Maturity Portfolios - > 60 and <= 120 Month,31/08/2016,-8.7170617040648E-03
2000038,BONDMATPORT,6120,Fama Maturity Portfolios - > 60 and <= 120 Month,30/09/2016,3.3336655812253E-03
2000038,BONDMATPORT,6120,Fama Maturity Portfolios - > 60 and <= 120 Month,31/10/2016,-1.0397271577183E-02
2000038,BONDMATPORT,6120,Fama Maturity Portfolios - > 60 and <= 120 Month,30/11/2016,-3.3620814492811E-02
2000038,BONDMATPORT,6120,Fama Maturity Portfolios - > 60 and <= 120 Month,30/12/2016,-1.0302048091623E-03
2000038,BONDMATPORT,6120,Fama Maturity Portfolios - > 60 and <= 120 Month,31/01/2017,2.8205543142681E-03
2000038,BONDMATPORT,6120,Fama Maturity Portfolios - > 60 and <= 120 Month,28/02/2017,3.8446964233833E-03
2000038,BONDMATPORT,6120,Fama Maturity Portfolios - > 60 and <= 120 Month,31/03/2017,3.1673008762464E-03
2000038,BONDMATPORT,6120,Fama Maturity Portfolios - > 60 and <= 120 Month,28/04/2017,9.0722324948134E-03
2000038,BONDMATPORT,6120,Fama Maturity Portfolios - > 60 and <= 120 Month,31/05/2017,6.9938682508301E-03
2000038,BONDMATPORT,6120,Fama Maturity Portfolios - > 60 and <= 120 Month,30/06/2017,-4.5596698717188E-03
2000038,BONDMATPORT,6120,Fama Maturity Portfolios - > 60 and <= 120 Month,31/07/2017,3.8083342219322E-03
2000038,BONDMATPORT,6120,Fama Maturity Portfolios - > 60 and <= 120 Month,31/08/2017,1.2250545295575E-02
2000038,BONDMATPORT,6120,Fama Maturity Portfolios - > 60 and <= 120 Month,29/09/2017,-1.1853454343136E-02
2000038,BONDMATPORT,6120,Fama Maturity Portfolios - > 60 and <= 120 Month,31/10/2017,-1.5564296911702E-03
2000038,BONDMATPORT,6120,Fama Maturity Portfolios - > 60 and <= 120 Month,30/11/2017,-2.7495862034346E-03
2000038,BONDMATPORT,6120,Fama Maturity Portfolios - > 60 and <= 120 Month,29/12/2017,4.7509746231134E-04
2000038,BONDMATPORT,6120,Fama Maturity Portfolios - > 60 and <= 120 Month,31/01/2018,-1.6734877996733E-02
2000038,BONDMATPORT,6120,Fama Maturity Portfolios - > 60 and <= 120 Month,28/02/2018,-6.6983582384920E-03
2000038,BONDMATPORT,6120,Fama Maturity Portfolios - > 60 and <= 120 Month,29/03/2018,9.2070424666048E-03
2000038,BONDMATPORT,6120,Fama Maturity Portfolios - > 60 and <= 120 Month,30/04/2018,-1.1207348346178E-02
2000038,BONDMATPORT,6120,Fama Maturity Portfolios - > 60 and <= 120 Month,31/05/2018,8.6030096684278E-03
2000038,BONDMATPORT,6120,Fama Maturity Portfolios - > 60 and <= 120 Month,29/06/2018,1.2492662391774E-03
2000038,BONDMATPORT,6120,Fama Maturity Portfolios - > 60 and <= 120 Month,31/07/2018,-3.4345285112193E-03
2000038,BONDMATPORT,6120,Fama Maturity Portfolios - > 60 and <= 120 Month,31/08/2018,9.2570434038351E-03
2000038,BONDMATPORT,6120,Fama Maturity Portfolios - > 60 and <= 120 Month,28/09/2018,-1.0329030516336E-02
2000038,BONDMATPORT,6120,Fama Maturity Portfolios - > 60 and <= 120 Month,31/10/2018,-2.1911483790075E-04
2000038,BONDMATPORT,6120,Fama Maturity Portfolios - > 60 and <= 120 Month,30/11/2018,1.2166422754905E-02
2000038,BONDMATPORT,6120,Fama Maturity Portfolios - > 60 and <= 120 Month,31/12/2018,2.1655053539847E-02
2000038,BONDMATPORT,6120,Fama Maturity Portfolios - > 60 and <= 120 Month,31/01/2019,6.5197802204822E-03
2000038,BONDMATPORT,6120,Fama Maturity Portfolios - > 60 and <= 120 Month,28/02/2019,-3.5077402368372E-03
2000038,BONDMATPORT,6120,Fama Maturity Portfolios - > 60 and <= 120 Month,29/03/2019,2.0844072149982E-02
2000038,BONDMATPORT,6120,Fama Maturity Portfolios - > 60 and <= 120 Month,30/04/2019,-2.1236182481988E-03
2000038,BONDMATPORT,6120,Fama Maturity Portfolios - > 60 and <= 120 Month,31/05/2019,2.5013303035595E-02
2000038,BONDMATPORT,6120,Fama Maturity Portfolios - > 60 and <= 120 Month,28/06/2019,1.0358134395318E-02
2000038,BONDMATPORT,6120,Fama Maturity Portfolios - > 60 and <= 120 Month,31/07/2019,-8.2304675347842E-05
2000038,BONDMATPORT,6120,Fama Maturity Portfolios - > 60 and <= 120 Month,30/08/2019,3.0410822613458E-02
2000038,BONDMATPORT,6120,Fama Maturity Portfolios - > 60 and <= 120 Month,30/09/2019,-8.4243792469487E-03
2000038,BONDMATPORT,6120,Fama Maturity Portfolios - > 60 and <= 120 Month,31/10/2019,1.7676351279631E-03
2000038,BONDMATPORT,6120,Fama Maturity Portfolios - > 60 and <= 120 Month,29/11/2019,-5.3449806368448E-03
2000038,BONDMATPORT,6120,Fama Maturity Portfolios - > 60 and <= 120 Month,31/12/2019,-4.1526227138163E-03
2000038,BONDMATPORT,6120,Fama Maturity Portfolios - > 60 and <= 120 Month,31/01/2020,2.6832624488671E-02
2000038,BONDMATPORT,6120,Fama Maturity Portfolios - > 60 and <= 120 Month,28/02/2020,2.3649084212252E-02
2000038,BONDMATPORT,6120,Fama Maturity Portfolios - > 60 and <= 120 Month,31/03/2020,3.3265389462773E-02
2000038,BONDMATPORT,6120,Fama Maturity Portfolios - > 60 and <= 120 Month,30/04/2020,2.0390562745387E-03
2000038,BONDMATPORT,6120,Fama Maturity Portfolios - > 60 and <= 120 Month,29/05/2020,2.7899817802260E-03
2000038,BONDMATPORT,6120,Fama Maturity Portfolios - > 60 and <= 120 Month,30/06/2020,1.8730249851931E-03
2000038,BONDMATPORT,6120,Fama Maturity Portfolios - > 60 and <= 120 Month,31/07/2020,6.7567532065541E-03
2000038,BONDMATPORT,6120,Fama Maturity Portfolios - > 60 and <= 120 Month,31/08/2020,-5.6245587668906E-03
2000038,BONDMATPORT,6120,Fama Maturity Portfolios - > 60 and <= 120 Month,30/09/2020,1.8734424723198E-03
2000038,BONDMATPORT,6120,Fama Maturity Portfolios - > 60 and <= 120 Month,30/10/2020,-9.2754432765645E-03
2000038,BONDMATPORT,6120,Fama Maturity Portfolios - > 60 and <= 120 Month,30/11/2020,3.0333040969383E-03
2000038,BONDMATPORT,6120,Fama Maturity Portfolios - > 60 and <= 120 Month,31/12/2020,-1.0030735290762E-03
2000038,BONDMATPORT,6120,Fama Maturity Portfolios - > 60 and <= 120 Month,29/01/2021,-5.1424570406260E-03
2000038,BONDMATPORT,6120,Fama Maturity Portfolios - > 60 and <= 120 Month,26/02/2021,-2.0199433482895E-02
2000038,BONDMATPORT,6120,Fama Maturity Portfolios - > 60 and <= 120 Month,31/03/2021,-1.5797556246011E-02
2000038,BONDMATPORT,6120,Fama Maturity Portfolios - > 60 and <= 120 Month,30/04/2021,8.4137657607684E-03
2000038,BONDMATPORT,6120,Fama Maturity Portfolios - > 60 and <= 120 Month,28/05/2021,4.1172406736269E-03
2000038,BONDMATPORT,6120,Fama Maturity Portfolios - > 60 and <= 120 Month,30/06/2021,3.6458775481018E-03
2000038,BONDMATPORT,6120,Fama Maturity Portfolios - > 60 and <= 120 Month,30/07/2021,1.5860019320579E-02
2000038,BONDMATPORT,6120,Fama Maturity Portfolios - > 60 and <= 120 Month,31/08/2021,-3.8603743139444E-03
2000038,BONDMATPORT,6120,Fama Maturity Portfolios - > 60 and <= 120 Month,30/09/2021,-1.0610113281577E-02
2000038,BONDMATPORT,6120,Fama Maturity Portfolios - > 60 and <= 120 Month,29/10/2021,-8.5894881395845E-03
2000038,BONDMATPORT,6120,Fama Maturity Portfolios - > 60 and <= 120 Month,30/11/2021,6.2268945207667E-03
2000038,BONDMATPORT,6120,Fama Maturity Portfolios - > 60 and <= 120 Month,31/12/2021,-2.9629070457943E-03
2000038,BONDMATPORT,6120,Fama Maturity Portfolios - > 60 and <= 120 Month,31/01/2022,-1.8131178200172E-02
2000038,BONDMATPORT,6120,Fama Maturity Portfolios - > 60 and <= 120 Month,28/02/2022,-3.3468818523824E-03
2000038,BONDMATPORT,6120,Fama Maturity Portfolios - > 60 and <= 120 Month,31/03/2022,-3.7543368527800E-02
2000038,BONDMATPORT,6120,Fama Maturity Portfolios - > 60 and <= 120 Month,29/04/2022,-3.0826905526485E-02
2000038,BONDMATPORT,6120,Fama Maturity Portfolios - > 60 and <= 120 Month,31/05/2022,9.1002495338292E-03
2000038,BONDMATPORT,6120,Fama Maturity Portfolios - > 60 and <= 120 Month,30/06/2022,-9.3408698623634E-03
2000038,BONDMATPORT,6120,Fama Maturity Portfolios - > 60 and <= 120 Month,29/07/2022,2.5292160255200E-02
2000038,BONDMATPORT,6120,Fama Maturity Portfolios - > 60 and <= 120 Month,31/08/2022,-3.5549856245869E-02
2000038,BONDMATPORT,6120,Fama Maturity Portfolios - > 60 and <= 120 Month,30/09/2022,-3.8265930635754E-02
2000038,BONDMATPORT,6120,Fama Maturity Portfolios - > 60 and <= 120 Month,31/10/2022,-6.4097444629745E-03
2000038,BONDMATPORT,6120,Fama Maturity Portfolios - > 60 and <= 120 Month,30/11/2022,3.2023204882103E-02
2000038,BONDMATPORT,6120,Fama Maturity Portfolios - > 60 and <= 120 Month,30/12/2022,-1.3145208668742E-02
2000038,BONDMATPORT,6120,Fama Maturity Portfolios - > 60 and <= 120 Month,31/01/2023,2.7446472688157E-02
2000038,BONDMATPORT,6120,Fama Maturity Portfolios - > 60 and <= 120 Month,28/02/2023,-2.7380514264635E-02
2000038,BONDMATPORT,6120,Fama Maturity Portfolios - > 60 and <= 120 Month,31/03/2023,3.5105026585937E-02
2000038,BONDMATPORT,6120,Fama Maturity Portfolios - > 60 and <= 120 Month,28/04/2023,7.4116898990313E-03
2000038,BONDMATPORT,6120,Fama Maturity Portfolios - > 60 and <= 120 Month,31/05/2023,-1.2323136728604E-02
2000038,BONDMATPORT,6120,Fama Maturity Portfolios - > 60 and <= 120 Month,30/06/2023,-1.3959587051584E-02
2000038,BONDMATPORT,6120,Fama Maturity Portfolios - > 60 and <= 120 Month,31/07/2023,-1.5049965237669E-03
2000038,BONDMATPORT,6120,Fama Maturity Portfolios - > 60 and <= 120 Month,31/08/2023,-3.6396224738273E-03
2000038,BONDMATPORT,6120,Fama Maturity Portfolios - > 60 and <= 120 Month,29/09/2023,-2.0460951934294E-02
2000038,BONDMATPORT,6120,Fama Maturity Portfolios - > 60 and <= 120 Month,31/10/2023,-1.3989165303888E-02
2000038,BONDMATPORT,6120,Fama Maturity Portfolios - > 60 and <= 120 Month,30/11/2023,3.9106279009470E-02
2000038,BONDMATPORT,6120,Fama Maturity Portfolios - > 60 and <= 120 Month,29/12/2023,3.0553210318858E-02
2000038,BONDMATPORT,6120,Fama Maturity Portfolios - > 60 and <= 120 Month,31/01/2024,3.9264200613528E-03
2000038,BONDMATPORT,6120,Fama Maturity Portfolios - > 60 and <= 120 Month,29/02/2024,-1.9679012548630E-02
2000038,BONDMATPORT,6120,Fama Maturity Portfolios - > 60 and <= 120 Month,28/03/2024,6.4131752526986E-03
2000038,BONDMATPORT,6120,Fama Maturity Portfolios - > 60 and <= 120 Month,30/04/2024,-2.4216583431792E-02
2000038,BONDMATPORT,6120,Fama Maturity Portfolios - > 60 and <= 120 Month,31/05/2024,1.5081633036423E-02
2000038,BONDMATPORT,6120,Fama Maturity Portfolios - > 60 and <= 120 Month,28/06/2024,1.0629037090791E-02
2000038,BONDMATPORT,6120,Fama Maturity Portfolios - > 60 and <= 120 Month,31/07/2024,2.8862026099522E-02
2000038,BONDMATPORT,6120,Fama Maturity Portfolios - > 60 and <= 120 Month,30/08/2024,1.2535832033630E-02
2000038,BONDMATPORT,6120,Fama Maturity Portfolios - > 60 and <= 120 Month,30/09/2024,1.1598114127773E-02
2000038,BONDMATPORT,6120,Fama Maturity Portfolios - > 60 and <= 120 Month,31/10/2024,-2.8498467694144E-02
2000038,BONDMATPORT,6120,Fama Maturity Portfolios - > 60 and <= 120 Month,29/11/2024,9.3499085087411E-03
2000038,BONDMATPORT,6120,Fama Maturity Portfolios - > 60 and <= 120 Month,31/12/2024,-1.6905723244146E-02
2000038,BONDMATPORT,6120,Fama Maturity Portfolios - > 60 and <= 120 Month,31/01/2025,6.3707249589081E-03
2000038,BONDMATPORT,6120,Fama Maturity Portfolios - > 60 and <= 120 Month,28/02/2025,2.3135563532662E-02
2000038,BONDMATPORT,6120,Fama Maturity Portfolios - > 60 and <= 120 Month,31/03/2025,5.2105142933843E-03
2000038,BONDMATPORT,6120,Fama Maturity Portfolios - > 60 and <= 120 Month,30/04/2025,1.2502780653467E-02
2000038,BONDMATPORT,6120,Fama Maturity Portfolios - > 60 and <= 120 Month,30/05/2025,-9.6878572416621E-03
2000038,BONDMATPORT,6120,Fama Maturity Portfolios - > 60 and <= 120 Month,30/06/2025,1.4147859666341E-02
2000038,BONDMATPORT,6120,Fama Maturity Portfolios - > 60 and <= 120 Month,31/07/2025,-4.8121173017396E-03
2000038,BONDMATPORT,6120,Fama Maturity Portfolios - > 60 and <= 120 Month,29/08/2025,1.6080979224287E-02
2000038,BONDMATPORT,6120,Fama Maturity Portfolios - > 60 and <= 120 Month,30/09/2025,3.8348545178246E-03
2000038,BONDMATPORT,6120,Fama Maturity Portfolios - > 60 and <= 120 Month,31/10/2025,5.9200013054241E-03
2000038,BONDMATPORT,6120,Fama Maturity Portfolios - > 60 and <= 120 Month,28/11/2025,9.0234155589546E-03
2000038,BONDMATPORT,6120,Fama Maturity Portfolios - > 60 and <= 120 Month,31/12/2025,-4.7650977965963E-03
2000039,BONDMATPORT,6121,Fama Maturity Portfolios - > 120 Month,31/01/2000,1.2531735415801E-02
2000039,BONDMATPORT,6121,Fama Maturity Portfolios - > 120 Month,29/02/2000,2.8058484859824E-02
2000039,BONDMATPORT,6121,Fama Maturity Portfolios - > 120 Month,31/03/2000,3.4248773406645E-02
2000039,BONDMATPORT,6121,Fama Maturity Portfolios - > 120 Month,28/04/2000,-8.6102354135610E-03
2000039,BONDMATPORT,6121,Fama Maturity Portfolios - > 120 Month,31/05/2000,-1.9246827369779E-03
2000039,BONDMATPORT,6121,Fama Maturity Portfolios - > 120 Month,30/06/2000,2.0466830495357E-02
2000039,BONDMATPORT,6121,Fama Maturity Portfolios - > 120 Month,31/07/2000,1.6825876655716E-02
2000039,BONDMATPORT,6121,Fama Maturity Portfolios - > 120 Month,31/08/2000,2.2574475271686E-02
2000039,BONDMATPORT,6121,Fama Maturity Portfolios - > 120 Month,29/09/2000,-1.1753220100632E-02
2000039,BONDMATPORT,6121,Fama Maturity Portfolios - > 120 Month,31/10/2000,1.5919277652049E-02
2000039,BONDMATPORT,6121,Fama Maturity Portfolios - > 120 Month,30/11/2000,2.8952013899517E-02
2000039,BONDMATPORT,6121,Fama Maturity Portfolios - > 120 Month,29/12/2000,2.5774081541869E-02
2000039,BONDMATPORT,6121,Fama Maturity Portfolios - > 120 Month,31/01/2001,4.4313920151566E-03
2000039,BONDMATPORT,6121,Fama Maturity Portfolios - > 120 Month,28/02/2001,1.6774680707040E-02
2000039,BONDMATPORT,6121,Fama Maturity Portfolios - > 120 Month,30/03/2001,-5.3503481796846E-03
2000039,BONDMATPORT,6121,Fama Maturity Portfolios - > 120 Month,30/04/2001,-2.8582133891494E-02
2000039,BONDMATPORT,6121,Fama Maturity Portfolios - > 120 Month,31/05/2001,4.5367432396189E-03
2000039,BONDMATPORT,6121,Fama Maturity Portfolios - > 120 Month,29/06/2001,4.0526161688430E-03
2000039,BONDMATPORT,6121,Fama Maturity Portfolios - > 120 Month,31/07/2001,3.6692621510046E-02
2000039,BONDMATPORT,6121,Fama Maturity Portfolios - > 120 Month,31/08/2001,2.2432992333401E-02
2000039,BONDMATPORT,6121,Fama Maturity Portfolios - > 120 Month,28/09/2001,7.8624152286327E-03
2000039,BONDMATPORT,6121,Fama Maturity Portfolios - > 120 Month,31/10/2001,5.0829265982853E-02
2000039,BONDMATPORT,6121,Fama Maturity Portfolios - > 120 Month,30/11/2001,-5.0539767316545E-02
2000039,BONDMATPORT,6121,Fama Maturity Portfolios - > 120 Month,31/12/2001,-1.5605158366563E-02
2000039,BONDMATPORT,6121,Fama Maturity Portfolios - > 120 Month,31/01/2002,1.1774437169305E-02
2000039,BONDMATPORT,6121,Fama Maturity Portfolios - > 120 Month,28/02/2002,1.1706733323363E-02
2000039,BONDMATPORT,6121,Fama Maturity Portfolios - > 120 Month,28/03/2002,-3.9765233846269E-02
2000039,BONDMATPORT,6121,Fama Maturity Portfolios - > 120 Month,30/04/2002,3.7577313485754E-02
2000039,BONDMATPORT,6121,Fama Maturity Portfolios - > 120 Month,31/05/2002,3.8145356473696E-03
2000039,BONDMATPORT,6121,Fama Maturity Portfolios - > 120 Month,28/06/2002,1.7997315247946E-02
2000039,BONDMATPORT,6121,Fama Maturity Portfolios - > 120 Month,31/07/2002,3.0762136514376E-02
2000039,BONDMATPORT,6121,Fama Maturity Portfolios - > 120 Month,30/08/2002,4.2271014932477E-02
2000039,BONDMATPORT,6121,Fama Maturity Portfolios - > 120 Month,30/09/2002,4.0771809065314E-02
2000039,BONDMATPORT,6121,Fama Maturity Portfolios - > 120 Month,31/10/2002,-2.6269803108778E-02
2000039,BONDMATPORT,6121,Fama Maturity Portfolios - > 120 Month,29/11/2002,-1.1671563759426E-02
2000039,BONDMATPORT,6121,Fama Maturity Portfolios - > 120 Month,31/12/2002,4.0852198323490E-02
2000039,BONDMATPORT,6121,Fama Maturity Portfolios - > 120 Month,31/01/2003,-4.1076740568592E-03
2000039,BONDMATPORT,6121,Fama Maturity Portfolios - > 120 Month,28/02/2003,2.9339227712741E-02
2000039,BONDMATPORT,6121,Fama Maturity Portfolios - > 120 Month,31/03/2003,-1.0108559807392E-02
2000039,BONDMATPORT,6121,Fama Maturity Portfolios - > 120 Month,30/04/2003,8.7688808705913E-03
2000039,BONDMATPORT,6121,Fama Maturity Portfolios - > 120 Month,30/05/2003,5.1799825459123E-02
2000039,BONDMATPORT,6121,Fama Maturity Portfolios - > 120 Month,30/06/2003,-1.1963885415234E-02
2000039,BONDMATPORT,6121,Fama Maturity Portfolios - > 120 Month,31/07/2003,-8.2842908901483E-02
2000039,BONDMATPORT,6121,Fama Maturity Portfolios - > 120 Month,29/08/2003,9.2473705227838E-03
2000039,BONDMATPORT,6121,Fama Maturity Portfolios - > 120 Month,30/09/2003,5.2392572795000E-02
2000039,BONDMATPORT,6121,Fama Maturity Portfolios - > 120 Month,31/10/2003,-2.6426254849706E-02
2000039,BONDMATPORT,6121,Fama Maturity Portfolios - > 120 Month,28/11/2003,3.2877651125819E-03
2000039,BONDMATPORT,6121,Fama Maturity Portfolios - > 120 Month,31/12/2003,1.3323984947630E-02
2000039,BONDMATPORT,6121,Fama Maturity Portfolios - > 120 Month,30/01/2004,1.5739259492834E-02
2000039,BONDMATPORT,6121,Fama Maturity Portfolios - > 120 Month,27/02/2004,2.0511308049268E-02
2000039,BONDMATPORT,6121,Fama Maturity Portfolios - > 120 Month,31/03/2004,1.4223447143533E-02
2000039,BONDMATPORT,6121,Fama Maturity Portfolios - > 120 Month,30/04/2004,-5.5825414611829E-02
2000039,BONDMATPORT,6121,Fama Maturity Portfolios - > 120 Month,28/05/2004,-4.3928027413364E-03
2000039,BONDMATPORT,6121,Fama Maturity Portfolios - > 120 Month,30/06/2004,1.1793475056031E-02
2000039,BONDMATPORT,6121,Fama Maturity Portfolios - > 120 Month,30/07/2004,1.4014799398755E-02
2000039,BONDMATPORT,6121,Fama Maturity Portfolios - > 120 Month,31/08/2004,3.7352143819531E-02
2000039,BONDMATPORT,6121,Fama Maturity Portfolios - > 120 Month,30/09/2004,7.5279944231704E-03
2000039,BONDMATPORT,6121,Fama Maturity Portfolios - > 120 Month,29/10/2004,1.4726682769190E-02
2000039,BONDMATPORT,6121,Fama Maturity Portfolios - > 120 Month,30/11/2004,-2.1762224231210E-02
2000039,BONDMATPORT,6121,Fama Maturity Portfolios - > 120 Month,31/12/2004,2.1963579109679E-02
2000039,BONDMATPORT,6121,Fama Maturity Portfolios - > 120 Month,31/01/2005,2.5137817523118E-02
2000039,BONDMATPORT,6121,Fama Maturity Portfolios - > 120 Month,28/02/2005,-1.4555022538409E-02
2000039,BONDMATPORT,6121,Fama Maturity Portfolios - > 120 Month,31/03/2005,-4.3401798315196E-03
2000039,BONDMATPORT,6121,Fama Maturity Portfolios - > 120 Month,29/04/2005,3.3268402990666E-02
2000039,BONDMATPORT,6121,Fama Maturity Portfolios - > 120 Month,31/05/2005,2.8381125168827E-02
2000039,BONDMATPORT,6121,Fama Maturity Portfolios - > 120 Month,30/06/2005,1.5632822310217E-02
2000039,BONDMATPORT,6121,Fama Maturity Portfolios - > 120 Month,29/07/2005,-2.9327189166513E-02
2000039,BONDMATPORT,6121,Fama Maturity Portfolios - > 120 Month,31/08/2005,3.0157630662750E-02
2000039,BONDMATPORT,6121,Fama Maturity Portfolios - > 120 Month,30/09/2005,-2.9538182240313E-02
2000039,BONDMATPORT,6121,Fama Maturity Portfolios - > 120 Month,31/10/2005,-1.8381391022834E-02
2000039,BONDMATPORT,6121,Fama Maturity Portfolios - > 120 Month,30/11/2005,7.3701327526884E-03
2000039,BONDMATPORT,6121,Fama Maturity Portfolios - > 120 Month,30/12/2005,2.3374604782052E-02
2000039,BONDMATPORT,6121,Fama Maturity Portfolios - > 120 Month,31/01/2006,-9.2515940907344E-03
2000039,BONDMATPORT,6121,Fama Maturity Portfolios - > 120 Month,28/02/2006,5.9201455310513E-03
2000039,BONDMATPORT,6121,Fama Maturity Portfolios - > 120 Month,31/03/2006,-3.3680075512850E-02
2000039,BONDMATPORT,6121,Fama Maturity Portfolios - > 120 Month,28/04/2006,-2.0023914541068E-02
2000039,BONDMATPORT,6121,Fama Maturity Portfolios - > 120 Month,31/05/2006,-1.8888821692566E-03
2000039,BONDMATPORT,6121,Fama Maturity Portfolios - > 120 Month,30/06/2006,9.1056828553525E-03
2000039,BONDMATPORT,6121,Fama Maturity Portfolios - > 120 Month,31/07/2006,2.0068332139506E-02
2000039,BONDMATPORT,6121,Fama Maturity Portfolios - > 120 Month,31/08/2006,2.7301201527136E-02
2000039,BONDMATPORT,6121,Fama Maturity Portfolios - > 120 Month,29/09/2006,1.6094752644094E-02
2000039,BONDMATPORT,6121,Fama Maturity Portfolios - > 120 Month,31/10/2006,7.7468412527225E-03
2000039,BONDMATPORT,6121,Fama Maturity Portfolios - > 120 Month,30/11/2006,1.9083738541757E-02
2000039,BONDMATPORT,6121,Fama Maturity Portfolios - > 120 Month,29/12/2006,-2.1641414767128E-02
2000039,BONDMATPORT,6121,Fama Maturity Portfolios - > 120 Month,31/01/2007,-5.7957051574953E-03
2000039,BONDMATPORT,6121,Fama Maturity Portfolios - > 120 Month,28/02/2007,2.6647601904382E-02
2000039,BONDMATPORT,6121,Fama Maturity Portfolios - > 120 Month,30/03/2007,-9.7391168219976E-03
2000039,BONDMATPORT,6121,Fama Maturity Portfolios - > 120 Month,30/04/2007,8.2909334399789E-03
2000039,BONDMATPORT,6121,Fama Maturity Portfolios - > 120 Month,31/05/2007,-1.9205916134833E-02
2000039,BONDMATPORT,6121,Fama Maturity Portfolios - > 120 Month,29/06/2007,-8.1828857536087E-03
2000039,BONDMATPORT,6121,Fama Maturity Portfolios - > 120 Month,31/07/2007,2.8673164569914E-02
2000039,BONDMATPORT,6121,Fama Maturity Portfolios - > 120 Month,31/08/2007,1.7143487243162E-02
2000039,BONDMATPORT,6121,Fama Maturity Portfolios - > 120 Month,28/09/2007,1.2819468881048E-03
2000039,BONDMATPORT,6121,Fama Maturity Portfolios - > 120 Month,31/10/2007,1.5428049605480E-02
2000039,BONDMATPORT,6121,Fama Maturity Portfolios - > 120 Month,30/11/2007,4.7928246948217E-02
2000039,BONDMATPORT,6121,Fama Maturity Portfolios - > 120 Month,31/12/2007,-5.9732589069122E-03
2000039,BONDMATPORT,6121,Fama Maturity Portfolios - > 120 Month,31/01/2008,2.9705902877519E-02
2000039,BONDMATPORT,6121,Fama Maturity Portfolios - > 120 Month,29/02/2008,2.9484315449906E-03
2000039,BONDMATPORT,6121,Fama Maturity Portfolios - > 120 Month,31/03/2008,9.0277000105430E-03
2000039,BONDMATPORT,6121,Fama Maturity Portfolios - > 120 Month,30/04/2008,-1.8126536890835E-02
2000039,BONDMATPORT,6121,Fama Maturity Portfolios - > 120 Month,30/05/2008,-2.5661021507402E-02
2000039,BONDMATPORT,6121,Fama Maturity Portfolios - > 120 Month,30/06/2008,2.0598492344310E-02
2000039,BONDMATPORT,6121,Fama Maturity Portfolios - > 120 Month,31/07/2008,1.5130943051759E-03
2000039,BONDMATPORT,6121,Fama Maturity Portfolios - > 120 Month,29/08/2008,2.0631187251375E-02
2000039,BONDMATPORT,6121,Fama Maturity Portfolios - > 120 Month,30/09/2008,5.5207091179411E-03
2000039,BONDMATPORT,6121,Fama Maturity Portfolios - > 120 Month,31/10/2008,-3.2760762691431E-02
2000039,BONDMATPORT,6121,Fama Maturity Portfolios - > 120 Month,28/11/2008,1.2869559689568E-01
2000039,BONDMATPORT,6121,Fama Maturity Portfolios - > 120 Month,31/12/2008,8.7702866471067E-02
2000039,BONDMATPORT,6121,Fama Maturity Portfolios - > 120 Month,30/01/2009,-8.5911091142102E-02
2000039,BONDMATPORT,6121,Fama Maturity Portfolios - > 120 Month,27/02/2009,-7.9505110855646E-03
2000039,BONDMATPORT,6121,Fama Maturity Portfolios - > 120 Month,31/03/2009,5.0032332825702E-02
2000039,BONDMATPORT,6121,Fama Maturity Portfolios - > 120 Month,30/04/2009,-5.3544423955981E-02
2000039,BONDMATPORT,6121,Fama Maturity Portfolios - > 120 Month,29/05/2009,-2.7692723152430E-02
2000039,BONDMATPORT,6121,Fama Maturity Portfolios - > 120 Month,30/06/2009,5.0659861023022E-03
2000039,BONDMATPORT,6121,Fama Maturity Portfolios - > 120 Month,31/07/2009,9.3223521660051E-03
2000039,BONDMATPORT,6121,Fama Maturity Portfolios - > 120 Month,31/08/2009,1.7985520585358E-02
2000039,BONDMATPORT,6121,Fama Maturity Portfolios - > 120 Month,30/09/2009,1.7598069333638E-02
2000039,BONDMATPORT,6121,Fama Maturity Portfolios - > 120 Month,30/10/2009,-1.0689370967146E-02
2000039,BONDMATPORT,6121,Fama Maturity Portfolios - > 120 Month,30/11/2009,1.8020798573083E-02
2000039,BONDMATPORT,6121,Fama Maturity Portfolios - > 120 Month,31/12/2009,-5.3331794614882E-02
2000039,BONDMATPORT,6121,Fama Maturity Portfolios - > 120 Month,29/01/2010,2.7843425505559E-02
2000039,BONDMATPORT,6121,Fama Maturity Portfolios - > 120 Month,26/02/2010,-2.8199077907378E-03
2000039,BONDMATPORT,6121,Fama Maturity Portfolios - > 120 Month,31/03/2010,-1.3470747723900E-02
2000039,BONDMATPORT,6121,Fama Maturity Portfolios - > 120 Month,30/04/2010,2.6789078433702E-02
2000039,BONDMATPORT,6121,Fama Maturity Portfolios - > 120 Month,28/05/2010,3.9140443861264E-02
2000039,BONDMATPORT,6121,Fama Maturity Portfolios - > 120 Month,30/06/2010,4.5479371397628E-02
2000039,BONDMATPORT,6121,Fama Maturity Portfolios - > 120 Month,30/07/2010,5.7115626876473E-04
2000039,BONDMATPORT,6121,Fama Maturity Portfolios - > 120 Month,31/08/2010,6.7255573544349E-02
2000039,BONDMATPORT,6121,Fama Maturity Portfolios - > 120 Month,30/09/2010,-1.4875009569997E-02
2000039,BONDMATPORT,6121,Fama Maturity Portfolios - > 120 Month,29/10/2010,-2.5899468133146E-02
2000039,BONDMATPORT,6121,Fama Maturity Portfolios - > 120 Month,30/11/2010,-1.5180954679773E-02
2000039,BONDMATPORT,6121,Fama Maturity Portfolios - > 120 Month,31/12/2010,-3.6807772582129E-02
2000039,BONDMATPORT,6121,Fama Maturity Portfolios - > 120 Month,31/01/2011,-1.7082103260926E-02
2000039,BONDMATPORT,6121,Fama Maturity Portfolios - > 120 Month,28/02/2011,9.0422626025234E-03
2000039,BONDMATPORT,6121,Fama Maturity Portfolios - > 120 Month,31/03/2011,2.8465375272238E-04
2000039,BONDMATPORT,6121,Fama Maturity Portfolios - > 120 Month,29/04/2011,1.9396611441445E-02
2000039,BONDMATPORT,6121,Fama Maturity Portfolios - > 120 Month,31/05/2011,3.1146540453097E-02
2000039,BONDMATPORT,6121,Fama Maturity Portfolios - > 120 Month,30/06/2011,-1.5399672742510E-02
2000039,BONDMATPORT,6121,Fama Maturity Portfolios - > 120 Month,29/07/2011,4.1365030656849E-02
2000039,BONDMATPORT,6121,Fama Maturity Portfolios - > 120 Month,31/08/2011,7.9549243706305E-02
2000039,BONDMATPORT,6121,Fama Maturity Portfolios - > 120 Month,30/09/2011,8.1603435342023E-02
2000039,BONDMATPORT,6121,Fama Maturity Portfolios - > 120 Month,31/10/2011,-2.4527239315000E-02
2000039,BONDMATPORT,6121,Fama Maturity Portfolios - > 120 Month,30/11/2011,1.5674472018626E-02
2000039,BONDMATPORT,6121,Fama Maturity Portfolios - > 120 Month,30/12/2011,2.6526817227095E-02
2000039,BONDMATPORT,6121,Fama Maturity Portfolios - > 120 Month,31/01/2012,2.1946955288340E-03
2000039,BONDMATPORT,6121,Fama Maturity Portfolios - > 120 Month,29/02/2012,-1.7407754546474E-02
2000039,BONDMATPORT,6121,Fama Maturity Portfolios - > 120 Month,30/03/2012,-3.2439489447899E-02
2000039,BONDMATPORT,6121,Fama Maturity Portfolios - > 120 Month,30/04/2012,3.8873414219897E-02
2000039,BONDMATPORT,6121,Fama Maturity Portfolios - > 120 Month,31/05/2012,6.9172885991087E-02
2000039,BONDMATPORT,6121,Fama Maturity Portfolios - > 120 Month,29/06/2012,-1.4355656027962E-02
2000039,BONDMATPORT,6121,Fama Maturity Portfolios - > 120 Month,31/07/2012,3.0573882341633E-02
2000039,BONDMATPORT,6121,Fama Maturity Portfolios - > 120 Month,31/08/2012,-1.0161650649457E-02
2000039,BONDMATPORT,6121,Fama Maturity Portfolios - > 120 Month,28/09/2012,-1.7654391535938E-02
2000039,BONDMATPORT,6121,Fama Maturity Portfolios - > 120 Month,31/10/2012,-2.6467290228595E-03
2000039,BONDMATPORT,6121,Fama Maturity Portfolios - > 120 Month,30/11/2012,1.2339703603136E-02
2000039,BONDMATPORT,6121,Fama Maturity Portfolios - > 120 Month,31/12/2012,-1.8300051134163E-02
2000039,BONDMATPORT,6121,Fama Maturity Portfolios - > 120 Month,31/01/2013,-2.9703011907405E-02
2000039,BONDMATPORT,6121,Fama Maturity Portfolios - > 120 Month,28/02/2013,1.4058476541142E-02
2000039,BONDMATPORT,6121,Fama Maturity Portfolios - > 120 Month,28/03/2013,5.2197414455518E-04
2000039,BONDMATPORT,6121,Fama Maturity Portfolios - > 120 Month,30/04/2013,3.5022675798344E-02
2000039,BONDMATPORT,6121,Fama Maturity Portfolios - > 120 Month,31/05/2013,-5.5239461628247E-02
2000039,BONDMATPORT,6121,Fama Maturity Portfolios - > 120 Month,28/06/2013,-3.3626585572281E-02
2000039,BONDMATPORT,6121,Fama Maturity Portfolios - > 120 Month,31/07/2013,-1.4635844333746E-02
2000039,BONDMATPORT,6121,Fama Maturity Portfolios - > 120 Month,30/08/2013,-1.1813449707482E-02
2000039,BONDMATPORT,6121,Fama Maturity Portfolios - > 120 Month,30/09/2013,9.8971138309663E-03
2000039,BONDMATPORT,6121,Fama Maturity Portfolios - > 120 Month,31/10/2013,1.0516939269622E-02
2000039,BONDMATPORT,6121,Fama Maturity Portfolios - > 120 Month,29/11/2013,-2.1615107316147E-02
2000039,BONDMATPORT,6121,Fama Maturity Portfolios - > 120 Month,31/12/2013,-2.1725293551501E-02
2000039,BONDMATPORT,6121,Fama Maturity Portfolios - > 120 Month,31/01/2014,5.7334707375593E-02
2000039,BONDMATPORT,6121,Fama Maturity Portfolios - > 120 Month,28/02/2014,5.9624818219795E-03
2000039,BONDMATPORT,6121,Fama Maturity Portfolios - > 120 Month,31/03/2014,4.2100026341178E-03
2000039,BONDMATPORT,6121,Fama Maturity Portfolios - > 120 Month,30/04/2014,1.7133619363202E-02
2000039,BONDMATPORT,6121,Fama Maturity Portfolios - > 120 Month,30/05/2014,2.4717144082829E-02
2000039,BONDMATPORT,6121,Fama Maturity Portfolios - > 120 Month,30/06/2014,-3.2514399739139E-03
2000039,BONDMATPORT,6121,Fama Maturity Portfolios - > 120 Month,31/07/2014,6.8887187462762E-03
2000039,BONDMATPORT,6121,Fama Maturity Portfolios - > 120 Month,29/08/2014,3.7160931854017E-02
2000039,BONDMATPORT,6121,Fama Maturity Portfolios - > 120 Month,30/09/2014,-1.5511124579868E-02
2000039,BONDMATPORT,6121,Fama Maturity Portfolios - > 120 Month,31/10/2014,2.2092846370137E-02
2000039,BONDMATPORT,6121,Fama Maturity Portfolios - > 120 Month,28/11/2014,2.8787100971779E-02
2000039,BONDMATPORT,6121,Fama Maturity Portfolios - > 120 Month,31/12/2014,2.1416032665093E-02
2000039,BONDMATPORT,6121,Fama Maturity Portfolios - > 120 Month,30/01/2015,7.9715622892999E-02
2000039,BONDMATPORT,6121,Fama Maturity Portfolios - > 120 Month,27/02/2015,-5.0720872695514E-02
2000039,BONDMATPORT,6121,Fama Maturity Portfolios - > 120 Month,31/03/2015,1.1012287703431E-02
2000039,BONDMATPORT,6121,Fama Maturity Portfolios - > 120 Month,30/04/2015,-2.5504639401613E-02
2000039,BONDMATPORT,6121,Fama Maturity Portfolios - > 120 Month,29/05/2015,-1.9450668739567E-02
2000039,BONDMATPORT,6121,Fama Maturity Portfolios - > 120 Month,30/06/2015,-3.1230033025302E-02
2000039,BONDMATPORT,6121,Fama Maturity Portfolios - > 120 Month,31/07/2015,3.8197462861202E-02
2000039,BONDMATPORT,6121,Fama Maturity Portfolios - > 120 Month,31/08/2015,-7.7585262490120E-03
2000039,BONDMATPORT,6121,Fama Maturity Portfolios - > 120 Month,30/09/2015,2.3604394754580E-02
2000039,BONDMATPORT,6121,Fama Maturity Portfolios - > 120 Month,30/10/2015,-7.1262789398354E-03
2000039,BONDMATPORT,6121,Fama Maturity Portfolios - > 120 Month,30/11/2015,-6.4501916798146E-03
2000039,BONDMATPORT,6121,Fama Maturity Portfolios - > 120 Month,31/12/2015,-3.5746410601672E-03
2000039,BONDMATPORT,6121,Fama Maturity Portfolios - > 120 Month,29/01/2016,4.8653390631978E-02
2000039,BONDMATPORT,6121,Fama Maturity Portfolios - > 120 Month,29/02/2016,2.6434850962155E-02
2000039,BONDMATPORT,6121,Fama Maturity Portfolios - > 120 Month,31/03/2016,1.0820449765508E-03
2000039,BONDMATPORT,6121,Fama Maturity Portfolios - > 120 Month,29/04/2016,-7.6268439830422E-03
2000039,BONDMATPORT,6121,Fama Maturity Portfolios - > 120 Month,31/05/2016,6.3080113836203E-03
2000039,BONDMATPORT,6121,Fama Maturity Portfolios - > 120 Month,30/06/2016,6.3235258955547E-02
2000039,BONDMATPORT,6121,Fama Maturity Portfolios - > 120 Month,29/07/2016,1.4631034504142E-02
2000039,BONDMATPORT,6121,Fama Maturity Portfolios - > 120 Month,31/08/2016,-1.0587010865369E-02
2000039,BONDMATPORT,6121,Fama Maturity Portfolios - > 120 Month,30/09/2016,-1.1256603408882E-02
2000039,BONDMATPORT,6121,Fama Maturity Portfolios - > 120 Month,31/10/2016,-3.7305282308584E-02
2000039,BONDMATPORT,6121,Fama Maturity Portfolios - > 120 Month,30/11/2016,-7.2649867800396E-02
2000039,BONDMATPORT,6121,Fama Maturity Portfolios - > 120 Month,30/12/2016,-4.0855045907548E-03
2000039,BONDMATPORT,6121,Fama Maturity Portfolios - > 120 Month,31/01/2017,4.2042491519763E-03
2000039,BONDMATPORT,6121,Fama Maturity Portfolios - > 120 Month,28/02/2017,1.1943107101218E-02
2000039,BONDMATPORT,6121,Fama Maturity Portfolios - > 120 Month,31/03/2017,8.1217819344425E-04
2000039,BONDMATPORT,6121,Fama Maturity Portfolios - > 120 Month,28/04/2017,1.3920871550391E-02
2000039,BONDMATPORT,6121,Fama Maturity Portfolios - > 120 Month,31/05/2017,1.7191147891396E-02
2000039,BONDMATPORT,6121,Fama Maturity Portfolios - > 120 Month,30/06/2017,4.4434873331787E-03
2000039,BONDMATPORT,6121,Fama Maturity Portfolios - > 120 Month,31/07/2017,-6.4197725862014E-03
2000039,BONDMATPORT,6121,Fama Maturity Portfolios - > 120 Month,31/08/2017,3.2540041729913E-02
2000039,BONDMATPORT,6121,Fama Maturity Portfolios - > 120 Month,29/09/2017,-2.1461447097859E-02
2000039,BONDMATPORT,6121,Fama Maturity Portfolios - > 120 Month,31/10/2017,-4.5800216117323E-04
2000039,BONDMATPORT,6121,Fama Maturity Portfolios - > 120 Month,30/11/2017,7.0056596583497E-03
2000039,BONDMATPORT,6121,Fama Maturity Portfolios - > 120 Month,29/12/2017,1.4573367269267E-02
2000039,BONDMATPORT,6121,Fama Maturity Portfolios - > 120 Month,31/01/2018,-3.0263051077192E-02
2000039,BONDMATPORT,6121,Fama Maturity Portfolios - > 120 Month,28/02/2018,-2.7737723241662E-02
2000039,BONDMATPORT,6121,Fama Maturity Portfolios - > 120 Month,29/03/2018,2.7212566163359E-02
2000039,BONDMATPORT,6121,Fama Maturity Portfolios - > 120 Month,30/04/2018,-2.2154544631547E-02
2000039,BONDMATPORT,6121,Fama Maturity Portfolios - > 120 Month,31/05/2018,1.7473258634767E-02
2000039,BONDMATPORT,6121,Fama Maturity Portfolios - > 120 Month,29/06/2018,6.5370039439173E-03
2000039,BONDMATPORT,6121,Fama Maturity Portfolios - > 120 Month,31/07/2018,-1.2674429324335E-02
2000039,BONDMATPORT,6121,Fama Maturity Portfolios - > 120 Month,31/08/2018,1.3870461316492E-02
2000039,BONDMATPORT,6121,Fama Maturity Portfolios - > 120 Month,28/09/2018,-2.7651686349049E-02
2000039,BONDMATPORT,6121,Fama Maturity Portfolios - > 120 Month,31/10/2018,-2.3699796806885E-02
2000039,BONDMATPORT,6121,Fama Maturity Portfolios - > 120 Month,30/11/2018,2.0047109244362E-02
2000039,BONDMATPORT,6121,Fama Maturity Portfolios - > 120 Month,31/12/2018,4.9671941724488E-02
2000039,BONDMATPORT,6121,Fama Maturity Portfolios - > 120 Month,31/01/2019,7.0039005971209E-03
2000039,BONDMATPORT,6121,Fama Maturity Portfolios - > 120 Month,28/02/2019,-1.1630520363807E-02
2000039,BONDMATPORT,6121,Fama Maturity Portfolios - > 120 Month,29/03/2019,5.0211852242755E-02
2000039,BONDMATPORT,6121,Fama Maturity Portfolios - > 120 Month,30/04/2019,-1.6398102804107E-02
2000039,BONDMATPORT,6121,Fama Maturity Portfolios - > 120 Month,31/05/2019,6.2914258598232E-02
2000039,BONDMATPORT,6121,Fama Maturity Portfolios - > 120 Month,28/06/2019,1.0312121135291E-02
2000039,BONDMATPORT,6121,Fama Maturity Portfolios - > 120 Month,31/07/2019,3.7335172450830E-03
2000039,BONDMATPORT,6121,Fama Maturity Portfolios - > 120 Month,30/08/2019,9.8743050766409E-02
2000039,BONDMATPORT,6121,Fama Maturity Portfolios - > 120 Month,30/09/2019,-2.4129641341335E-02
2000039,BONDMATPORT,6121,Fama Maturity Portfolios - > 120 Month,31/10/2019,-9.8297234595582E-03
2000039,BONDMATPORT,6121,Fama Maturity Portfolios - > 120 Month,29/11/2019,-5.1728106280971E-03
2000039,BONDMATPORT,6121,Fama Maturity Portfolios - > 120 Month,31/12/2019,-2.7688740873754E-02
2000039,BONDMATPORT,6121,Fama Maturity Portfolios - > 120 Month,31/01/2020,7.0121269884716E-02
2000039,BONDMATPORT,6121,Fama Maturity Portfolios - > 120 Month,28/02/2020,5.9811159340499E-02
2000039,BONDMATPORT,6121,Fama Maturity Portfolios - > 120 Month,31/03/2020,7.1482248478837E-02
2000039,BONDMATPORT,6121,Fama Maturity Portfolios - > 120 Month,30/04/2020,4.6983934217380E-03
2000039,BONDMATPORT,6121,Fama Maturity Portfolios - > 120 Month,29/05/2020,-1.3675676580581E-02
2000039,BONDMATPORT,6121,Fama Maturity Portfolios - > 120 Month,30/06/2020,1.9072031710110E-03
2000039,BONDMATPORT,6121,Fama Maturity Portfolios - > 120 Month,31/07/2020,3.9561536613311E-02
2000039,BONDMATPORT,6121,Fama Maturity Portfolios - > 120 Month,31/08/2020,-4.4057247445518E-02
2000039,BONDMATPORT,6121,Fama Maturity Portfolios - > 120 Month,30/09/2020,7.2542174188332E-03
2000039,BONDMATPORT,6121,Fama Maturity Portfolios - > 120 Month,30/10/2020,-3.1151323878531E-02
2000039,BONDMATPORT,6121,Fama Maturity Portfolios - > 120 Month,30/11/2020,1.5613660808220E-02
2000039,BONDMATPORT,6121,Fama Maturity Portfolios - > 120 Month,31/12/2020,-1.4631055147081E-02
2000039,BONDMATPORT,6121,Fama Maturity Portfolios - > 120 Month,29/01/2021,-2.9627558995428E-02
2000039,BONDMATPORT,6121,Fama Maturity Portfolios - > 120 Month,26/02/2021,-6.0614926942181E-02
2000039,BONDMATPORT,6121,Fama Maturity Portfolios - > 120 Month,31/03/2021,-4.2237127527164E-02
2000039,BONDMATPORT,6121,Fama Maturity Portfolios - > 120 Month,30/04/2021,2.2306986970958E-02
2000039,BONDMATPORT,6121,Fama Maturity Portfolios - > 120 Month,28/05/2021,1.1824298133418E-03
2000039,BONDMATPORT,6121,Fama Maturity Portfolios - > 120 Month,30/06/2021,3.4318633214976E-02
2000039,BONDMATPORT,6121,Fama Maturity Portfolios - > 120 Month,30/07/2021,3.7379195426507E-02
2000039,BONDMATPORT,6121,Fama Maturity Portfolios - > 120 Month,31/08/2021,-3.0762150971995E-03
2000039,BONDMATPORT,6121,Fama Maturity Portfolios - > 120 Month,30/09/2021,-2.0641049319984E-02
2000039,BONDMATPORT,6121,Fama Maturity Portfolios - > 120 Month,29/10/2021,1.0333149028796E-02
2000039,BONDMATPORT,6121,Fama Maturity Portfolios - > 120 Month,30/11/2021,2.2649301437991E-02
2000039,BONDMATPORT,6121,Fama Maturity Portfolios - > 120 Month,31/12/2021,-1.3976490847290E-02
2000039,BONDMATPORT,6121,Fama Maturity Portfolios - > 120 Month,31/01/2022,-3.7017893116641E-02
2000039,BONDMATPORT,6121,Fama Maturity Portfolios - > 120 Month,28/02/2022,-1.3235152862925E-02
2000039,BONDMATPORT,6121,Fama Maturity Portfolios - > 120 Month,31/03/2022,-4.9876695307120E-02
2000039,BONDMATPORT,6121,Fama Maturity Portfolios - > 120 Month,29/04/2022,-9.0760264508690E-02
2000039,BONDMATPORT,6121,Fama Maturity Portfolios - > 120 Month,31/05/2022,-7.4047068472524E-03
2000039,BONDMATPORT,6121,Fama Maturity Portfolios - > 120 Month,30/06/2022,-2.0338757537511E-02
2000039,BONDMATPORT,6121,Fama Maturity Portfolios - > 120 Month,29/07/2022,3.5321340772852E-02
2000039,BONDMATPORT,6121,Fama Maturity Portfolios - > 120 Month,31/08/2022,-5.1527880448475E-02
2000039,BONDMATPORT,6121,Fama Maturity Portfolios - > 120 Month,30/09/2022,-7.4113543661713E-02
2000039,BONDMATPORT,6121,Fama Maturity Portfolios - > 120 Month,31/10/2022,-4.7256470061888E-02
2000039,BONDMATPORT,6121,Fama Maturity Portfolios - > 120 Month,30/11/2022,7.2693722839879E-02
2000039,BONDMATPORT,6121,Fama Maturity Portfolios - > 120 Month,30/12/2022,-2.6081719499820E-02
2000039,BONDMATPORT,6121,Fama Maturity Portfolios - > 120 Month,31/01/2023,6.3263767304601E-02
2000039,BONDMATPORT,6121,Fama Maturity Portfolios - > 120 Month,28/02/2023,-4.6848269857367E-02
2000039,BONDMATPORT,6121,Fama Maturity Portfolios - > 120 Month,31/03/2023,5.2447911905013E-02
2000039,BONDMATPORT,6121,Fama Maturity Portfolios - > 120 Month,28/04/2023,3.0342199231017E-03
2000039,BONDMATPORT,6121,Fama Maturity Portfolios - > 120 Month,31/05/2023,-2.8675815227389E-02
2000039,BONDMATPORT,6121,Fama Maturity Portfolios - > 120 Month,30/06/2023,-2.0123987378882E-03
2000039,BONDMATPORT,6121,Fama Maturity Portfolios - > 120 Month,31/07/2023,-1.8222863201224E-02
2000039,BONDMATPORT,6121,Fama Maturity Portfolios - > 120 Month,31/08/2023,-2.6470976764819E-02
2000039,BONDMATPORT,6121,Fama Maturity Portfolios - > 120 Month,29/09/2023,-6.7547183225194E-02
2000039,BONDMATPORT,6121,Fama Maturity Portfolios - > 120 Month,31/10/2023,-5.0025553612320E-02
2000039,BONDMATPORT,6121,Fama Maturity Portfolios - > 120 Month,30/11/2023,9.2708219779385E-02
2000039,BONDMATPORT,6121,Fama Maturity Portfolios - > 120 Month,29/12/2023,7.9273945269817E-02
2000039,BONDMATPORT,6121,Fama Maturity Portfolios - > 120 Month,31/01/2024,-1.1697506396983E-02
2000039,BONDMATPORT,6121,Fama Maturity Portfolios - > 120 Month,29/02/2024,-3.0357281186305E-02
2000039,BONDMATPORT,6121,Fama Maturity Portfolios - > 120 Month,28/03/2024,1.2588153502695E-02
2000039,BONDMATPORT,6121,Fama Maturity Portfolios - > 120 Month,30/04/2024,-5.5974858501906E-02
2000039,BONDMATPORT,6121,Fama Maturity Portfolios - > 120 Month,31/05/2024,2.5460746684597E-02
2000039,BONDMATPORT,6121,Fama Maturity Portfolios - > 120 Month,28/06/2024,1.5313452927043E-02
2000039,BONDMATPORT,6121,Fama Maturity Portfolios - > 120 Month,31/07/2024,4.3314213828253E-02
2000039,BONDMATPORT,6121,Fama Maturity Portfolios - > 120 Month,30/08/2024,1.7483901327966E-02
2000039,BONDMATPORT,6121,Fama Maturity Portfolios - > 120 Month,30/09/2024,1.7386452073484E-02
2000039,BONDMATPORT,6121,Fama Maturity Portfolios - > 120 Month,31/10/2024,-5.1128301382626E-02
2000039,BONDMATPORT,6121,Fama Maturity Portfolios - > 120 Month,29/11/2024,1.8823160002324E-02
2000039,BONDMATPORT,6121,Fama Maturity Portfolios - > 120 Month,31/12/2024,-5.2451145880154E-02
2000039,BONDMATPORT,6121,Fama Maturity Portfolios - > 120 Month,31/01/2025,6.1868644550009E-03
2000039,BONDMATPORT,6121,Fama Maturity Portfolios - > 120 Month,28/02/2025,4.9653112286304E-02
2000039,BONDMATPORT,6121,Fama Maturity Portfolios - > 120 Month,31/03/2025,-7.4474914629512E-03
2000039,BONDMATPORT,6121,Fama Maturity Portfolios - > 120 Month,30/04/2025,-9.6947696816190E-03
2000039,BONDMATPORT,6121,Fama Maturity Portfolios - > 120 Month,30/05/2025,-2.7182937300934E-02
2000039,BONDMATPORT,6121,Fama Maturity Portfolios - > 120 Month,30/06/2025,2.4412717117723E-02
2000039,BONDMATPORT,6121,Fama Maturity Portfolios - > 120 Month,31/07/2025,-7.9018083448770E-03
2000039,BONDMATPORT,6121,Fama Maturity Portfolios - > 120 Month,29/08/2025,4.2527409612344E-03
2000039,BONDMATPORT,6121,Fama Maturity Portfolios - > 120 Month,30/09/2025,2.9050446560279E-02
2000039,BONDMATPORT,6121,Fama Maturity Portfolios - > 120 Month,31/10/2025,1.2251274256347E-02
2000039,BONDMATPORT,6121,Fama Maturity Portfolios - > 120 Month,28/11/2025,5.1273120246109E-03
2000039,BONDMATPORT,6121,Fama Maturity Portfolios - > 120 Month,31/12/2025,-1.9725639404652E-02
2000040,BONDMATPORT,12012,Fama Maturity Portfolios - <= 12 Month,31/01/2000,3.9998902385394E-03
2000040,BONDMATPORT,12012,Fama Maturity Portfolios - <= 12 Month,29/02/2000,4.7778600793468E-03
2000040,BONDMATPORT,12012,Fama Maturity Portfolios - <= 12 Month,31/03/2000,4.9194767876816E-03
2000040,BONDMATPORT,12012,Fama Maturity Portfolios - <= 12 Month,28/04/2000,4.3806980089077E-03
2000040,BONDMATPORT,12012,Fama Maturity Portfolios - <= 12 Month,31/05/2000,5.2537681840166E-03
2000040,BONDMATPORT,12012,Fama Maturity Portfolios - <= 12 Month,30/06/2000,6.1994271851533E-03
2000040,BONDMATPORT,12012,Fama Maturity Portfolios - <= 12 Month,31/07/2000,5.0482130303930E-03
2000040,BONDMATPORT,12012,Fama Maturity Portfolios - <= 12 Month,31/08/2000,5.6950661531431E-03
2000040,BONDMATPORT,12012,Fama Maturity Portfolios - <= 12 Month,29/09/2000,5.2077872717124E-03
2000040,BONDMATPORT,12012,Fama Maturity Portfolios - <= 12 Month,31/10/2000,5.1690664935229E-03
2000040,BONDMATPORT,12012,Fama Maturity Portfolios - <= 12 Month,30/11/2000,6.0231955632296E-03
2000040,BONDMATPORT,12012,Fama Maturity Portfolios - <= 12 Month,29/12/2000,6.8769752911784E-03
2000040,BONDMATPORT,12012,Fama Maturity Portfolios - <= 12 Month,31/01/2001,8.5633749078911E-03
2000040,BONDMATPORT,12012,Fama Maturity Portfolios - <= 12 Month,28/02/2001,4.2323552909699E-03
2000040,BONDMATPORT,12012,Fama Maturity Portfolios - <= 12 Month,30/03/2001,5.3541437892120E-03
2000040,BONDMATPORT,12012,Fama Maturity Portfolios - <= 12 Month,30/04/2001,4.6314539918365E-03
2000040,BONDMATPORT,12012,Fama Maturity Portfolios - <= 12 Month,31/05/2001,5.0788280559881E-03
2000040,BONDMATPORT,12012,Fama Maturity Portfolios - <= 12 Month,29/06/2001,2.5398103199770E-03
2000040,BONDMATPORT,12012,Fama Maturity Portfolios - <= 12 Month,31/07/2001,4.8070688389737E-03
2000040,BONDMATPORT,12012,Fama Maturity Portfolios - <= 12 Month,31/08/2001,3.4780311885807E-03
2000040,BONDMATPORT,12012,Fama Maturity Portfolios - <= 12 Month,28/09/2001,6.5502949668126E-03
2000040,BONDMATPORT,12012,Fama Maturity Portfolios - <= 12 Month,31/10/2001,5.0222717956495E-03
2000040,BONDMATPORT,12012,Fama Maturity Portfolios - <= 12 Month,30/11/2001,1.6683912689243E-03
2000040,BONDMATPORT,12012,Fama Maturity Portfolios - <= 12 Month,31/12/2001,2.1420581598129E-03
2000040,BONDMATPORT,12012,Fama Maturity Portfolios - <= 12 Month,31/01/2002,8.9051296628993E-04
2000040,BONDMATPORT,12012,Fama Maturity Portfolios - <= 12 Month,28/02/2002,2.0843972343399E-03
2000040,BONDMATPORT,12012,Fama Maturity Portfolios - <= 12 Month,28/03/2002,-2.9465848757722E-04
2000040,BONDMATPORT,12012,Fama Maturity Portfolios - <= 12 Month,30/04/2002,4.3875582439856E-03
2000040,BONDMATPORT,12012,Fama Maturity Portfolios - <= 12 Month,31/05/2002,1.8121768378932E-03
2000040,BONDMATPORT,12012,Fama Maturity Portfolios - <= 12 Month,28/06/2002,2.5892879957290E-03
2000040,BONDMATPORT,12012,Fama Maturity Portfolios - <= 12 Month,31/07/2002,2.5522847140219E-03
2000040,BONDMATPORT,12012,Fama Maturity Portfolios - <= 12 Month,30/08/2002,1.1716035216959E-03
2000040,BONDMATPORT,12012,Fama Maturity Portfolios - <= 12 Month,30/09/2002,2.8189377890081E-03
2000040,BONDMATPORT,12012,Fama Maturity Portfolios - <= 12 Month,31/10/2002,1.6465542873868E-03
2000040,BONDMATPORT,12012,Fama Maturity Portfolios - <= 12 Month,29/11/2002,9.6807451061618E-04
2000040,BONDMATPORT,12012,Fama Maturity Portfolios - <= 12 Month,31/12/2002,1.8863328895336E-03
2000040,BONDMATPORT,12012,Fama Maturity Portfolios - <= 12 Month,31/01/2003,8.5614694957723E-04
2000040,BONDMATPORT,12012,Fama Maturity Portfolios - <= 12 Month,28/02/2003,1.1289045199337E-03
2000040,BONDMATPORT,12012,Fama Maturity Portfolios - <= 12 Month,31/03/2003,1.5220090803387E-03
2000040,BONDMATPORT,12012,Fama Maturity Portfolios - <= 12 Month,30/04/2003,8.5836327481481E-04
2000040,BONDMATPORT,12012,Fama Maturity Portfolios - <= 12 Month,30/05/2003,8.2186149634311E-04
2000040,BONDMATPORT,12012,Fama Maturity Portfolios - <= 12 Month,30/06/2003,1.9018430984192E-03
2000040,BONDMATPORT,12012,Fama Maturity Portfolios - <= 12 Month,31/07/2003,3.0058332840269E-04
2000040,BONDMATPORT,12012,Fama Maturity Portfolios - <= 12 Month,29/08/2003,4.0279972991064E-04
2000040,BONDMATPORT,12012,Fama Maturity Portfolios - <= 12 Month,30/09/2003,2.1249291290633E-03
2000040,BONDMATPORT,12012,Fama Maturity Portfolios - <= 12 Month,31/10/2003,2.8774658566796E-04
2000040,BONDMATPORT,12012,Fama Maturity Portfolios - <= 12 Month,28/11/2003,4.4025494100389E-04
2000040,BONDMATPORT,12012,Fama Maturity Portfolios - <= 12 Month,31/12/2003,2.0644373252813E-03
2000040,BONDMATPORT,12012,Fama Maturity Portfolios - <= 12 Month,30/01/2004,9.3826613562619E-04
2000040,BONDMATPORT,12012,Fama Maturity Portfolios - <= 12 Month,27/02/2004,1.0817130817918E-03
2000040,BONDMATPORT,12012,Fama Maturity Portfolios - <= 12 Month,31/03/2004,1.3337788558589E-03
2000040,BONDMATPORT,12012,Fama Maturity Portfolios - <= 12 Month,30/04/2004,-3.3487249146119E-04
2000040,BONDMATPORT,12012,Fama Maturity Portfolios - <= 12 Month,28/05/2004,2.0197870873738E-04
2000040,BONDMATPORT,12012,Fama Maturity Portfolios - <= 12 Month,30/06/2004,9.2505519451880E-04
2000040,BONDMATPORT,12012,Fama Maturity Portfolios - <= 12 Month,30/07/2004,1.2114437069662E-03
2000040,BONDMATPORT,12012,Fama Maturity Portfolios - <= 12 Month,31/08/2004,2.1815845407787E-03
2000040,BONDMATPORT,12012,Fama Maturity Portfolios - <= 12 Month,30/09/2004,4.6681694280115E-04
2000040,BONDMATPORT,12012,Fama Maturity Portfolios - <= 12 Month,29/10/2004,1.1482016467495E-03
2000040,BONDMATPORT,12012,Fama Maturity Portfolios - <= 12 Month,30/11/2004,2.9057834543500E-04
2000040,BONDMATPORT,12012,Fama Maturity Portfolios - <= 12 Month,31/12/2004,1.6190872765748E-03
2000040,BONDMATPORT,12012,Fama Maturity Portfolios - <= 12 Month,31/01/2005,1.4018331340184E-03
2000040,BONDMATPORT,12012,Fama Maturity Portfolios - <= 12 Month,28/02/2005,1.0725041461578E-03
2000040,BONDMATPORT,12012,Fama Maturity Portfolios - <= 12 Month,31/03/2005,2.1188892775913E-03
2000040,BONDMATPORT,12012,Fama Maturity Portfolios - <= 12 Month,29/04/2005,2.5494164817221E-03
2000040,BONDMATPORT,12012,Fama Maturity Portfolios - <= 12 Month,31/05/2005,3.0818170346026E-03
2000040,BONDMATPORT,12012,Fama Maturity Portfolios - <= 12 Month,30/06/2005,1.9705067837203E-03
2000040,BONDMATPORT,12012,Fama Maturity Portfolios - <= 12 Month,29/07/2005,1.0724940774527E-03
2000040,BONDMATPORT,12012,Fama Maturity Portfolios - <= 12 Month,31/08/2005,3.6893513752783E-03
2000040,BONDMATPORT,12012,Fama Maturity Portfolios - <= 12 Month,30/09/2005,1.7089183630111E-03
2000040,BONDMATPORT,12012,Fama Maturity Portfolios - <= 12 Month,31/10/2005,2.1352827924639E-03
2000040,BONDMATPORT,12012,Fama Maturity Portfolios - <= 12 Month,30/11/2005,3.2163762774976E-03
2000040,BONDMATPORT,12012,Fama Maturity Portfolios - <= 12 Month,30/12/2005,3.4146727694872E-03
2000040,BONDMATPORT,12012,Fama Maturity Portfolios - <= 12 Month,31/01/2006,2.9558724206242E-03
2000040,BONDMATPORT,12012,Fama Maturity Portfolios - <= 12 Month,28/02/2006,2.7935982513633E-03
2000040,BONDMATPORT,12012,Fama Maturity Portfolios - <= 12 Month,31/03/2006,3.5004884383267E-03
2000040,BONDMATPORT,12012,Fama Maturity Portfolios - <= 12 Month,28/04/2006,3.2800420768886E-03
2000040,BONDMATPORT,12012,Fama Maturity Portfolios - <= 12 Month,31/05/2006,3.5312000893375E-03
2000040,BONDMATPORT,12012,Fama Maturity Portfolios - <= 12 Month,30/06/2006,3.3299785770726E-03
2000040,BONDMATPORT,12012,Fama Maturity Portfolios - <= 12 Month,31/07/2006,4.9659658449635E-03
2000040,BONDMATPORT,12012,Fama Maturity Portfolios - <= 12 Month,31/08/2006,4.6200720742569E-03
2000040,BONDMATPORT,12012,Fama Maturity Portfolios - <= 12 Month,29/09/2006,4.3448507235381E-03
2000040,BONDMATPORT,12012,Fama Maturity Portfolios - <= 12 Month,31/10/2006,4.0545797760535E-03
2000040,BONDMATPORT,12012,Fama Maturity Portfolios - <= 12 Month,30/11/2006,4.2264353524329E-03
2000040,BONDMATPORT,12012,Fama Maturity Portfolios - <= 12 Month,29/12/2006,3.6496782160733E-03
2000040,BONDMATPORT,12012,Fama Maturity Portfolios - <= 12 Month,31/01/2007,4.2317943217308E-03
2000040,BONDMATPORT,12012,Fama Maturity Portfolios - <= 12 Month,28/02/2007,4.2367995237084E-03
2000040,BONDMATPORT,12012,Fama Maturity Portfolios - <= 12 Month,30/03/2007,4.1226134124049E-03
2000040,BONDMATPORT,12012,Fama Maturity Portfolios - <= 12 Month,30/04/2007,4.1393153655773E-03
2000040,BONDMATPORT,12012,Fama Maturity Portfolios - <= 12 Month,31/05/2007,3.9450401010940E-03
2000040,BONDMATPORT,12012,Fama Maturity Portfolios - <= 12 Month,29/06/2007,4.1638592970897E-03
2000040,BONDMATPORT,12012,Fama Maturity Portfolios - <= 12 Month,31/07/2007,4.6916024219915E-03
2000040,BONDMATPORT,12012,Fama Maturity Portfolios - <= 12 Month,31/08/2007,6.5356626928869E-03
2000040,BONDMATPORT,12012,Fama Maturity Portfolios - <= 12 Month,28/09/2007,4.7110676901071E-03
2000040,BONDMATPORT,12012,Fama Maturity Portfolios - <= 12 Month,31/10/2007,3.6246779852558E-03
2000040,BONDMATPORT,12012,Fama Maturity Portfolios - <= 12 Month,30/11/2007,8.2344337252209E-03
2000040,BONDMATPORT,12012,Fama Maturity Portfolios - <= 12 Month,31/12/2007,1.8899333577278E-03
2000040,BONDMATPORT,12012,Fama Maturity Portfolios - <= 12 Month,31/01/2008,8.9423314169186E-03
2000040,BONDMATPORT,12012,Fama Maturity Portfolios - <= 12 Month,29/02/2008,3.4640039606006E-03
2000040,BONDMATPORT,12012,Fama Maturity Portfolios - <= 12 Month,31/03/2008,3.1650514056194E-03
2000040,BONDMATPORT,12012,Fama Maturity Portfolios - <= 12 Month,30/04/2008,-2.0617323066917E-04
2000040,BONDMATPORT,12012,Fama Maturity Portfolios - <= 12 Month,30/05/2008,-3.0473280180934E-04
2000040,BONDMATPORT,12012,Fama Maturity Portfolios - <= 12 Month,30/06/2008,1.3472092326953E-03
2000040,BONDMATPORT,12012,Fama Maturity Portfolios - <= 12 Month,31/07/2008,2.6772353003607E-03
2000040,BONDMATPORT,12012,Fama Maturity Portfolios - <= 12 Month,29/08/2008,1.5476126696825E-03
2000040,BONDMATPORT,12012,Fama Maturity Portfolios - <= 12 Month,30/09/2008,4.2155740604064E-03
2000040,BONDMATPORT,12012,Fama Maturity Portfolios - <= 12 Month,31/10/2008,3.5282138769473E-03
2000040,BONDMATPORT,12012,Fama Maturity Portfolios - <= 12 Month,28/11/2008,3.4725668364554E-03
2000040,BONDMATPORT,12012,Fama Maturity Portfolios - <= 12 Month,31/12/2008,2.8683470596100E-03
2000040,BONDMATPORT,12012,Fama Maturity Portfolios - <= 12 Month,30/01/2009,-5.1150213981182E-04
2000040,BONDMATPORT,12012,Fama Maturity Portfolios - <= 12 Month,27/02/2009,-3.4099491468673E-04
2000040,BONDMATPORT,12012,Fama Maturity Portfolios - <= 12 Month,31/03/2009,1.3522629272235E-03
2000040,BONDMATPORT,12012,Fama Maturity Portfolios - <= 12 Month,30/04/2009,1.0989310512941E-03
2000040,BONDMATPORT,12012,Fama Maturity Portfolios - <= 12 Month,29/05/2009,1.7072433900515E-04
2000040,BONDMATPORT,12012,Fama Maturity Portfolios - <= 12 Month,30/06/2009,5.1362676013536E-04
2000040,BONDMATPORT,12012,Fama Maturity Portfolios - <= 12 Month,31/07/2009,5.2418020175933E-04
2000040,BONDMATPORT,12012,Fama Maturity Portfolios - <= 12 Month,31/08/2009,8.2892492487403E-04
2000040,BONDMATPORT,12012,Fama Maturity Portfolios - <= 12 Month,30/09/2009,5.2499452356060E-04
2000040,BONDMATPORT,12012,Fama Maturity Portfolios - <= 12 Month,30/10/2009,2.8372997137838E-04
2000040,BONDMATPORT,12012,Fama Maturity Portfolios - <= 12 Month,30/11/2009,8.0670655468604E-04
2000040,BONDMATPORT,12012,Fama Maturity Portfolios - <= 12 Month,31/12/2009,-5.6816961144425E-04
2000040,BONDMATPORT,12012,Fama Maturity Portfolios - <= 12 Month,29/01/2010,9.0229981944877E-04
2000040,BONDMATPORT,12012,Fama Maturity Portfolios - <= 12 Month,26/02/2010,1.0518171435375E-04
2000040,BONDMATPORT,12012,Fama Maturity Portfolios - <= 12 Month,31/03/2010,9.3376090317464E-05
2000040,BONDMATPORT,12012,Fama Maturity Portfolios - <= 12 Month,30/04/2010,1.6734619289555E-04
2000040,BONDMATPORT,12012,Fama Maturity Portfolios - <= 12 Month,28/05/2010,4.1308328352638E-04
2000040,BONDMATPORT,12012,Fama Maturity Portfolios - <= 12 Month,30/06/2010,7.5373363296607E-04
2000040,BONDMATPORT,12012,Fama Maturity Portfolios - <= 12 Month,30/07/2010,2.5331064662708E-04
2000040,BONDMATPORT,12012,Fama Maturity Portfolios - <= 12 Month,31/08/2010,4.9623313377916E-04
2000040,BONDMATPORT,12012,Fama Maturity Portfolios - <= 12 Month,30/09/2010,3.0218311201780E-04
2000040,BONDMATPORT,12012,Fama Maturity Portfolios - <= 12 Month,29/10/2010,1.7889265323909E-04
2000040,BONDMATPORT,12012,Fama Maturity Portfolios - <= 12 Month,30/11/2010,8.0815865598556E-05
2000040,BONDMATPORT,12012,Fama Maturity Portfolios - <= 12 Month,31/12/2010,2.4498297658331E-04
2000040,BONDMATPORT,12012,Fama Maturity Portfolios - <= 12 Month,31/01/2011,5.4170280253268E-04
2000040,BONDMATPORT,12012,Fama Maturity Portfolios - <= 12 Month,28/02/2011,3.1302665302686E-04
2000040,BONDMATPORT,12012,Fama Maturity Portfolios - <= 12 Month,31/03/2011,2.0252911337592E-04
2000040,BONDMATPORT,12012,Fama Maturity Portfolios - <= 12 Month,29/04/2011,5.3454979703450E-04
2000040,BONDMATPORT,12012,Fama Maturity Portfolios - <= 12 Month,31/05/2011,4.5816963992218E-04
2000040,BONDMATPORT,12012,Fama Maturity Portfolios - <= 12 Month,30/06/2011,2.2162577956374E-04
2000040,BONDMATPORT,12012,Fama Maturity Portfolios - <= 12 Month,29/07/2011,-3.4691901133840E-04
2000040,BONDMATPORT,12012,Fama Maturity Portfolios - <= 12 Month,31/08/2011,1.1856490891364E-03
2000040,BONDMATPORT,12012,Fama Maturity Portfolios - <= 12 Month,30/09/2011,-2.5579346872045E-04
2000040,BONDMATPORT,12012,Fama Maturity Portfolios - <= 12 Month,31/10/2011,3.7219263041515E-04
2000040,BONDMATPORT,12012,Fama Maturity Portfolios - <= 12 Month,30/11/2011,1.8690878967421E-04
2000040,BONDMATPORT,12012,Fama Maturity Portfolios - <= 12 Month,30/12/2011,2.6800659644973E-05
2000040,BONDMATPORT,12012,Fama Maturity Portfolios - <= 12 Month,31/01/2012,2.2282169334455E-04
2000040,BONDMATPORT,12012,Fama Maturity Portfolios - <= 12 Month,29/02/2012,-1.1620007275244E-04
2000040,BONDMATPORT,12012,Fama Maturity Portfolios - <= 12 Month,30/03/2012,-5.8087251195793E-05
2000040,BONDMATPORT,12012,Fama Maturity Portfolios - <= 12 Month,30/04/2012,3.5022417412524E-04
2000040,BONDMATPORT,12012,Fama Maturity Portfolios - <= 12 Month,31/05/2012,2.0849964752454E-04
2000040,BONDMATPORT,12012,Fama Maturity Portfolios - <= 12 Month,29/06/2012,-3.7806955838596E-05
2000040,BONDMATPORT,12012,Fama Maturity Portfolios - <= 12 Month,31/07/2012,4.7290946780766E-04
2000040,BONDMATPORT,12012,Fama Maturity Portfolios - <= 12 Month,31/08/2012,3.2084773361768E-05
2000040,BONDMATPORT,12012,Fama Maturity Portfolios - <= 12 Month,28/09/2012,1.9322884275864E-04
2000040,BONDMATPORT,12012,Fama Maturity Portfolios - <= 12 Month,31/10/2012,1.5533732852736E-04
2000040,BONDMATPORT,12012,Fama Maturity Portfolios - <= 12 Month,30/11/2012,2.1015217960974E-04
2000040,BONDMATPORT,12012,Fama Maturity Portfolios - <= 12 Month,31/12/2012,3.1813626173303E-04
2000040,BONDMATPORT,12012,Fama Maturity Portfolios - <= 12 Month,31/01/2013,2.4007260346242E-04
2000040,BONDMATPORT,12012,Fama Maturity Portfolios - <= 12 Month,28/02/2013,9.5845341922775E-05
2000040,BONDMATPORT,12012,Fama Maturity Portfolios - <= 12 Month,28/03/2013,1.2347229377771E-04
2000040,BONDMATPORT,12012,Fama Maturity Portfolios - <= 12 Month,30/04/2013,3.9784917167150E-04
2000040,BONDMATPORT,12012,Fama Maturity Portfolios - <= 12 Month,31/05/2013,-5.5749282893323E-06
2000040,BONDMATPORT,12012,Fama Maturity Portfolios - <= 12 Month,28/06/2013,3.0555852976776E-05
2000040,BONDMATPORT,12012,Fama Maturity Portfolios - <= 12 Month,31/07/2013,4.3872681522705E-04
2000040,BONDMATPORT,12012,Fama Maturity Portfolios - <= 12 Month,30/08/2013,1.6000817113446E-05
2000040,BONDMATPORT,12012,Fama Maturity Portfolios - <= 12 Month,30/09/2013,3.5720023185346E-04
2000040,BONDMATPORT,12012,Fama Maturity Portfolios - <= 12 Month,31/10/2013,-4.3840647587415E-05
2000040,BONDMATPORT,12012,Fama Maturity Portfolios - <= 12 Month,29/11/2013,-8.4195513387598E-05
2000040,BONDMATPORT,12012,Fama Maturity Portfolios - <= 12 Month,31/12/2013,2.8779537636436E-04
2000040,BONDMATPORT,12012,Fama Maturity Portfolios - <= 12 Month,31/01/2014,1.6504143935785E-04
2000040,BONDMATPORT,12012,Fama Maturity Portfolios - <= 12 Month,28/02/2014,1.1698440404864E-04
2000040,BONDMATPORT,12012,Fama Maturity Portfolios - <= 12 Month,31/03/2014,2.8629675397971E-04
2000040,BONDMATPORT,12012,Fama Maturity Portfolios - <= 12 Month,30/04/2014,2.2073410322370E-04
2000040,BONDMATPORT,12012,Fama Maturity Portfolios - <= 12 Month,30/05/2014,-1.8770323944101E-05
2000040,BONDMATPORT,12012,Fama Maturity Portfolios - <= 12 Month,30/06/2014,1.3338237601461E-04
2000040,BONDMATPORT,12012,Fama Maturity Portfolios - <= 12 Month,31/07/2014,1.4791816538726E-04
2000040,BONDMATPORT,12012,Fama Maturity Portfolios - <= 12 Month,29/08/2014,5.9235118082981E-05
2000040,BONDMATPORT,12012,Fama Maturity Portfolios - <= 12 Month,30/09/2014,2.8915582964850E-04
2000040,BONDMATPORT,12012,Fama Maturity Portfolios - <= 12 Month,31/10/2014,-4.4166658920753E-05
2000040,BONDMATPORT,12012,Fama Maturity Portfolios - <= 12 Month,28/11/2014,-1.9552841448622E-06
2000040,BONDMATPORT,12012,Fama Maturity Portfolios - <= 12 Month,31/12/2014,-1.1787423938202E-04
2000040,BONDMATPORT,12012,Fama Maturity Portfolios - <= 12 Month,30/01/2015,4.6549784033444E-04
2000040,BONDMATPORT,12012,Fama Maturity Portfolios - <= 12 Month,27/02/2015,3.7559229860947E-05
2000040,BONDMATPORT,12012,Fama Maturity Portfolios - <= 12 Month,31/03/2015,1.6279577008489E-04
2000040,BONDMATPORT,12012,Fama Maturity Portfolios - <= 12 Month,30/04/2015,4.2592451812998E-04
2000040,BONDMATPORT,12012,Fama Maturity Portfolios - <= 12 Month,29/05/2015,5.4850968047877E-05
2000040,BONDMATPORT,12012,Fama Maturity Portfolios - <= 12 Month,30/06/2015,2.8235601711034E-04
2000040,BONDMATPORT,12012,Fama Maturity Portfolios - <= 12 Month,31/07/2015,-4.5254551826822E-06
2000040,BONDMATPORT,12012,Fama Maturity Portfolios - <= 12 Month,31/08/2015,1.4378460907283E-05
2000040,BONDMATPORT,12012,Fama Maturity Portfolios - <= 12 Month,30/09/2015,8.4525725502594E-04
2000040,BONDMATPORT,12012,Fama Maturity Portfolios - <= 12 Month,30/10/2015,-2.9082986084118E-04
2000040,BONDMATPORT,12012,Fama Maturity Portfolios - <= 12 Month,30/11/2015,-4.4561096220232E-04
2000040,BONDMATPORT,12012,Fama Maturity Portfolios - <= 12 Month,31/12/2015,-3.6218601455275E-06
2000040,BONDMATPORT,12012,Fama Maturity Portfolios - <= 12 Month,29/01/2016,1.1051332327150E-03
2000040,BONDMATPORT,12012,Fama Maturity Portfolios - <= 12 Month,29/02/2016,5.3065632064755E-04
2000040,BONDMATPORT,12012,Fama Maturity Portfolios - <= 12 Month,31/03/2016,9.6500591291834E-04
2000040,BONDMATPORT,12012,Fama Maturity Portfolios - <= 12 Month,29/04/2016,5.6375600339664E-04
2000040,BONDMATPORT,12012,Fama Maturity Portfolios - <= 12 Month,31/05/2016,-9.3653065718892E-05
2000040,BONDMATPORT,12012,Fama Maturity Portfolios - <= 12 Month,30/06/2016,1.5021637735591E-03
2000040,BONDMATPORT,12012,Fama Maturity Portfolios - <= 12 Month,29/07/2016,1.1147497594273E-04
2000040,BONDMATPORT,12012,Fama Maturity Portfolios - <= 12 Month,31/08/2016,2.1827252446102E-04
2000040,BONDMATPORT,12012,Fama Maturity Portfolios - <= 12 Month,30/09/2016,5.6753060079769E-04
2000040,BONDMATPORT,12012,Fama Maturity Portfolios - <= 12 Month,31/10/2016,5.2678355348703E-04
2000040,BONDMATPORT,12012,Fama Maturity Portfolios - <= 12 Month,30/11/2016,-6.2963117698355E-05
2000040,BONDMATPORT,12012,Fama Maturity Portfolios - <= 12 Month,30/12/2016,4.7833488565138E-04
2000040,BONDMATPORT,12012,Fama Maturity Portfolios - <= 12 Month,31/01/2017,9.9950994768289E-04
2000040,BONDMATPORT,12012,Fama Maturity Portfolios - <= 12 Month,28/02/2017,3.5099102301595E-04
2000040,BONDMATPORT,12012,Fama Maturity Portfolios - <= 12 Month,31/03/2017,2.2939837586313E-05
2000040,BONDMATPORT,12012,Fama Maturity Portfolios - <= 12 Month,28/04/2017,5.4538950422202E-04
2000040,BONDMATPORT,12012,Fama Maturity Portfolios - <= 12 Month,31/05/2017,5.3346353328360E-04
2000040,BONDMATPORT,12012,Fama Maturity Portfolios - <= 12 Month,30/06/2017,6.1398089773170E-04
2000040,BONDMATPORT,12012,Fama Maturity Portfolios - <= 12 Month,31/07/2017,1.2416589351606E-03
2000040,BONDMATPORT,12012,Fama Maturity Portfolios - <= 12 Month,31/08/2017,1.0616434122830E-03
2000040,BONDMATPORT,12012,Fama Maturity Portfolios - <= 12 Month,29/09/2017,6.6109722587792E-04
2000040,BONDMATPORT,12012,Fama Maturity Portfolios - <= 12 Month,31/10/2017,7.2916653241758E-04
2000040,BONDMATPORT,12012,Fama Maturity Portfolios - <= 12 Month,30/11/2017,4.5244057906032E-04
2000040,BONDMATPORT,12012,Fama Maturity Portfolios - <= 12 Month,29/12/2017,7.4108789347768E-04
2000040,BONDMATPORT,12012,Fama Maturity Portfolios - <= 12 Month,31/01/2018,1.1343372152823E-03
2000040,BONDMATPORT,12012,Fama Maturity Portfolios - <= 12 Month,28/02/2018,6.3140044087474E-04
2000040,BONDMATPORT,12012,Fama Maturity Portfolios - <= 12 Month,29/03/2018,1.3660482538873E-03
2000040,BONDMATPORT,12012,Fama Maturity Portfolios - <= 12 Month,30/04/2018,1.3016971349730E-03
2000040,BONDMATPORT,12012,Fama Maturity Portfolios - <= 12 Month,31/05/2018,1.7493117573537E-03
2000040,BONDMATPORT,12012,Fama Maturity Portfolios - <= 12 Month,29/06/2018,1.5967008631183E-03
2000040,BONDMATPORT,12012,Fama Maturity Portfolios - <= 12 Month,31/07/2018,1.6186529254838E-03
2000040,BONDMATPORT,12012,Fama Maturity Portfolios - <= 12 Month,31/08/2018,1.9696445202800E-03
2000040,BONDMATPORT,12012,Fama Maturity Portfolios - <= 12 Month,28/09/2018,1.2415815198623E-03
2000040,BONDMATPORT,12012,Fama Maturity Portfolios - <= 12 Month,31/10/2018,1.9438455483241E-03
2000040,BONDMATPORT,12012,Fama Maturity Portfolios - <= 12 Month,30/11/2018,2.0949000068248E-03
2000040,BONDMATPORT,12012,Fama Maturity Portfolios - <= 12 Month,31/12/2018,2.4432368369355E-03
2000040,BONDMATPORT,12012,Fama Maturity Portfolios - <= 12 Month,31/01/2019,2.4448640779179E-03
2000040,BONDMATPORT,12012,Fama Maturity Portfolios - <= 12 Month,28/02/2019,1.9223450834724E-03
2000040,BONDMATPORT,12012,Fama Maturity Portfolios - <= 12 Month,29/03/2019,2.5940119252560E-03
2000040,BONDMATPORT,12012,Fama Maturity Portfolios - <= 12 Month,30/04/2019,2.0832394847397E-03
2000040,BONDMATPORT,12012,Fama Maturity Portfolios - <= 12 Month,31/05/2019,2.6174560439682E-03
2000040,BONDMATPORT,12012,Fama Maturity Portfolios - <= 12 Month,28/06/2019,2.9003151879749E-03
2000040,BONDMATPORT,12012,Fama Maturity Portfolios - <= 12 Month,31/07/2019,1.5594909893793E-03
2000040,BONDMATPORT,12012,Fama Maturity Portfolios - <= 12 Month,30/08/2019,2.6604433055692E-03
2000040,BONDMATPORT,12012,Fama Maturity Portfolios - <= 12 Month,30/09/2019,1.5935141323797E-03
2000040,BONDMATPORT,12012,Fama Maturity Portfolios - <= 12 Month,31/10/2019,2.7562503432992E-03
2000040,BONDMATPORT,12012,Fama Maturity Portfolios - <= 12 Month,29/11/2019,9.4488961666471E-04
2000040,BONDMATPORT,12012,Fama Maturity Portfolios - <= 12 Month,31/12/2019,1.6959747646084E-03
2000040,BONDMATPORT,12012,Fama Maturity Portfolios - <= 12 Month,31/01/2020,1.7188270423826E-03
2000040,BONDMATPORT,12012,Fama Maturity Portfolios - <= 12 Month,28/02/2020,2.7902889678336E-03
2000040,BONDMATPORT,12012,Fama Maturity Portfolios - <= 12 Month,31/03/2020,6.1960291520769E-03
2000040,BONDMATPORT,12012,Fama Maturity Portfolios - <= 12 Month,30/04/2020,1.5415188418201E-04
2000040,BONDMATPORT,12012,Fama Maturity Portfolios - <= 12 Month,29/05/2020,-2.0452178753588E-04
2000040,BONDMATPORT,12012,Fama Maturity Portfolios - <= 12 Month,30/06/2020,3.0320571750565E-04
2000040,BONDMATPORT,12012,Fama Maturity Portfolios - <= 12 Month,31/07/2020,2.8682773823295E-04
2000040,BONDMATPORT,12012,Fama Maturity Portfolios - <= 12 Month,31/08/2020,1.4002912068740E-04
2000040,BONDMATPORT,12012,Fama Maturity Portfolios - <= 12 Month,30/09/2020,1.8183756782868E-04
2000040,BONDMATPORT,12012,Fama Maturity Portfolios - <= 12 Month,30/10/2020,-1.0892282850791E-04
2000040,BONDMATPORT,12012,Fama Maturity Portfolios - <= 12 Month,30/11/2020,3.1381864603691E-04
2000040,BONDMATPORT,12012,Fama Maturity Portfolios - <= 12 Month,31/12/2020,2.7125000509267E-04
2000040,BONDMATPORT,12012,Fama Maturity Portfolios - <= 12 Month,29/01/2021,-4.4528598129809E-05
2000040,BONDMATPORT,12012,Fama Maturity Portfolios - <= 12 Month,26/02/2021,1.1628903933068E-04
2000040,BONDMATPORT,12012,Fama Maturity Portfolios - <= 12 Month,31/03/2021,2.5328345830849E-04
2000040,BONDMATPORT,12012,Fama Maturity Portfolios - <= 12 Month,30/04/2021,4.7179060812257E-05
2000040,BONDMATPORT,12012,Fama Maturity Portfolios - <= 12 Month,28/05/2021,2.1267246908106E-04
2000040,BONDMATPORT,12012,Fama Maturity Portfolios - <= 12 Month,30/06/2021,-1.6684824491609E-04
2000040,BONDMATPORT,12012,Fama Maturity Portfolios - <= 12 Month,30/07/2021,5.2179449167715E-05
2000040,BONDMATPORT,12012,Fama Maturity Portfolios - <= 12 Month,31/08/2021,9.6290094282697E-05
2000040,BONDMATPORT,12012,Fama Maturity Portfolios - <= 12 Month,30/09/2021,5.6192748953255E-05
2000040,BONDMATPORT,12012,Fama Maturity Portfolios - <= 12 Month,29/10/2021,-1.3309180459087E-04
2000040,BONDMATPORT,12012,Fama Maturity Portfolios - <= 12 Month,30/11/2021,-1.6202033261313E-05
2000040,BONDMATPORT,12012,Fama Maturity Portfolios - <= 12 Month,31/12/2021,-3.4259457078229E-04
2000040,BONDMATPORT,12012,Fama Maturity Portfolios - <= 12 Month,31/01/2022,-9.4601216269165E-04
2000040,BONDMATPORT,12012,Fama Maturity Portfolios - <= 12 Month,28/02/2022,-5.0204928962962E-04
2000040,BONDMATPORT,12012,Fama Maturity Portfolios - <= 12 Month,31/03/2022,-1.2144539191578E-03
2000040,BONDMATPORT,12012,Fama Maturity Portfolios - <= 12 Month,29/04/2022,-5.1785975615663E-04
2000040,BONDMATPORT,12012,Fama Maturity Portfolios - <= 12 Month,31/05/2022,1.5298568691989E-03
2000040,BONDMATPORT,12012,Fama Maturity Portfolios - <= 12 Month,30/06/2022,-2.2771404113780E-03
2000040,BONDMATPORT,12012,Fama Maturity Portfolios - <= 12 Month,29/07/2022,1.0796781852538E-03
2000040,BONDMATPORT,12012,Fama Maturity Portfolios - <= 12 Month,31/08/2022,5.6855454346889E-04
2000040,BONDMATPORT,12012,Fama Maturity Portfolios - <= 12 Month,30/09/2022,-6.3608437919569E-04
2000040,BONDMATPORT,12012,Fama Maturity Portfolios - <= 12 Month,31/10/2022,1.0813678790660E-03
2000040,BONDMATPORT,12012,Fama Maturity Portfolios - <= 12 Month,30/11/2022,2.9684126210443E-03
2000040,BONDMATPORT,12012,Fama Maturity Portfolios - <= 12 Month,30/12/2022,3.9604759843228E-03
2000040,BONDMATPORT,12012,Fama Maturity Portfolios - <= 12 Month,31/01/2023,3.5337378085743E-03
2000040,BONDMATPORT,12012,Fama Maturity Portfolios - <= 12 Month,28/02/2023,2.1287458166444E-03
2000040,BONDMATPORT,12012,Fama Maturity Portfolios - <= 12 Month,31/03/2023,6.2744515622163E-03
2000040,BONDMATPORT,12012,Fama Maturity Portfolios - <= 12 Month,28/04/2023,2.6687479317381E-03
2000040,BONDMATPORT,12012,Fama Maturity Portfolios - <= 12 Month,31/05/2023,2.2246664546532E-03
2000040,BONDMATPORT,12012,Fama Maturity Portfolios - <= 12 Month,30/06/2023,3.9969607829181E-03
2000040,BONDMATPORT,12012,Fama Maturity Portfolios - <= 12 Month,31/07/2023,4.5077209930534E-03
2000040,BONDMATPORT,12012,Fama Maturity Portfolios - <= 12 Month,31/08/2023,4.2634846450646E-03
2000040,BONDMATPORT,12012,Fama Maturity Portfolios - <= 12 Month,29/09/2023,4.1631427366286E-03
2000040,BONDMATPORT,12012,Fama Maturity Portfolios - <= 12 Month,31/10/2023,4.5049113753972E-03
2000040,BONDMATPORT,12012,Fama Maturity Portfolios - <= 12 Month,30/11/2023,5.4568291301992E-03
2000040,BONDMATPORT,12012,Fama Maturity Portfolios - <= 12 Month,29/12/2023,5.5169465023547E-03
2000040,BONDMATPORT,12012,Fama Maturity Portfolios - <= 12 Month,31/01/2024,4.2512845472421E-03
2000040,BONDMATPORT,12012,Fama Maturity Portfolios - <= 12 Month,29/02/2024,2.7096652980837E-03
2000040,BONDMATPORT,12012,Fama Maturity Portfolios - <= 12 Month,28/03/2024,3.8176865122843E-03
2000040,BONDMATPORT,12012,Fama Maturity Portfolios - <= 12 Month,30/04/2024,3.6753600070266E-03
2000040,BONDMATPORT,12012,Fama Maturity Portfolios - <= 12 Month,31/05/2024,4.7462493816238E-03
2000040,BONDMATPORT,12012,Fama Maturity Portfolios - <= 12 Month,28/06/2024,4.0275819333482E-03
2000040,BONDMATPORT,12012,Fama Maturity Portfolios - <= 12 Month,31/07/2024,5.7561762140441E-03
2000040,BONDMATPORT,12012,Fama Maturity Portfolios - <= 12 Month,30/08/2024,5.6620849251263E-03
2000040,BONDMATPORT,12012,Fama Maturity Portfolios - <= 12 Month,30/09/2024,5.2802812042244E-03
2000040,BONDMATPORT,12012,Fama Maturity Portfolios - <= 12 Month,31/10/2024,2.4388850814987E-03
2000040,BONDMATPORT,12012,Fama Maturity Portfolios - <= 12 Month,29/11/2024,3.3903904835241E-03
2000040,BONDMATPORT,12012,Fama Maturity Portfolios - <= 12 Month,31/12/2024,4.5766259247772E-03
2000040,BONDMATPORT,12012,Fama Maturity Portfolios - <= 12 Month,31/01/2025,3.4703402484438E-03
2000040,BONDMATPORT,12012,Fama Maturity Portfolios - <= 12 Month,28/02/2025,3.4969338224311E-03
2000040,BONDMATPORT,12012,Fama Maturity Portfolios - <= 12 Month,31/03/2025,3.7146975801434E-03
2000040,BONDMATPORT,12012,Fama Maturity Portfolios - <= 12 Month,30/04/2025,3.6926041575981E-03
2000040,BONDMATPORT,12012,Fama Maturity Portfolios - <= 12 Month,30/05/2025,2.3338456600086E-03
2000040,BONDMATPORT,12012,Fama Maturity Portfolios - <= 12 Month,30/06/2025,3.8216517682044E-03
2000040,BONDMATPORT,12012,Fama Maturity Portfolios - <= 12 Month,31/07/2025,2.8812960710764E-03
2000040,BONDMATPORT,12012,Fama Maturity Portfolios - <= 12 Month,29/08/2025,4.6966898380342E-03
2000040,BONDMATPORT,12012,Fama Maturity Portfolios - <= 12 Month,30/09/2025,4.0340308232251E-03
2000040,BONDMATPORT,12012,Fama Maturity Portfolios - <= 12 Month,31/10/2025,3.2768098027973E-03
2000040,BONDMATPORT,12012,Fama Maturity Portfolios - <= 12 Month,28/11/2025,3.1562525825683E-03
2000040,BONDMATPORT,12012,Fama Maturity Portfolios - <= 12 Month,31/12/2025,4.0064343314009E-03
2000041,BONDMATPORT,12024,Fama Maturity Portfolios - > 12 and <= 24 Month,31/01/2000,8.5217118511822E-04
2000041,BONDMATPORT,12024,Fama Maturity Portfolios - > 12 and <= 24 Month,29/02/2000,6.2454473184949E-03
2000041,BONDMATPORT,12024,Fama Maturity Portfolios - > 12 and <= 24 Month,31/03/2000,5.7126401409285E-03
2000041,BONDMATPORT,12024,Fama Maturity Portfolios - > 12 and <= 24 Month,28/04/2000,2.4950051376788E-03
2000041,BONDMATPORT,12024,Fama Maturity Portfolios - > 12 and <= 24 Month,31/05/2000,4.8736486770592E-03
2000041,BONDMATPORT,12024,Fama Maturity Portfolios - > 12 and <= 24 Month,30/06/2000,9.2218738040718E-03
2000041,BONDMATPORT,12024,Fama Maturity Portfolios - > 12 and <= 24 Month,31/07/2000,6.0546469571508E-03
2000041,BONDMATPORT,12024,Fama Maturity Portfolios - > 12 and <= 24 Month,31/08/2000,6.9303443337161E-03
2000041,BONDMATPORT,12024,Fama Maturity Portfolios - > 12 and <= 24 Month,29/09/2000,6.4948937430113E-03
2000041,BONDMATPORT,12024,Fama Maturity Portfolios - > 12 and <= 24 Month,31/10/2000,5.2800584018313E-03
2000041,BONDMATPORT,12024,Fama Maturity Portfolios - > 12 and <= 24 Month,30/11/2000,8.3151125407197E-03
2000041,BONDMATPORT,12024,Fama Maturity Portfolios - > 12 and <= 24 Month,29/12/2000,1.1235211420541E-02
2000041,BONDMATPORT,12024,Fama Maturity Portfolios - > 12 and <= 24 Month,31/01/2001,1.2868304399534E-02
2000041,BONDMATPORT,12024,Fama Maturity Portfolios - > 12 and <= 24 Month,28/02/2001,5.9637213998851E-03
2000041,BONDMATPORT,12024,Fama Maturity Portfolios - > 12 and <= 24 Month,30/03/2001,7.4284030467632E-03
2000041,BONDMATPORT,12024,Fama Maturity Portfolios - > 12 and <= 24 Month,30/04/2001,3.6199822347042E-03
2000041,BONDMATPORT,12024,Fama Maturity Portfolios - > 12 and <= 24 Month,31/05/2001,6.0061655957363E-03
2000041,BONDMATPORT,12024,Fama Maturity Portfolios - > 12 and <= 24 Month,29/06/2001,2.6296961869714E-03
2000041,BONDMATPORT,12024,Fama Maturity Portfolios - > 12 and <= 24 Month,31/07/2001,1.0344359298225E-02
2000041,BONDMATPORT,12024,Fama Maturity Portfolios - > 12 and <= 24 Month,31/08/2001,5.9120790758316E-03
2000041,BONDMATPORT,12024,Fama Maturity Portfolios - > 12 and <= 24 Month,28/09/2001,1.4443794148429E-02
2000041,BONDMATPORT,12024,Fama Maturity Portfolios - > 12 and <= 24 Month,31/10/2001,9.8686723438138E-03
2000041,BONDMATPORT,12024,Fama Maturity Portfolios - > 12 and <= 24 Month,30/11/2001,-1.8545706490805E-03
2000041,BONDMATPORT,12024,Fama Maturity Portfolios - > 12 and <= 24 Month,31/12/2001,1.9032812773315E-03
2000041,BONDMATPORT,12024,Fama Maturity Portfolios - > 12 and <= 24 Month,31/01/2002,1.3607920665646E-03
2000041,BONDMATPORT,12024,Fama Maturity Portfolios - > 12 and <= 24 Month,28/02/2002,4.2962428111773E-03
2000041,BONDMATPORT,12024,Fama Maturity Portfolios - > 12 and <= 24 Month,28/03/2002,-5.6093592689527E-03
2000041,BONDMATPORT,12024,Fama Maturity Portfolios - > 12 and <= 24 Month,30/04/2002,1.0574338748622E-02
2000041,BONDMATPORT,12024,Fama Maturity Portfolios - > 12 and <= 24 Month,31/05/2002,3.4282053181193E-03
2000041,BONDMATPORT,12024,Fama Maturity Portfolios - > 12 and <= 24 Month,28/06/2002,7.5346291869353E-03
2000041,BONDMATPORT,12024,Fama Maturity Portfolios - > 12 and <= 24 Month,31/07/2002,1.0537980683155E-02
2000041,BONDMATPORT,12024,Fama Maturity Portfolios - > 12 and <= 24 Month,30/08/2002,2.8117873920496E-03
2000041,BONDMATPORT,12024,Fama Maturity Portfolios - > 12 and <= 24 Month,30/09/2002,7.0160780903355E-03
2000041,BONDMATPORT,12024,Fama Maturity Portfolios - > 12 and <= 24 Month,31/10/2002,2.2935550350953E-03
2000041,BONDMATPORT,12024,Fama Maturity Portfolios - > 12 and <= 24 Month,29/11/2002,-3.1130941015495E-03
2000041,BONDMATPORT,12024,Fama Maturity Portfolios - > 12 and <= 24 Month,31/12/2002,8.8516598524889E-03
2000041,BONDMATPORT,12024,Fama Maturity Portfolios - > 12 and <= 24 Month,31/01/2003,1.4381601567447E-04
2000041,BONDMATPORT,12024,Fama Maturity Portfolios - > 12 and <= 24 Month,28/02/2003,3.5619166123889E-03
2000041,BONDMATPORT,12024,Fama Maturity Portfolios - > 12 and <= 24 Month,31/03/2003,1.9163285661462E-03
2000041,BONDMATPORT,12024,Fama Maturity Portfolios - > 12 and <= 24 Month,30/04/2003,1.6587061137614E-03
2000041,BONDMATPORT,12024,Fama Maturity Portfolios - > 12 and <= 24 Month,30/05/2003,2.6175170591025E-03
2000041,BONDMATPORT,12024,Fama Maturity Portfolios - > 12 and <= 24 Month,30/06/2003,2.2650411489244E-03
2000041,BONDMATPORT,12024,Fama Maturity Portfolios - > 12 and <= 24 Month,31/07/2003,-3.1954659294363E-03
2000041,BONDMATPORT,12024,Fama Maturity Portfolios - > 12 and <= 24 Month,29/08/2003,-4.1073164877369E-04
2000041,BONDMATPORT,12024,Fama Maturity Portfolios - > 12 and <= 24 Month,30/09/2003,8.1200582680485E-03
2000041,BONDMATPORT,12024,Fama Maturity Portfolios - > 12 and <= 24 Month,31/10/2003,-2.8968482519949E-03
2000041,BONDMATPORT,12024,Fama Maturity Portfolios - > 12 and <= 24 Month,28/11/2003,-1.0751752819328E-03
2000041,BONDMATPORT,12024,Fama Maturity Portfolios - > 12 and <= 24 Month,31/12/2003,5.6305518634867E-03
2000041,BONDMATPORT,12024,Fama Maturity Portfolios - > 12 and <= 24 Month,30/01/2004,1.8358880718377E-03
2000041,BONDMATPORT,12024,Fama Maturity Portfolios - > 12 and <= 24 Month,27/02/2004,4.0976303117905E-03
2000041,BONDMATPORT,12024,Fama Maturity Portfolios - > 12 and <= 24 Month,31/03/2004,2.2412088499330E-03
2000041,BONDMATPORT,12024,Fama Maturity Portfolios - > 12 and <= 24 Month,30/04/2004,-7.1878871486293E-03
2000041,BONDMATPORT,12024,Fama Maturity Portfolios - > 12 and <= 24 Month,28/05/2004,-9.4126882197080E-04
2000041,BONDMATPORT,12024,Fama Maturity Portfolios - > 12 and <= 24 Month,30/06/2004,5.8687021270656E-04
2000041,BONDMATPORT,12024,Fama Maturity Portfolios - > 12 and <= 24 Month,30/07/2004,2.4792884512696E-03
2000041,BONDMATPORT,12024,Fama Maturity Portfolios - > 12 and <= 24 Month,31/08/2004,6.4382824240008E-03
2000041,BONDMATPORT,12024,Fama Maturity Portfolios - > 12 and <= 24 Month,30/09/2004,-1.1812071645887E-03
2000041,BONDMATPORT,12024,Fama Maturity Portfolios - > 12 and <= 24 Month,29/10/2004,2.6696119718530E-03
2000041,BONDMATPORT,12024,Fama Maturity Portfolios - > 12 and <= 24 Month,30/11/2004,-4.1824594640805E-03
2000041,BONDMATPORT,12024,Fama Maturity Portfolios - > 12 and <= 24 Month,31/12/2004,1.5980999852779E-03
2000041,BONDMATPORT,12024,Fama Maturity Portfolios - > 12 and <= 24 Month,31/01/2005,-1.0120032588714E-04
2000041,BONDMATPORT,12024,Fama Maturity Portfolios - > 12 and <= 24 Month,28/02/2005,-1.8764846342238E-03
2000041,BONDMATPORT,12024,Fama Maturity Portfolios - > 12 and <= 24 Month,31/03/2005,1.1547781069371E-03
2000041,BONDMATPORT,12024,Fama Maturity Portfolios - > 12 and <= 24 Month,29/04/2005,4.2384686020836E-03
2000041,BONDMATPORT,12024,Fama Maturity Portfolios - > 12 and <= 24 Month,31/05/2005,3.9743876552531E-03
2000041,BONDMATPORT,12024,Fama Maturity Portfolios - > 12 and <= 24 Month,30/06/2005,1.8854991069952E-03
2000041,BONDMATPORT,12024,Fama Maturity Portfolios - > 12 and <= 24 Month,29/07/2005,-2.3508149574168E-03
2000041,BONDMATPORT,12024,Fama Maturity Portfolios - > 12 and <= 24 Month,31/08/2005,6.1159167278055E-03
2000041,BONDMATPORT,12024,Fama Maturity Portfolios - > 12 and <= 24 Month,30/09/2005,-1.8372087411550E-03
2000041,BONDMATPORT,12024,Fama Maturity Portfolios - > 12 and <= 24 Month,31/10/2005,3.2280082578400E-04
2000041,BONDMATPORT,12024,Fama Maturity Portfolios - > 12 and <= 24 Month,30/11/2005,3.1242271161291E-03
2000041,BONDMATPORT,12024,Fama Maturity Portfolios - > 12 and <= 24 Month,30/12/2005,3.6774063767429E-03
2000041,BONDMATPORT,12024,Fama Maturity Portfolios - > 12 and <= 24 Month,31/01/2006,1.8282272822038E-03
2000041,BONDMATPORT,12024,Fama Maturity Portfolios - > 12 and <= 24 Month,28/02/2006,1.1371632546163E-03
2000041,BONDMATPORT,12024,Fama Maturity Portfolios - > 12 and <= 24 Month,31/03/2006,1.8698938616941E-03
2000041,BONDMATPORT,12024,Fama Maturity Portfolios - > 12 and <= 24 Month,28/04/2006,3.1277276106090E-03
2000041,BONDMATPORT,12024,Fama Maturity Portfolios - > 12 and <= 24 Month,31/05/2006,1.4179861442097E-03
2000041,BONDMATPORT,12024,Fama Maturity Portfolios - > 12 and <= 24 Month,30/06/2006,2.4407053895620E-03
2000041,BONDMATPORT,12024,Fama Maturity Portfolios - > 12 and <= 24 Month,31/07/2006,6.6917182117374E-03
2000041,BONDMATPORT,12024,Fama Maturity Portfolios - > 12 and <= 24 Month,31/08/2006,6.3688295073333E-03
2000041,BONDMATPORT,12024,Fama Maturity Portfolios - > 12 and <= 24 Month,29/09/2006,4.7752229978832E-03
2000041,BONDMATPORT,12024,Fama Maturity Portfolios - > 12 and <= 24 Month,31/10/2006,3.8941902587240E-03
2000041,BONDMATPORT,12024,Fama Maturity Portfolios - > 12 and <= 24 Month,30/11/2006,4.7913196120009E-03
2000041,BONDMATPORT,12024,Fama Maturity Portfolios - > 12 and <= 24 Month,29/12/2006,5.8950500207145E-04
2000041,BONDMATPORT,12024,Fama Maturity Portfolios - > 12 and <= 24 Month,31/01/2007,2.9987256726583E-03
2000041,BONDMATPORT,12024,Fama Maturity Portfolios - > 12 and <= 24 Month,28/02/2007,7.0555235544522E-03
2000041,BONDMATPORT,12024,Fama Maturity Portfolios - > 12 and <= 24 Month,30/03/2007,3.7627180807226E-03
2000041,BONDMATPORT,12024,Fama Maturity Portfolios - > 12 and <= 24 Month,30/04/2007,3.5804142408499E-03
2000041,BONDMATPORT,12024,Fama Maturity Portfolios - > 12 and <= 24 Month,31/05/2007,-1.6520348472019E-04
2000041,BONDMATPORT,12024,Fama Maturity Portfolios - > 12 and <= 24 Month,29/06/2007,4.5724408202601E-03
2000041,BONDMATPORT,12024,Fama Maturity Portfolios - > 12 and <= 24 Month,31/07/2007,8.2838052114544E-03
2000041,BONDMATPORT,12024,Fama Maturity Portfolios - > 12 and <= 24 Month,31/08/2007,9.0919418828923E-03
2000041,BONDMATPORT,12024,Fama Maturity Portfolios - > 12 and <= 24 Month,28/09/2007,6.3490014062629E-03
2000041,BONDMATPORT,12024,Fama Maturity Portfolios - > 12 and <= 24 Month,31/10/2007,3.7550265467294E-03
2000041,BONDMATPORT,12024,Fama Maturity Portfolios - > 12 and <= 24 Month,30/11/2007,1.6359736713207E-02
2000041,BONDMATPORT,12024,Fama Maturity Portfolios - > 12 and <= 24 Month,31/12/2007,2.1575757649481E-03
2000041,BONDMATPORT,12024,Fama Maturity Portfolios - > 12 and <= 24 Month,31/01/2008,1.6755380559450E-02
2000041,BONDMATPORT,12024,Fama Maturity Portfolios - > 12 and <= 24 Month,29/02/2008,8.7239510625614E-03
2000041,BONDMATPORT,12024,Fama Maturity Portfolios - > 12 and <= 24 Month,31/03/2008,2.3046052115339E-03
2000041,BONDMATPORT,12024,Fama Maturity Portfolios - > 12 and <= 24 Month,30/04/2008,-7.1993868450017E-03
2000041,BONDMATPORT,12024,Fama Maturity Portfolios - > 12 and <= 24 Month,30/05/2008,-2.9201341081461E-03
2000041,BONDMATPORT,12024,Fama Maturity Portfolios - > 12 and <= 24 Month,30/06/2008,3.2794260711170E-03
2000041,BONDMATPORT,12024,Fama Maturity Portfolios - > 12 and <= 24 Month,31/07/2008,3.9642188215563E-03
2000041,BONDMATPORT,12024,Fama Maturity Portfolios - > 12 and <= 24 Month,29/08/2008,3.6376104865459E-03
2000041,BONDMATPORT,12024,Fama Maturity Portfolios - > 12 and <= 24 Month,30/09/2008,7.4241350175753E-03
2000041,BONDMATPORT,12024,Fama Maturity Portfolios - > 12 and <= 24 Month,31/10/2008,7.4688838526362E-03
2000041,BONDMATPORT,12024,Fama Maturity Portfolios - > 12 and <= 24 Month,28/11/2008,1.0595459542947E-02
2000041,BONDMATPORT,12024,Fama Maturity Portfolios - > 12 and <= 24 Month,31/12/2008,5.2498631603672E-03
2000041,BONDMATPORT,12024,Fama Maturity Portfolios - > 12 and <= 24 Month,30/01/2009,-2.3046479391564E-03
2000041,BONDMATPORT,12024,Fama Maturity Portfolios - > 12 and <= 24 Month,27/02/2009,-5.1764322057761E-04
2000041,BONDMATPORT,12024,Fama Maturity Portfolios - > 12 and <= 24 Month,31/03/2009,2.9311133309920E-03
2000041,BONDMATPORT,12024,Fama Maturity Portfolios - > 12 and <= 24 Month,30/04/2009,-1.5791868093834E-04
2000041,BONDMATPORT,12024,Fama Maturity Portfolios - > 12 and <= 24 Month,29/05/2009,1.2648908084791E-03
2000041,BONDMATPORT,12024,Fama Maturity Portfolios - > 12 and <= 24 Month,30/06/2009,-3.0820621065200E-04
2000041,BONDMATPORT,12024,Fama Maturity Portfolios - > 12 and <= 24 Month,31/07/2009,6.2703422040013E-04
2000041,BONDMATPORT,12024,Fama Maturity Portfolios - > 12 and <= 24 Month,31/08/2009,3.9497682924036E-03
2000041,BONDMATPORT,12024,Fama Maturity Portfolios - > 12 and <= 24 Month,30/09/2009,1.5938952289113E-03
2000041,BONDMATPORT,12024,Fama Maturity Portfolios - > 12 and <= 24 Month,30/10/2009,1.9680329607145E-03
2000041,BONDMATPORT,12024,Fama Maturity Portfolios - > 12 and <= 24 Month,30/11/2009,3.2638796219660E-03
2000041,BONDMATPORT,12024,Fama Maturity Portfolios - > 12 and <= 24 Month,31/12/2009,-5.2188716532524E-03
2000041,BONDMATPORT,12024,Fama Maturity Portfolios - > 12 and <= 24 Month,29/01/2010,6.3973024281534E-03
2000041,BONDMATPORT,12024,Fama Maturity Portfolios - > 12 and <= 24 Month,26/02/2010,8.9927710303280E-04
2000041,BONDMATPORT,12024,Fama Maturity Portfolios - > 12 and <= 24 Month,31/03/2010,-1.3325657742913E-03
2000041,BONDMATPORT,12024,Fama Maturity Portfolios - > 12 and <= 24 Month,30/04/2010,1.6686969907622E-03
2000041,BONDMATPORT,12024,Fama Maturity Portfolios - > 12 and <= 24 Month,28/05/2010,2.5861349899204E-03
2000041,BONDMATPORT,12024,Fama Maturity Portfolios - > 12 and <= 24 Month,30/06/2010,2.8467232061437E-03
2000041,BONDMATPORT,12024,Fama Maturity Portfolios - > 12 and <= 24 Month,30/07/2010,1.3365684929121E-03
2000041,BONDMATPORT,12024,Fama Maturity Portfolios - > 12 and <= 24 Month,31/08/2010,1.4548790633624E-03
2000041,BONDMATPORT,12024,Fama Maturity Portfolios - > 12 and <= 24 Month,30/09/2010,1.1717905968848E-03
2000041,BONDMATPORT,12024,Fama Maturity Portfolios - > 12 and <= 24 Month,29/10/2010,1.3080341413609E-03
2000041,BONDMATPORT,12024,Fama Maturity Portfolios - > 12 and <= 24 Month,30/11/2010,-1.0680093450427E-03
2000041,BONDMATPORT,12024,Fama Maturity Portfolios - > 12 and <= 24 Month,31/12/2010,-4.3816873140733E-04
2000041,BONDMATPORT,12024,Fama Maturity Portfolios - > 12 and <= 24 Month,31/01/2011,1.0383729657419E-03
2000041,BONDMATPORT,12024,Fama Maturity Portfolios - > 12 and <= 24 Month,28/02/2011,-1.2839764326889E-04
2000041,BONDMATPORT,12024,Fama Maturity Portfolios - > 12 and <= 24 Month,31/03/2011,-9.6339018143663E-04
2000041,BONDMATPORT,12024,Fama Maturity Portfolios - > 12 and <= 24 Month,29/04/2011,3.7048889891826E-03
2000041,BONDMATPORT,12024,Fama Maturity Portfolios - > 12 and <= 24 Month,31/05/2011,2.0415338860478E-03
2000041,BONDMATPORT,12024,Fama Maturity Portfolios - > 12 and <= 24 Month,30/06/2011,2.4529069649261E-04
2000041,BONDMATPORT,12024,Fama Maturity Portfolios - > 12 and <= 24 Month,29/07/2011,1.0030373969347E-03
2000041,BONDMATPORT,12024,Fama Maturity Portfolios - > 12 and <= 24 Month,31/08/2011,2.3880377778361E-03
2000041,BONDMATPORT,12024,Fama Maturity Portfolios - > 12 and <= 24 Month,30/09/2011,-6.6897249640715E-04
2000041,BONDMATPORT,12024,Fama Maturity Portfolios - > 12 and <= 24 Month,31/10/2011,7.3657063452451E-04
2000041,BONDMATPORT,12024,Fama Maturity Portfolios - > 12 and <= 24 Month,30/11/2011,1.7867601408920E-04
2000041,BONDMATPORT,12024,Fama Maturity Portfolios - > 12 and <= 24 Month,30/12/2011,2.5564734351167E-04
2000041,BONDMATPORT,12024,Fama Maturity Portfolios - > 12 and <= 24 Month,31/01/2012,7.4462716956497E-04
2000041,BONDMATPORT,12024,Fama Maturity Portfolios - > 12 and <= 24 Month,29/02/2012,-9.1293831926590E-04
2000041,BONDMATPORT,12024,Fama Maturity Portfolios - > 12 and <= 24 Month,30/03/2012,-3.4187569930520E-04
2000041,BONDMATPORT,12024,Fama Maturity Portfolios - > 12 and <= 24 Month,30/04/2012,1.2514957921142E-03
2000041,BONDMATPORT,12024,Fama Maturity Portfolios - > 12 and <= 24 Month,31/05/2012,1.4695727054165E-04
2000041,BONDMATPORT,12024,Fama Maturity Portfolios - > 12 and <= 24 Month,29/06/2012,-4.2128200814038E-04
2000041,BONDMATPORT,12024,Fama Maturity Portfolios - > 12 and <= 24 Month,31/07/2012,1.7143663834950E-03
2000041,BONDMATPORT,12024,Fama Maturity Portfolios - > 12 and <= 24 Month,31/08/2012,-4.1299498008657E-06
2000041,BONDMATPORT,12024,Fama Maturity Portfolios - > 12 and <= 24 Month,28/09/2012,1.0749496431093E-04
2000041,BONDMATPORT,12024,Fama Maturity Portfolios - > 12 and <= 24 Month,31/10/2012,-2.0227767351069E-04
2000041,BONDMATPORT,12024,Fama Maturity Portfolios - > 12 and <= 24 Month,30/11/2012,5.1411220702908E-04
2000041,BONDMATPORT,12024,Fama Maturity Portfolios - > 12 and <= 24 Month,31/12/2012,4.9281777966286E-04
2000041,BONDMATPORT,12024,Fama Maturity Portfolios - > 12 and <= 24 Month,31/01/2013,2.9550351428054E-04
2000041,BONDMATPORT,12024,Fama Maturity Portfolios - > 12 and <= 24 Month,28/02/2013,5.0576872757233E-04
2000041,BONDMATPORT,12024,Fama Maturity Portfolios - > 12 and <= 24 Month,28/03/2013,6.8639347358109E-05
2000041,BONDMATPORT,12024,Fama Maturity Portfolios - > 12 and <= 24 Month,30/04/2013,8.5070772407398E-04
2000041,BONDMATPORT,12024,Fama Maturity Portfolios - > 12 and <= 24 Month,31/05/2013,-4.6923159595482E-04
2000041,BONDMATPORT,12024,Fama Maturity Portfolios - > 12 and <= 24 Month,28/06/2013,-2.5451343746234E-04
2000041,BONDMATPORT,12024,Fama Maturity Portfolios - > 12 and <= 24 Month,31/07/2013,1.1582952025093E-03
2000041,BONDMATPORT,12024,Fama Maturity Portfolios - > 12 and <= 24 Month,30/08/2013,-5.6454474039036E-04
2000041,BONDMATPORT,12024,Fama Maturity Portfolios - > 12 and <= 24 Month,30/09/2013,1.5966415576974E-03
2000041,BONDMATPORT,12024,Fama Maturity Portfolios - > 12 and <= 24 Month,31/10/2013,3.7816137450591E-04
2000041,BONDMATPORT,12024,Fama Maturity Portfolios - > 12 and <= 24 Month,29/11/2013,3.9290607213168E-04
2000041,BONDMATPORT,12024,Fama Maturity Portfolios - > 12 and <= 24 Month,31/12/2013,-1.0421104162482E-04
2000041,BONDMATPORT,12024,Fama Maturity Portfolios - > 12 and <= 24 Month,31/01/2014,9.7370873337809E-04
2000041,BONDMATPORT,12024,Fama Maturity Portfolios - > 12 and <= 24 Month,28/02/2014,5.6428031535745E-04
2000041,BONDMATPORT,12024,Fama Maturity Portfolios - > 12 and <= 24 Month,31/03/2014,-9.6495028942132E-05
2000041,BONDMATPORT,12024,Fama Maturity Portfolios - > 12 and <= 24 Month,30/04/2014,7.8348303045407E-04
2000041,BONDMATPORT,12024,Fama Maturity Portfolios - > 12 and <= 24 Month,30/05/2014,8.1411248983502E-04
2000041,BONDMATPORT,12024,Fama Maturity Portfolios - > 12 and <= 24 Month,30/06/2014,-1.6534306528119E-04
2000041,BONDMATPORT,12024,Fama Maturity Portfolios - > 12 and <= 24 Month,31/07/2014,-1.6786971984778E-05
2000041,BONDMATPORT,12024,Fama Maturity Portfolios - > 12 and <= 24 Month,29/08/2014,6.7400243850658E-04
2000041,BONDMATPORT,12024,Fama Maturity Portfolios - > 12 and <= 24 Month,30/09/2014,2.8717359532463E-04
2000041,BONDMATPORT,12024,Fama Maturity Portfolios - > 12 and <= 24 Month,31/10/2014,1.2648280887567E-03
2000041,BONDMATPORT,12024,Fama Maturity Portfolios - > 12 and <= 24 Month,28/11/2014,1.1897997223329E-03
2000041,BONDMATPORT,12024,Fama Maturity Portfolios - > 12 and <= 24 Month,31/12/2014,-2.0647408067536E-03
2000041,BONDMATPORT,12024,Fama Maturity Portfolios - > 12 and <= 24 Month,30/01/2015,3.2828166964047E-03
2000041,BONDMATPORT,12024,Fama Maturity Portfolios - > 12 and <= 24 Month,27/02/2015,-1.4371650284002E-03
2000041,BONDMATPORT,12024,Fama Maturity Portfolios - > 12 and <= 24 Month,31/03/2015,1.2097587095781E-03
2000041,BONDMATPORT,12024,Fama Maturity Portfolios - > 12 and <= 24 Month,30/04/2015,6.0971007434411E-04
2000041,BONDMATPORT,12024,Fama Maturity Portfolios - > 12 and <= 24 Month,29/05/2015,3.6593448341113E-04
2000041,BONDMATPORT,12024,Fama Maturity Portfolios - > 12 and <= 24 Month,30/06/2015,3.7962466732787E-04
2000041,BONDMATPORT,12024,Fama Maturity Portfolios - > 12 and <= 24 Month,31/07/2015,4.1897210750460E-04
2000041,BONDMATPORT,12024,Fama Maturity Portfolios - > 12 and <= 24 Month,31/08/2015,-4.1261270880363E-04
2000041,BONDMATPORT,12024,Fama Maturity Portfolios - > 12 and <= 24 Month,30/09/2015,2.2285542719078E-03
2000041,BONDMATPORT,12024,Fama Maturity Portfolios - > 12 and <= 24 Month,30/10/2015,-7.6643335479028E-04
2000041,BONDMATPORT,12024,Fama Maturity Portfolios - > 12 and <= 24 Month,30/11/2015,-2.1462781705200E-03
2000041,BONDMATPORT,12024,Fama Maturity Portfolios - > 12 and <= 24 Month,31/12/2015,-7.9765687892335E-04
2000041,BONDMATPORT,12024,Fama Maturity Portfolios - > 12 and <= 24 Month,29/01/2016,4.0635885616174E-03
2000041,BONDMATPORT,12024,Fama Maturity Portfolios - > 12 and <= 24 Month,29/02/2016,7.4791587102943E-04
2000041,BONDMATPORT,12024,Fama Maturity Portfolios - > 12 and <= 24 Month,31/03/2016,1.4868789233462E-03
2000041,BONDMATPORT,12024,Fama Maturity Portfolios - > 12 and <= 24 Month,29/04/2016,4.4793166705634E-04
2000041,BONDMATPORT,12024,Fama Maturity Portfolios - > 12 and <= 24 Month,31/05/2016,-7.0337826478023E-04
2000041,BONDMATPORT,12024,Fama Maturity Portfolios - > 12 and <= 24 Month,30/06/2016,4.6833834846743E-03
2000041,BONDMATPORT,12024,Fama Maturity Portfolios - > 12 and <= 24 Month,29/07/2016,-5.7844477211307E-04
2000041,BONDMATPORT,12024,Fama Maturity Portfolios - > 12 and <= 24 Month,31/08/2016,-1.3600595470674E-03
2000041,BONDMATPORT,12024,Fama Maturity Portfolios - > 12 and <= 24 Month,30/09/2016,1.2057991501029E-03
2000041,BONDMATPORT,12024,Fama Maturity Portfolios - > 12 and <= 24 Month,31/10/2016,-4.2188079365524E-05
2000041,BONDMATPORT,12024,Fama Maturity Portfolios - > 12 and <= 24 Month,30/11/2016,-2.5333634725414E-03
2000041,BONDMATPORT,12024,Fama Maturity Portfolios - > 12 and <= 24 Month,30/12/2016,4.9969300904459E-04
2000041,BONDMATPORT,12024,Fama Maturity Portfolios - > 12 and <= 24 Month,31/01/2017,1.5471580220685E-03
2000041,BONDMATPORT,12024,Fama Maturity Portfolios - > 12 and <= 24 Month,28/02/2017,1.9904439086264E-04
2000041,BONDMATPORT,12024,Fama Maturity Portfolios - > 12 and <= 24 Month,31/03/2017,4.4638347271222E-04
2000041,BONDMATPORT,12024,Fama Maturity Portfolios - > 12 and <= 24 Month,28/04/2017,7.0101241717369E-04
2000041,BONDMATPORT,12024,Fama Maturity Portfolios - > 12 and <= 24 Month,31/05/2017,8.0708031156643E-04
2000041,BONDMATPORT,12024,Fama Maturity Portfolios - > 12 and <= 24 Month,30/06/2017,-3.7102852911232E-04
2000041,BONDMATPORT,12024,Fama Maturity Portfolios - > 12 and <= 24 Month,31/07/2017,1.6925723775858E-03
2000041,BONDMATPORT,12024,Fama Maturity Portfolios - > 12 and <= 24 Month,31/08/2017,1.4657104753493E-03
2000041,BONDMATPORT,12024,Fama Maturity Portfolios - > 12 and <= 24 Month,29/09/2017,-8.7190411109579E-04
2000041,BONDMATPORT,12024,Fama Maturity Portfolios - > 12 and <= 24 Month,31/10/2017,-2.5904735710154E-04
2000041,BONDMATPORT,12024,Fama Maturity Portfolios - > 12 and <= 24 Month,30/11/2017,-1.4569205093629E-03
2000041,BONDMATPORT,12024,Fama Maturity Portfolios - > 12 and <= 24 Month,29/12/2017,-5.1809220706780E-05
2000041,BONDMATPORT,12024,Fama Maturity Portfolios - > 12 and <= 24 Month,31/01/2018,-1.0875832402217E-03
2000041,BONDMATPORT,12024,Fama Maturity Portfolios - > 12 and <= 24 Month,28/02/2018,-8.1314346403573E-05
2000041,BONDMATPORT,12024,Fama Maturity Portfolios - > 12 and <= 24 Month,29/03/2018,1.4778832970663E-03
2000041,BONDMATPORT,12024,Fama Maturity Portfolios - > 12 and <= 24 Month,30/04/2018,-7.3478849901227E-04
2000041,BONDMATPORT,12024,Fama Maturity Portfolios - > 12 and <= 24 Month,31/05/2018,2.8951654912424E-03
2000041,BONDMATPORT,12024,Fama Maturity Portfolios - > 12 and <= 24 Month,29/06/2018,6.1563195552177E-04
2000041,BONDMATPORT,12024,Fama Maturity Portfolios - > 12 and <= 24 Month,31/07/2018,5.7064497780323E-04
2000041,BONDMATPORT,12024,Fama Maturity Portfolios - > 12 and <= 24 Month,31/08/2018,2.8610707284271E-03
2000041,BONDMATPORT,12024,Fama Maturity Portfolios - > 12 and <= 24 Month,28/09/2018,-5.5900016952978E-04
2000041,BONDMATPORT,12024,Fama Maturity Portfolios - > 12 and <= 24 Month,31/10/2018,1.6923594825913E-03
2000041,BONDMATPORT,12024,Fama Maturity Portfolios - > 12 and <= 24 Month,30/11/2018,3.0977880898224E-03
2000041,BONDMATPORT,12024,Fama Maturity Portfolios - > 12 and <= 24 Month,31/12/2018,5.6913431587920E-03
2000041,BONDMATPORT,12024,Fama Maturity Portfolios - > 12 and <= 24 Month,31/01/2019,2.6166604682864E-03
2000041,BONDMATPORT,12024,Fama Maturity Portfolios - > 12 and <= 24 Month,28/02/2019,1.1729917320813E-03
2000041,BONDMATPORT,12024,Fama Maturity Portfolios - > 12 and <= 24 Month,29/03/2019,5.0242073888644E-03
2000041,BONDMATPORT,12024,Fama Maturity Portfolios - > 12 and <= 24 Month,30/04/2019,2.0365509924925E-03
2000041,BONDMATPORT,12024,Fama Maturity Portfolios - > 12 and <= 24 Month,31/05/2019,5.7645343499806E-03
2000041,BONDMATPORT,12024,Fama Maturity Portfolios - > 12 and <= 24 Month,28/06/2019,4.1736166793207E-03
2000041,BONDMATPORT,12024,Fama Maturity Portfolios - > 12 and <= 24 Month,31/07/2019,1.5052499618359E-05
2000041,BONDMATPORT,12024,Fama Maturity Portfolios - > 12 and <= 24 Month,30/08/2019,5.8269601043505E-03
2000041,BONDMATPORT,12024,Fama Maturity Portfolios - > 12 and <= 24 Month,30/09/2019,-2.6004828576746E-04
2000041,BONDMATPORT,12024,Fama Maturity Portfolios - > 12 and <= 24 Month,31/10/2019,3.3724477272829E-03
2000041,BONDMATPORT,12024,Fama Maturity Portfolios - > 12 and <= 24 Month,29/11/2019,-1.3992449844418E-04
2000041,BONDMATPORT,12024,Fama Maturity Portfolios - > 12 and <= 24 Month,31/12/2019,2.4145169832464E-03
2000041,BONDMATPORT,12024,Fama Maturity Portfolios - > 12 and <= 24 Month,31/01/2020,4.1926526076334E-03
2000041,BONDMATPORT,12024,Fama Maturity Portfolios - > 12 and <= 24 Month,28/02/2020,6.6975477760711E-03
2000041,BONDMATPORT,12024,Fama Maturity Portfolios - > 12 and <= 24 Month,31/03/2020,1.2151528886511E-02
2000041,BONDMATPORT,12024,Fama Maturity Portfolios - > 12 and <= 24 Month,30/04/2020,5.7156097074696E-04
2000041,BONDMATPORT,12024,Fama Maturity Portfolios - > 12 and <= 24 Month,29/05/2020,3.4201572372304E-04
2000041,BONDMATPORT,12024,Fama Maturity Portfolios - > 12 and <= 24 Month,30/06/2020,4.5297083192227E-04
2000041,BONDMATPORT,12024,Fama Maturity Portfolios - > 12 and <= 24 Month,31/07/2020,4.0545768919955E-04
2000041,BONDMATPORT,12024,Fama Maturity Portfolios - > 12 and <= 24 Month,31/08/2020,8.1428538178221E-05
2000041,BONDMATPORT,12024,Fama Maturity Portfolios - > 12 and <= 24 Month,30/09/2020,2.3869946940406E-04
2000041,BONDMATPORT,12024,Fama Maturity Portfolios - > 12 and <= 24 Month,30/10/2020,-2.4352667980257E-04
2000041,BONDMATPORT,12024,Fama Maturity Portfolios - > 12 and <= 24 Month,30/11/2020,3.6159293308154E-04
2000041,BONDMATPORT,12024,Fama Maturity Portfolios - > 12 and <= 24 Month,31/12/2020,5.3444310716612E-04
2000041,BONDMATPORT,12024,Fama Maturity Portfolios - > 12 and <= 24 Month,29/01/2021,1.9095549437052E-04
2000041,BONDMATPORT,12024,Fama Maturity Portfolios - > 12 and <= 24 Month,26/02/2021,-2.6092079420240E-04
2000041,BONDMATPORT,12024,Fama Maturity Portfolios - > 12 and <= 24 Month,31/03/2021,3.5851251952026E-04
2000041,BONDMATPORT,12024,Fama Maturity Portfolios - > 12 and <= 24 Month,30/04/2021,1.1891526450780E-04
2000041,BONDMATPORT,12024,Fama Maturity Portfolios - > 12 and <= 24 Month,28/05/2021,4.9304936469284E-04
2000041,BONDMATPORT,12024,Fama Maturity Portfolios - > 12 and <= 24 Month,30/06/2021,-8.8758006686626E-04
2000041,BONDMATPORT,12024,Fama Maturity Portfolios - > 12 and <= 24 Month,30/07/2021,1.0477024737157E-03
2000041,BONDMATPORT,12024,Fama Maturity Portfolios - > 12 and <= 24 Month,31/08/2021,-1.8189727160877E-04
2000041,BONDMATPORT,12024,Fama Maturity Portfolios - > 12 and <= 24 Month,30/09/2021,-5.2252549136332E-05
2000041,BONDMATPORT,12024,Fama Maturity Portfolios - > 12 and <= 24 Month,29/10/2021,-2.1428582619954E-03
2000041,BONDMATPORT,12024,Fama Maturity Portfolios - > 12 and <= 24 Month,30/11/2021,-2.1632656769044E-04
2000041,BONDMATPORT,12024,Fama Maturity Portfolios - > 12 and <= 24 Month,31/12/2021,-1.8002502498714E-03
2000041,BONDMATPORT,12024,Fama Maturity Portfolios - > 12 and <= 24 Month,31/01/2022,-5.2639525917285E-03
2000041,BONDMATPORT,12024,Fama Maturity Portfolios - > 12 and <= 24 Month,28/02/2022,-3.0167072379510E-03
2000041,BONDMATPORT,12024,Fama Maturity Portfolios - > 12 and <= 24 Month,31/03/2022,-9.9391925874055E-03
2000041,BONDMATPORT,12024,Fama Maturity Portfolios - > 12 and <= 24 Month,29/04/2022,-2.8456699982300E-03
2000041,BONDMATPORT,12024,Fama Maturity Portfolios - > 12 and <= 24 Month,31/05/2022,4.7023670490896E-03
2000041,BONDMATPORT,12024,Fama Maturity Portfolios - > 12 and <= 24 Month,30/06/2022,-6.1599229546356E-03
2000041,BONDMATPORT,12024,Fama Maturity Portfolios - > 12 and <= 24 Month,29/07/2022,2.3861296864074E-03
2000041,BONDMATPORT,12024,Fama Maturity Portfolios - > 12 and <= 24 Month,31/08/2022,-5.2364487180728E-03
2000041,BONDMATPORT,12024,Fama Maturity Portfolios - > 12 and <= 24 Month,30/09/2022,-9.2199170955014E-03
2000041,BONDMATPORT,12024,Fama Maturity Portfolios - > 12 and <= 24 Month,31/10/2022,-1.5276119984912E-04
2000041,BONDMATPORT,12024,Fama Maturity Portfolios - > 12 and <= 24 Month,30/11/2022,4.7846810310133E-03
2000041,BONDMATPORT,12024,Fama Maturity Portfolios - > 12 and <= 24 Month,30/12/2022,2.1061617221180E-03
2000041,BONDMATPORT,12024,Fama Maturity Portfolios - > 12 and <= 24 Month,31/01/2023,5.2911125870092E-03
2000041,BONDMATPORT,12024,Fama Maturity Portfolios - > 12 and <= 24 Month,28/02/2023,-5.0312070045826E-03
2000041,BONDMATPORT,12024,Fama Maturity Portfolios - > 12 and <= 24 Month,31/03/2023,1.4285373214575E-02
2000041,BONDMATPORT,12024,Fama Maturity Portfolios - > 12 and <= 24 Month,28/04/2023,2.0220391092293E-03
2000041,BONDMATPORT,12024,Fama Maturity Portfolios - > 12 and <= 24 Month,31/05/2023,-2.9248927129598E-03
2000041,BONDMATPORT,12024,Fama Maturity Portfolios - > 12 and <= 24 Month,30/06/2023,-2.9985683164463E-03
2000041,BONDMATPORT,12024,Fama Maturity Portfolios - > 12 and <= 24 Month,31/07/2023,4.1053463340898E-03
2000041,BONDMATPORT,12024,Fama Maturity Portfolios - > 12 and <= 24 Month,31/08/2023,4.4776577346293E-03
2000041,BONDMATPORT,12024,Fama Maturity Portfolios - > 12 and <= 24 Month,29/09/2023,1.3719571949795E-03
2000041,BONDMATPORT,12024,Fama Maturity Portfolios - > 12 and <= 24 Month,31/10/2023,3.8979154498048E-03
2000041,BONDMATPORT,12024,Fama Maturity Portfolios - > 12 and <= 24 Month,30/11/2023,8.9849241984356E-03
2000041,BONDMATPORT,12024,Fama Maturity Portfolios - > 12 and <= 24 Month,29/12/2023,9.2332028608688E-03
2000041,BONDMATPORT,12024,Fama Maturity Portfolios - > 12 and <= 24 Month,31/01/2024,4.1832696704575E-03
2000041,BONDMATPORT,12024,Fama Maturity Portfolios - > 12 and <= 24 Month,29/02/2024,-2.4701383607637E-03
2000041,BONDMATPORT,12024,Fama Maturity Portfolios - > 12 and <= 24 Month,28/03/2024,3.0381964184035E-03
2000041,BONDMATPORT,12024,Fama Maturity Portfolios - > 12 and <= 24 Month,30/04/2024,-9.4990946870251E-04
2000041,BONDMATPORT,12024,Fama Maturity Portfolios - > 12 and <= 24 Month,31/05/2024,5.9011455519971E-03
2000041,BONDMATPORT,12024,Fama Maturity Portfolios - > 12 and <= 24 Month,28/06/2024,4.7164887697146E-03
2000041,BONDMATPORT,12024,Fama Maturity Portfolios - > 12 and <= 24 Month,31/07/2024,1.0125272731663E-02
2000041,BONDMATPORT,12024,Fama Maturity Portfolios - > 12 and <= 24 Month,30/08/2024,8.4889015238699E-03
2000041,BONDMATPORT,12024,Fama Maturity Portfolios - > 12 and <= 24 Month,30/09/2024,7.7493477704279E-03
2000041,BONDMATPORT,12024,Fama Maturity Portfolios - > 12 and <= 24 Month,31/10/2024,-3.6379707766479E-03
2000041,BONDMATPORT,12024,Fama Maturity Portfolios - > 12 and <= 24 Month,29/11/2024,2.8886855100253E-03
2000041,BONDMATPORT,12024,Fama Maturity Portfolios - > 12 and <= 24 Month,31/12/2024,3.3758590477244E-03
2000041,BONDMATPORT,12024,Fama Maturity Portfolios - > 12 and <= 24 Month,31/01/2025,4.0160120815559E-03
2000041,BONDMATPORT,12024,Fama Maturity Portfolios - > 12 and <= 24 Month,28/02/2025,5.7103784174570E-03
2000041,BONDMATPORT,12024,Fama Maturity Portfolios - > 12 and <= 24 Month,31/03/2025,4.2971322700344E-03
2000041,BONDMATPORT,12024,Fama Maturity Portfolios - > 12 and <= 24 Month,30/04/2025,6.4601538377460E-03
2000041,BONDMATPORT,12024,Fama Maturity Portfolios - > 12 and <= 24 Month,30/05/2025,-1.3238065583858E-03
2000041,BONDMATPORT,12024,Fama Maturity Portfolios - > 12 and <= 24 Month,30/06/2025,5.3964101797415E-03
2000041,BONDMATPORT,12024,Fama Maturity Portfolios - > 12 and <= 24 Month,31/07/2025,7.8750147236993E-05
2000041,BONDMATPORT,12024,Fama Maturity Portfolios - > 12 and <= 24 Month,29/08/2025,7.4296999711733E-03
2000041,BONDMATPORT,12024,Fama Maturity Portfolios - > 12 and <= 24 Month,30/09/2025,3.6998388326507E-03
2000041,BONDMATPORT,12024,Fama Maturity Portfolios - > 12 and <= 24 Month,31/10/2025,3.1857957011365E-03
2000041,BONDMATPORT,12024,Fama Maturity Portfolios - > 12 and <= 24 Month,28/11/2025,3.8639829596359E-03
2000041,BONDMATPORT,12024,Fama Maturity Portfolios - > 12 and <= 24 Month,31/12/2025,3.9547521582890E-03
2000042,BONDMATPORT,12036,Fama Maturity Portfolios - > 24 and <= 36 Month,31/01/2000,-2.8566232286382E-03
2000042,BONDMATPORT,12036,Fama Maturity Portfolios - > 24 and <= 36 Month,29/02/2000,7.0950036575635E-03
2000042,BONDMATPORT,12036,Fama Maturity Portfolios - > 24 and <= 36 Month,31/03/2000,7.9990859120271E-03
2000042,BONDMATPORT,12036,Fama Maturity Portfolios - > 24 and <= 36 Month,28/04/2000,9.5607164160643E-04
2000042,BONDMATPORT,12036,Fama Maturity Portfolios - > 24 and <= 36 Month,31/05/2000,4.7077498875340E-03
2000042,BONDMATPORT,12036,Fama Maturity Portfolios - > 24 and <= 36 Month,30/06/2000,1.2021296823742E-02
2000042,BONDMATPORT,12036,Fama Maturity Portfolios - > 24 and <= 36 Month,31/07/2000,6.4490314490064E-03
2000042,BONDMATPORT,12036,Fama Maturity Portfolios - > 24 and <= 36 Month,31/08/2000,9.5688345181939E-03
2000042,BONDMATPORT,12036,Fama Maturity Portfolios - > 24 and <= 36 Month,29/09/2000,8.4582625639581E-03
2000042,BONDMATPORT,12036,Fama Maturity Portfolios - > 24 and <= 36 Month,31/10/2000,5.9307866551870E-03
2000042,BONDMATPORT,12036,Fama Maturity Portfolios - > 24 and <= 36 Month,30/11/2000,1.1309286231764E-02
2000042,BONDMATPORT,12036,Fama Maturity Portfolios - > 24 and <= 36 Month,29/12/2000,1.4598268370626E-02
2000042,BONDMATPORT,12036,Fama Maturity Portfolios - > 24 and <= 36 Month,31/01/2001,1.4151118991413E-02
2000042,BONDMATPORT,12036,Fama Maturity Portfolios - > 24 and <= 36 Month,28/02/2001,7.7588599553769E-03
2000042,BONDMATPORT,12036,Fama Maturity Portfolios - > 24 and <= 36 Month,30/03/2001,8.0685023974452E-03
2000042,BONDMATPORT,12036,Fama Maturity Portfolios - > 24 and <= 36 Month,30/04/2001,1.0243807062537E-03
2000042,BONDMATPORT,12036,Fama Maturity Portfolios - > 24 and <= 36 Month,31/05/2001,5.4101843780501E-03
2000042,BONDMATPORT,12036,Fama Maturity Portfolios - > 24 and <= 36 Month,29/06/2001,3.0542075094911E-03
2000042,BONDMATPORT,12036,Fama Maturity Portfolios - > 24 and <= 36 Month,31/07/2001,1.4670172299873E-02
2000042,BONDMATPORT,12036,Fama Maturity Portfolios - > 24 and <= 36 Month,31/08/2001,8.3734470921212E-03
2000042,BONDMATPORT,12036,Fama Maturity Portfolios - > 24 and <= 36 Month,28/09/2001,2.0781577793753E-02
2000042,BONDMATPORT,12036,Fama Maturity Portfolios - > 24 and <= 36 Month,31/10/2001,1.3737380740358E-02
2000042,BONDMATPORT,12036,Fama Maturity Portfolios - > 24 and <= 36 Month,30/11/2001,-8.6926693912572E-03
2000042,BONDMATPORT,12036,Fama Maturity Portfolios - > 24 and <= 36 Month,31/12/2001,-2.7647789886098E-03
2000042,BONDMATPORT,12036,Fama Maturity Portfolios - > 24 and <= 36 Month,31/01/2002,3.8535466900105E-03
2000042,BONDMATPORT,12036,Fama Maturity Portfolios - > 24 and <= 36 Month,28/02/2002,6.9716508634330E-03
2000042,BONDMATPORT,12036,Fama Maturity Portfolios - > 24 and <= 36 Month,28/03/2002,-1.1554192068423E-02
2000042,BONDMATPORT,12036,Fama Maturity Portfolios - > 24 and <= 36 Month,30/04/2002,1.4886256067788E-02
2000042,BONDMATPORT,12036,Fama Maturity Portfolios - > 24 and <= 36 Month,31/05/2002,6.4569492250814E-03
2000042,BONDMATPORT,12036,Fama Maturity Portfolios - > 24 and <= 36 Month,28/06/2002,1.0474036201544E-02
2000042,BONDMATPORT,12036,Fama Maturity Portfolios - > 24 and <= 36 Month,31/07/2002,1.7616544088787E-02
2000042,BONDMATPORT,12036,Fama Maturity Portfolios - > 24 and <= 36 Month,30/08/2002,8.5080006209561E-03
2000042,BONDMATPORT,12036,Fama Maturity Portfolios - > 24 and <= 36 Month,30/09/2002,1.2925578360876E-02
2000042,BONDMATPORT,12036,Fama Maturity Portfolios - > 24 and <= 36 Month,31/10/2002,1.5472847905984E-03
2000042,BONDMATPORT,12036,Fama Maturity Portfolios - > 24 and <= 36 Month,29/11/2002,-8.3393805614373E-03
2000042,BONDMATPORT,12036,Fama Maturity Portfolios - > 24 and <= 36 Month,31/12/2002,1.5152955407409E-02
2000042,BONDMATPORT,12036,Fama Maturity Portfolios - > 24 and <= 36 Month,31/01/2003,8.7515847273205E-05
2000042,BONDMATPORT,12036,Fama Maturity Portfolios - > 24 and <= 36 Month,28/02/2003,7.7923106722936E-03
2000042,BONDMATPORT,12036,Fama Maturity Portfolios - > 24 and <= 36 Month,31/03/2003,2.2862771563266E-03
2000042,BONDMATPORT,12036,Fama Maturity Portfolios - > 24 and <= 36 Month,30/04/2003,2.1043650871668E-03
2000042,BONDMATPORT,12036,Fama Maturity Portfolios - > 24 and <= 36 Month,30/05/2003,9.0302883558722E-03
2000042,BONDMATPORT,12036,Fama Maturity Portfolios - > 24 and <= 36 Month,30/06/2003,1.4249434163399E-03
2000042,BONDMATPORT,12036,Fama Maturity Portfolios - > 24 and <= 36 Month,31/07/2003,-1.0610770756350E-02
2000042,BONDMATPORT,12036,Fama Maturity Portfolios - > 24 and <= 36 Month,29/08/2003,-3.0069408636819E-03
2000042,BONDMATPORT,12036,Fama Maturity Portfolios - > 24 and <= 36 Month,30/09/2003,1.6081666250029E-02
2000042,BONDMATPORT,12036,Fama Maturity Portfolios - > 24 and <= 36 Month,31/10/2003,-6.8295937892681E-03
2000042,BONDMATPORT,12036,Fama Maturity Portfolios - > 24 and <= 36 Month,28/11/2003,-2.0902717964802E-03
2000042,BONDMATPORT,12036,Fama Maturity Portfolios - > 24 and <= 36 Month,31/12/2003,8.1299057544880E-03
2000042,BONDMATPORT,12036,Fama Maturity Portfolios - > 24 and <= 36 Month,30/01/2004,3.3170214727837E-03
2000042,BONDMATPORT,12036,Fama Maturity Portfolios - > 24 and <= 36 Month,27/02/2004,6.8633457189181E-03
2000042,BONDMATPORT,12036,Fama Maturity Portfolios - > 24 and <= 36 Month,31/03/2004,5.3851622934859E-03
2000042,BONDMATPORT,12036,Fama Maturity Portfolios - > 24 and <= 36 Month,30/04/2004,-1.6271725456871E-02
2000042,BONDMATPORT,12036,Fama Maturity Portfolios - > 24 and <= 36 Month,28/05/2004,-2.3286589367821E-03
2000042,BONDMATPORT,12036,Fama Maturity Portfolios - > 24 and <= 36 Month,30/06/2004,1.4642886930304E-03
2000042,BONDMATPORT,12036,Fama Maturity Portfolios - > 24 and <= 36 Month,30/07/2004,4.2306895697215E-03
2000042,BONDMATPORT,12036,Fama Maturity Portfolios - > 24 and <= 36 Month,31/08/2004,1.1799163970271E-02
2000042,BONDMATPORT,12036,Fama Maturity Portfolios - > 24 and <= 36 Month,30/09/2004,-1.7414750066705E-03
2000042,BONDMATPORT,12036,Fama Maturity Portfolios - > 24 and <= 36 Month,29/10/2004,4.2262748170141E-03
2000042,BONDMATPORT,12036,Fama Maturity Portfolios - > 24 and <= 36 Month,30/11/2004,-7.9268611983966E-03
2000042,BONDMATPORT,12036,Fama Maturity Portfolios - > 24 and <= 36 Month,31/12/2004,2.5259047149092E-03
2000042,BONDMATPORT,12036,Fama Maturity Portfolios - > 24 and <= 36 Month,31/01/2005,-1.0318676738653E-03
2000042,BONDMATPORT,12036,Fama Maturity Portfolios - > 24 and <= 36 Month,28/02/2005,-5.0942294876655E-03
2000042,BONDMATPORT,12036,Fama Maturity Portfolios - > 24 and <= 36 Month,31/03/2005,-6.1408171512842E-04
2000042,BONDMATPORT,12036,Fama Maturity Portfolios - > 24 and <= 36 Month,29/04/2005,7.2283464620446E-03
2000042,BONDMATPORT,12036,Fama Maturity Portfolios - > 24 and <= 36 Month,31/05/2005,5.8127985212545E-03
2000042,BONDMATPORT,12036,Fama Maturity Portfolios - > 24 and <= 36 Month,30/06/2005,2.2234513199772E-03
2000042,BONDMATPORT,12036,Fama Maturity Portfolios - > 24 and <= 36 Month,29/07/2005,-6.2078924031192E-03
2000042,BONDMATPORT,12036,Fama Maturity Portfolios - > 24 and <= 36 Month,31/08/2005,9.0149661055362E-03
2000042,BONDMATPORT,12036,Fama Maturity Portfolios - > 24 and <= 36 Month,30/09/2005,-5.2873025447009E-03
2000042,BONDMATPORT,12036,Fama Maturity Portfolios - > 24 and <= 36 Month,31/10/2005,-2.0544332490445E-03
2000042,BONDMATPORT,12036,Fama Maturity Portfolios - > 24 and <= 36 Month,30/11/2005,4.0400675046830E-03
2000042,BONDMATPORT,12036,Fama Maturity Portfolios - > 24 and <= 36 Month,30/12/2005,3.8977063540565E-03
2000042,BONDMATPORT,12036,Fama Maturity Portfolios - > 24 and <= 36 Month,31/01/2006,1.1404860627015E-03
2000042,BONDMATPORT,12036,Fama Maturity Portfolios - > 24 and <= 36 Month,28/02/2006,-5.6543221315253E-04
2000042,BONDMATPORT,12036,Fama Maturity Portfolios - > 24 and <= 36 Month,31/03/2006,7.9831780597608E-05
2000042,BONDMATPORT,12036,Fama Maturity Portfolios - > 24 and <= 36 Month,28/04/2006,2.6271768256063E-03
2000042,BONDMATPORT,12036,Fama Maturity Portfolios - > 24 and <= 36 Month,31/05/2006,4.1325682951478E-04
2000042,BONDMATPORT,12036,Fama Maturity Portfolios - > 24 and <= 36 Month,30/06/2006,1.6407378000054E-03
2000042,BONDMATPORT,12036,Fama Maturity Portfolios - > 24 and <= 36 Month,31/07/2006,8.9263157416346E-03
2000042,BONDMATPORT,12036,Fama Maturity Portfolios - > 24 and <= 36 Month,31/08/2006,8.9732952827488E-03
2000042,BONDMATPORT,12036,Fama Maturity Portfolios - > 24 and <= 36 Month,29/09/2006,5.6935905412977E-03
2000042,BONDMATPORT,12036,Fama Maturity Portfolios - > 24 and <= 36 Month,31/10/2006,3.9984879457254E-03
2000042,BONDMATPORT,12036,Fama Maturity Portfolios - > 24 and <= 36 Month,30/11/2006,5.8722107092441E-03
2000042,BONDMATPORT,12036,Fama Maturity Portfolios - > 24 and <= 36 Month,29/12/2006,-1.6819221517995E-03
2000042,BONDMATPORT,12036,Fama Maturity Portfolios - > 24 and <= 36 Month,31/01/2007,1.4185507233377E-03
2000042,BONDMATPORT,12036,Fama Maturity Portfolios - > 24 and <= 36 Month,28/02/2007,9.7601117971284E-03
2000042,BONDMATPORT,12036,Fama Maturity Portfolios - > 24 and <= 36 Month,30/03/2007,4.3105711433843E-03
2000042,BONDMATPORT,12036,Fama Maturity Portfolios - > 24 and <= 36 Month,30/04/2007,4.1470865155635E-03
2000042,BONDMATPORT,12036,Fama Maturity Portfolios - > 24 and <= 36 Month,31/05/2007,-4.1221762546311E-03
2000042,BONDMATPORT,12036,Fama Maturity Portfolios - > 24 and <= 36 Month,29/06/2007,3.9234392435099E-03
2000042,BONDMATPORT,12036,Fama Maturity Portfolios - > 24 and <= 36 Month,31/07/2007,1.2519343803879E-02
2000042,BONDMATPORT,12036,Fama Maturity Portfolios - > 24 and <= 36 Month,31/08/2007,1.1356080215412E-02
2000042,BONDMATPORT,12036,Fama Maturity Portfolios - > 24 and <= 36 Month,28/09/2007,7.0549064331888E-03
2000042,BONDMATPORT,12036,Fama Maturity Portfolios - > 24 and <= 36 Month,31/10/2007,5.5644610911533E-03
2000042,BONDMATPORT,12036,Fama Maturity Portfolios - > 24 and <= 36 Month,30/11/2007,2.4708250217721E-02
2000042,BONDMATPORT,12036,Fama Maturity Portfolios - > 24 and <= 36 Month,31/12/2007,2.2581884597610E-03
2000042,BONDMATPORT,12036,Fama Maturity Portfolios - > 24 and <= 36 Month,31/01/2008,2.3551971987985E-02
2000042,BONDMATPORT,12036,Fama Maturity Portfolios - > 24 and <= 36 Month,29/02/2008,1.1804294151843E-02
2000042,BONDMATPORT,12036,Fama Maturity Portfolios - > 24 and <= 36 Month,31/03/2008,4.5641525834110E-03
2000042,BONDMATPORT,12036,Fama Maturity Portfolios - > 24 and <= 36 Month,30/04/2008,-1.4326485114887E-02
2000042,BONDMATPORT,12036,Fama Maturity Portfolios - > 24 and <= 36 Month,30/05/2008,-8.4933833409917E-03
2000042,BONDMATPORT,12036,Fama Maturity Portfolios - > 24 and <= 36 Month,30/06/2008,3.6209681953986E-03
2000042,BONDMATPORT,12036,Fama Maturity Portfolios - > 24 and <= 36 Month,31/07/2008,5.2697241095802E-03
2000042,BONDMATPORT,12036,Fama Maturity Portfolios - > 24 and <= 36 Month,29/08/2008,6.9443738119742E-03
2000042,BONDMATPORT,12036,Fama Maturity Portfolios - > 24 and <= 36 Month,30/09/2008,1.2916220648076E-02
2000042,BONDMATPORT,12036,Fama Maturity Portfolios - > 24 and <= 36 Month,31/10/2008,1.4178997622710E-02
2000042,BONDMATPORT,12036,Fama Maturity Portfolios - > 24 and <= 36 Month,28/11/2008,1.5525885682695E-02
2000042,BONDMATPORT,12036,Fama Maturity Portfolios - > 24 and <= 36 Month,31/12/2008,6.5669856410893E-03
2000042,BONDMATPORT,12036,Fama Maturity Portfolios - > 24 and <= 36 Month,30/01/2009,-5.9410584807206E-03
2000042,BONDMATPORT,12036,Fama Maturity Portfolios - > 24 and <= 36 Month,27/02/2009,8.2290704382049E-04
2000042,BONDMATPORT,12036,Fama Maturity Portfolios - > 24 and <= 36 Month,31/03/2009,7.4700949907320E-03
2000042,BONDMATPORT,12036,Fama Maturity Portfolios - > 24 and <= 36 Month,30/04/2009,-3.9403673256631E-03
2000042,BONDMATPORT,12036,Fama Maturity Portfolios - > 24 and <= 36 Month,29/05/2009,1.9567946756888E-03
2000042,BONDMATPORT,12036,Fama Maturity Portfolios - > 24 and <= 36 Month,30/06/2009,-2.8041781782843E-03
2000042,BONDMATPORT,12036,Fama Maturity Portfolios - > 24 and <= 36 Month,31/07/2009,2.1460415612288E-03
2000042,BONDMATPORT,12036,Fama Maturity Portfolios - > 24 and <= 36 Month,31/08/2009,4.7853752929062E-03
2000042,BONDMATPORT,12036,Fama Maturity Portfolios - > 24 and <= 36 Month,30/09/2009,3.4662374984600E-03
2000042,BONDMATPORT,12036,Fama Maturity Portfolios - > 24 and <= 36 Month,30/10/2009,2.6015443382414E-03
2000042,BONDMATPORT,12036,Fama Maturity Portfolios - > 24 and <= 36 Month,30/11/2009,8.5497255862897E-03
2000042,BONDMATPORT,12036,Fama Maturity Portfolios - > 24 and <= 36 Month,31/12/2009,-1.0985531965217E-02
2000042,BONDMATPORT,12036,Fama Maturity Portfolios - > 24 and <= 36 Month,29/01/2010,9.9346191893774E-03
2000042,BONDMATPORT,12036,Fama Maturity Portfolios - > 24 and <= 36 Month,26/02/2010,2.3011335699600E-03
2000042,BONDMATPORT,12036,Fama Maturity Portfolios - > 24 and <= 36 Month,31/03/2010,-3.1038902766652E-03
2000042,BONDMATPORT,12036,Fama Maturity Portfolios - > 24 and <= 36 Month,30/04/2010,4.0705383912453E-03
2000042,BONDMATPORT,12036,Fama Maturity Portfolios - > 24 and <= 36 Month,28/05/2010,7.1800159887106E-03
2000042,BONDMATPORT,12036,Fama Maturity Portfolios - > 24 and <= 36 Month,30/06/2010,7.5202375391653E-03
2000042,BONDMATPORT,12036,Fama Maturity Portfolios - > 24 and <= 36 Month,30/07/2010,3.8315408162732E-03
2000042,BONDMATPORT,12036,Fama Maturity Portfolios - > 24 and <= 36 Month,31/08/2010,3.2049333743758E-03
2000042,BONDMATPORT,12036,Fama Maturity Portfolios - > 24 and <= 36 Month,30/09/2010,2.2643388333135E-03
2000042,BONDMATPORT,12036,Fama Maturity Portfolios - > 24 and <= 36 Month,29/10/2010,3.8709400943282E-03
2000042,BONDMATPORT,12036,Fama Maturity Portfolios - > 24 and <= 36 Month,30/11/2010,-3.4029388699736E-03
2000042,BONDMATPORT,12036,Fama Maturity Portfolios - > 24 and <= 36 Month,31/12/2010,-4.2915307838115E-03
2000042,BONDMATPORT,12036,Fama Maturity Portfolios - > 24 and <= 36 Month,31/01/2011,2.3679903546818E-03
2000042,BONDMATPORT,12036,Fama Maturity Portfolios - > 24 and <= 36 Month,28/02/2011,-2.4351264123958E-03
2000042,BONDMATPORT,12036,Fama Maturity Portfolios - > 24 and <= 36 Month,31/03/2011,-2.0757378724629E-03
2000042,BONDMATPORT,12036,Fama Maturity Portfolios - > 24 and <= 36 Month,29/04/2011,8.3225728638911E-03
2000042,BONDMATPORT,12036,Fama Maturity Portfolios - > 24 and <= 36 Month,31/05/2011,5.6693604099374E-03
2000042,BONDMATPORT,12036,Fama Maturity Portfolios - > 24 and <= 36 Month,30/06/2011,6.1843824530685E-04
2000042,BONDMATPORT,12036,Fama Maturity Portfolios - > 24 and <= 36 Month,29/07/2011,6.0957989085760E-03
2000042,BONDMATPORT,12036,Fama Maturity Portfolios - > 24 and <= 36 Month,31/08/2011,5.1157493238811E-03
2000042,BONDMATPORT,12036,Fama Maturity Portfolios - > 24 and <= 36 Month,30/09/2011,-1.9354161454406E-03
2000042,BONDMATPORT,12036,Fama Maturity Portfolios - > 24 and <= 36 Month,31/10/2011,1.6731091511417E-03
2000042,BONDMATPORT,12036,Fama Maturity Portfolios - > 24 and <= 36 Month,30/11/2011,-1.6744462537624E-04
2000042,BONDMATPORT,12036,Fama Maturity Portfolios - > 24 and <= 36 Month,30/12/2011,1.0285130419614E-03
2000042,BONDMATPORT,12036,Fama Maturity Portfolios - > 24 and <= 36 Month,31/01/2012,2.0188288745384E-03
2000042,BONDMATPORT,12036,Fama Maturity Portfolios - > 24 and <= 36 Month,29/02/2012,-2.4680611587726E-03
2000042,BONDMATPORT,12036,Fama Maturity Portfolios - > 24 and <= 36 Month,30/03/2012,-1.2892915741191E-03
2000042,BONDMATPORT,12036,Fama Maturity Portfolios - > 24 and <= 36 Month,30/04/2012,3.4088166809039E-03
2000042,BONDMATPORT,12036,Fama Maturity Portfolios - > 24 and <= 36 Month,31/05/2012,8.7368973528108E-04
2000042,BONDMATPORT,12036,Fama Maturity Portfolios - > 24 and <= 36 Month,29/06/2012,-7.5226426502629E-04
2000042,BONDMATPORT,12036,Fama Maturity Portfolios - > 24 and <= 36 Month,31/07/2012,3.4957001661180E-03
2000042,BONDMATPORT,12036,Fama Maturity Portfolios - > 24 and <= 36 Month,31/08/2012,-4.2266216096748E-05
2000042,BONDMATPORT,12036,Fama Maturity Portfolios - > 24 and <= 36 Month,28/09/2012,-1.7187526503326E-04
2000042,BONDMATPORT,12036,Fama Maturity Portfolios - > 24 and <= 36 Month,31/10/2012,-1.0020764606027E-03
2000042,BONDMATPORT,12036,Fama Maturity Portfolios - > 24 and <= 36 Month,30/11/2012,1.4044060114241E-03
2000042,BONDMATPORT,12036,Fama Maturity Portfolios - > 24 and <= 36 Month,31/12/2012,1.5558547613335E-04
2000042,BONDMATPORT,12036,Fama Maturity Portfolios - > 24 and <= 36 Month,31/01/2013,-1.6253825365146E-04
2000042,BONDMATPORT,12036,Fama Maturity Portfolios - > 24 and <= 36 Month,28/02/2013,1.7028034783872E-03
2000042,BONDMATPORT,12036,Fama Maturity Portfolios - > 24 and <= 36 Month,28/03/2013,1.0582856046939E-04
2000042,BONDMATPORT,12036,Fama Maturity Portfolios - > 24 and <= 36 Month,30/04/2013,1.5823648454816E-03
2000042,BONDMATPORT,12036,Fama Maturity Portfolios - > 24 and <= 36 Month,31/05/2013,-2.8807936570350E-03
2000042,BONDMATPORT,12036,Fama Maturity Portfolios - > 24 and <= 36 Month,28/06/2013,-2.3494938268838E-03
2000042,BONDMATPORT,12036,Fama Maturity Portfolios - > 24 and <= 36 Month,31/07/2013,2.6720047901232E-03
2000042,BONDMATPORT,12036,Fama Maturity Portfolios - > 24 and <= 36 Month,30/08/2013,-2.6490534975454E-03
2000042,BONDMATPORT,12036,Fama Maturity Portfolios - > 24 and <= 36 Month,30/09/2013,4.7931596655922E-03
2000042,BONDMATPORT,12036,Fama Maturity Portfolios - > 24 and <= 36 Month,31/10/2013,1.6598338777969E-03
2000042,BONDMATPORT,12036,Fama Maturity Portfolios - > 24 and <= 36 Month,29/11/2013,1.5328610638887E-03
2000042,BONDMATPORT,12036,Fama Maturity Portfolios - > 24 and <= 36 Month,31/12/2013,-2.8994158098333E-03
2000042,BONDMATPORT,12036,Fama Maturity Portfolios - > 24 and <= 36 Month,31/01/2014,2.9622525808018E-03
2000042,BONDMATPORT,12036,Fama Maturity Portfolios - > 24 and <= 36 Month,28/02/2014,1.2458721437969E-03
2000042,BONDMATPORT,12036,Fama Maturity Portfolios - > 24 and <= 36 Month,31/03/2014,-2.4081747178114E-03
2000042,BONDMATPORT,12036,Fama Maturity Portfolios - > 24 and <= 36 Month,30/04/2014,1.8136839783215E-03
2000042,BONDMATPORT,12036,Fama Maturity Portfolios - > 24 and <= 36 Month,30/05/2014,2.9052240989199E-03
2000042,BONDMATPORT,12036,Fama Maturity Portfolios - > 24 and <= 36 Month,30/06/2014,-6.0318863987111E-04
2000042,BONDMATPORT,12036,Fama Maturity Portfolios - > 24 and <= 36 Month,31/07/2014,-1.3016154844891E-03
2000042,BONDMATPORT,12036,Fama Maturity Portfolios - > 24 and <= 36 Month,29/08/2014,2.3528636789956E-03
2000042,BONDMATPORT,12036,Fama Maturity Portfolios - > 24 and <= 36 Month,30/09/2014,-8.0443302795572E-04
2000042,BONDMATPORT,12036,Fama Maturity Portfolios - > 24 and <= 36 Month,31/10/2014,4.1877272202592E-03
2000042,BONDMATPORT,12036,Fama Maturity Portfolios - > 24 and <= 36 Month,28/11/2014,2.6159960369337E-03
2000042,BONDMATPORT,12036,Fama Maturity Portfolios - > 24 and <= 36 Month,31/12/2014,-3.4374912795907E-03
2000042,BONDMATPORT,12036,Fama Maturity Portfolios - > 24 and <= 36 Month,30/01/2015,8.3857795763582E-03
2000042,BONDMATPORT,12036,Fama Maturity Portfolios - > 24 and <= 36 Month,27/02/2015,-4.4232663789208E-03
2000042,BONDMATPORT,12036,Fama Maturity Portfolios - > 24 and <= 36 Month,31/03/2015,4.1072348718696E-03
2000042,BONDMATPORT,12036,Fama Maturity Portfolios - > 24 and <= 36 Month,30/04/2015,5.6154356298915E-04
2000042,BONDMATPORT,12036,Fama Maturity Portfolios - > 24 and <= 36 Month,29/05/2015,6.3540768317242E-04
2000042,BONDMATPORT,12036,Fama Maturity Portfolios - > 24 and <= 36 Month,30/06/2015,2.7395454563890E-05
2000042,BONDMATPORT,12036,Fama Maturity Portfolios - > 24 and <= 36 Month,31/07/2015,1.7575915722509E-03
2000042,BONDMATPORT,12036,Fama Maturity Portfolios - > 24 and <= 36 Month,31/08/2015,-1.2223626024280E-03
2000042,BONDMATPORT,12036,Fama Maturity Portfolios - > 24 and <= 36 Month,30/09/2015,5.0214472082495E-03
2000042,BONDMATPORT,12036,Fama Maturity Portfolios - > 24 and <= 36 Month,30/10/2015,-1.7604156804378E-03
2000042,BONDMATPORT,12036,Fama Maturity Portfolios - > 24 and <= 36 Month,30/11/2015,-3.1113680785964E-03
2000042,BONDMATPORT,12036,Fama Maturity Portfolios - > 24 and <= 36 Month,31/12/2015,-9.5128995144877E-04
2000042,BONDMATPORT,12036,Fama Maturity Portfolios - > 24 and <= 36 Month,29/01/2016,8.5526729047477E-03
2000042,BONDMATPORT,12036,Fama Maturity Portfolios - > 24 and <= 36 Month,29/02/2016,2.7304129680788E-03
2000042,BONDMATPORT,12036,Fama Maturity Portfolios - > 24 and <= 36 Month,31/03/2016,1.8678029504004E-03
2000042,BONDMATPORT,12036,Fama Maturity Portfolios - > 24 and <= 36 Month,29/04/2016,-8.0649402110774E-04
2000042,BONDMATPORT,12036,Fama Maturity Portfolios - > 24 and <= 36 Month,31/05/2016,-1.2122867415574E-03
2000042,BONDMATPORT,12036,Fama Maturity Portfolios - > 24 and <= 36 Month,30/06/2016,8.6149721523276E-03
2000042,BONDMATPORT,12036,Fama Maturity Portfolios - > 24 and <= 36 Month,29/07/2016,-6.9160456977800E-04
2000042,BONDMATPORT,12036,Fama Maturity Portfolios - > 24 and <= 36 Month,31/08/2016,-3.2630816235009E-03
2000042,BONDMATPORT,12036,Fama Maturity Portfolios - > 24 and <= 36 Month,30/09/2016,1.8110855735258E-03
2000042,BONDMATPORT,12036,Fama Maturity Portfolios - > 24 and <= 36 Month,31/10/2016,-1.3486745894334E-03
2000042,BONDMATPORT,12036,Fama Maturity Portfolios - > 24 and <= 36 Month,30/11/2016,-6.7696791739781E-03
2000042,BONDMATPORT,12036,Fama Maturity Portfolios - > 24 and <= 36 Month,30/12/2016,2.8680234419961E-04
2000042,BONDMATPORT,12036,Fama Maturity Portfolios - > 24 and <= 36 Month,31/01/2017,7.5581348382237E-04
2000042,BONDMATPORT,12036,Fama Maturity Portfolios - > 24 and <= 36 Month,28/02/2017,4.4447951197852E-04
2000042,BONDMATPORT,12036,Fama Maturity Portfolios - > 24 and <= 36 Month,31/03/2017,2.1789061342622E-03
2000042,BONDMATPORT,12036,Fama Maturity Portfolios - > 24 and <= 36 Month,28/04/2017,2.2530601781331E-03
2000042,BONDMATPORT,12036,Fama Maturity Portfolios - > 24 and <= 36 Month,31/05/2017,1.6711628209827E-03
2000042,BONDMATPORT,12036,Fama Maturity Portfolios - > 24 and <= 36 Month,30/06/2017,-1.1945072079386E-03
2000042,BONDMATPORT,12036,Fama Maturity Portfolios - > 24 and <= 36 Month,31/07/2017,2.5800700820942E-03
2000042,BONDMATPORT,12036,Fama Maturity Portfolios - > 24 and <= 36 Month,31/08/2017,2.8568417920939E-03
2000042,BONDMATPORT,12036,Fama Maturity Portfolios - > 24 and <= 36 Month,29/09/2017,-3.2691906195694E-03
2000042,BONDMATPORT,12036,Fama Maturity Portfolios - > 24 and <= 36 Month,31/10/2017,-9.5168514633413E-04
2000042,BONDMATPORT,12036,Fama Maturity Portfolios - > 24 and <= 36 Month,30/11/2017,-2.4185751523364E-03
2000042,BONDMATPORT,12036,Fama Maturity Portfolios - > 24 and <= 36 Month,29/12/2017,-1.5947162437624E-04
2000042,BONDMATPORT,12036,Fama Maturity Portfolios - > 24 and <= 36 Month,31/01/2018,-5.1554087621704E-03
2000042,BONDMATPORT,12036,Fama Maturity Portfolios - > 24 and <= 36 Month,28/02/2018,-8.9565771262154E-04
2000042,BONDMATPORT,12036,Fama Maturity Portfolios - > 24 and <= 36 Month,29/03/2018,2.2783251210449E-03
2000042,BONDMATPORT,12036,Fama Maturity Portfolios - > 24 and <= 36 Month,30/04/2018,-3.2420795099860E-03
2000042,BONDMATPORT,12036,Fama Maturity Portfolios - > 24 and <= 36 Month,31/05/2018,4.2361522808502E-03
2000042,BONDMATPORT,12036,Fama Maturity Portfolios - > 24 and <= 36 Month,29/06/2018,1.8691996486815E-04
2000042,BONDMATPORT,12036,Fama Maturity Portfolios - > 24 and <= 36 Month,31/07/2018,-9.9254884175941E-04
2000042,BONDMATPORT,12036,Fama Maturity Portfolios - > 24 and <= 36 Month,31/08/2018,4.1607412622121E-03
2000042,BONDMATPORT,12036,Fama Maturity Portfolios - > 24 and <= 36 Month,28/09/2018,-2.4581826868644E-03
2000042,BONDMATPORT,12036,Fama Maturity Portfolios - > 24 and <= 36 Month,31/10/2018,1.6917020576963E-03
2000042,BONDMATPORT,12036,Fama Maturity Portfolios - > 24 and <= 36 Month,30/11/2018,5.0727642986494E-03
2000042,BONDMATPORT,12036,Fama Maturity Portfolios - > 24 and <= 36 Month,31/12/2018,9.9907473120282E-03
2000042,BONDMATPORT,12036,Fama Maturity Portfolios - > 24 and <= 36 Month,31/01/2019,2.5827444167618E-03
2000042,BONDMATPORT,12036,Fama Maturity Portfolios - > 24 and <= 36 Month,28/02/2019,4.0502293697323E-04
2000042,BONDMATPORT,12036,Fama Maturity Portfolios - > 24 and <= 36 Month,29/03/2019,8.2294555275760E-03
2000042,BONDMATPORT,12036,Fama Maturity Portfolios - > 24 and <= 36 Month,30/04/2019,1.7318369877662E-03
2000042,BONDMATPORT,12036,Fama Maturity Portfolios - > 24 and <= 36 Month,31/05/2019,1.0162967088441E-02
2000042,BONDMATPORT,12036,Fama Maturity Portfolios - > 24 and <= 36 Month,28/06/2019,5.0827891120214E-03
2000042,BONDMATPORT,12036,Fama Maturity Portfolios - > 24 and <= 36 Month,31/07/2019,-9.9777080363938E-04
2000042,BONDMATPORT,12036,Fama Maturity Portfolios - > 24 and <= 36 Month,30/08/2019,1.0508847146477E-02
2000042,BONDMATPORT,12036,Fama Maturity Portfolios - > 24 and <= 36 Month,30/09/2019,-2.1353970727258E-03
2000042,BONDMATPORT,12036,Fama Maturity Portfolios - > 24 and <= 36 Month,31/10/2019,3.0661424195394E-03
2000042,BONDMATPORT,12036,Fama Maturity Portfolios - > 24 and <= 36 Month,29/11/2019,-1.0773915277071E-03
2000042,BONDMATPORT,12036,Fama Maturity Portfolios - > 24 and <= 36 Month,31/12/2019,1.7503916473387E-03
2000042,BONDMATPORT,12036,Fama Maturity Portfolios - > 24 and <= 36 Month,31/01/2020,8.3258970860963E-03
2000042,BONDMATPORT,12036,Fama Maturity Portfolios - > 24 and <= 36 Month,28/02/2020,1.0307708351472E-02
2000042,BONDMATPORT,12036,Fama Maturity Portfolios - > 24 and <= 36 Month,31/03/2020,1.6202662417813E-02
2000042,BONDMATPORT,12036,Fama Maturity Portfolios - > 24 and <= 36 Month,30/04/2020,1.3287392403452E-03
2000042,BONDMATPORT,12036,Fama Maturity Portfolios - > 24 and <= 36 Month,29/05/2020,1.2977782449856E-03
2000042,BONDMATPORT,12036,Fama Maturity Portfolios - > 24 and <= 36 Month,30/06/2020,8.0428738575056E-04
2000042,BONDMATPORT,12036,Fama Maturity Portfolios - > 24 and <= 36 Month,31/07/2020,1.3022433032983E-03
2000042,BONDMATPORT,12036,Fama Maturity Portfolios - > 24 and <= 36 Month,31/08/2020,-5.2227557713664E-04
2000042,BONDMATPORT,12036,Fama Maturity Portfolios - > 24 and <= 36 Month,30/09/2020,9.0238212932930E-05
2000042,BONDMATPORT,12036,Fama Maturity Portfolios - > 24 and <= 36 Month,30/10/2020,-7.3282865700157E-04
2000042,BONDMATPORT,12036,Fama Maturity Portfolios - > 24 and <= 36 Month,30/11/2020,5.4620353680935E-04
2000042,BONDMATPORT,12036,Fama Maturity Portfolios - > 24 and <= 36 Month,31/12/2020,8.1974632215964E-04
2000042,BONDMATPORT,12036,Fama Maturity Portfolios - > 24 and <= 36 Month,29/01/2021,1.9155146120686E-04
2000042,BONDMATPORT,12036,Fama Maturity Portfolios - > 24 and <= 36 Month,26/02/2021,-1.3993029386594E-03
2000042,BONDMATPORT,12036,Fama Maturity Portfolios - > 24 and <= 36 Month,31/03/2021,-4.2777922791162E-04
2000042,BONDMATPORT,12036,Fama Maturity Portfolios - > 24 and <= 36 Month,30/04/2021,7.3310992392241E-04
2000042,BONDMATPORT,12036,Fama Maturity Portfolios - > 24 and <= 36 Month,28/05/2021,1.2462967909102E-03
2000042,BONDMATPORT,12036,Fama Maturity Portfolios - > 24 and <= 36 Month,30/06/2021,-2.6391671480566E-03
2000042,BONDMATPORT,12036,Fama Maturity Portfolios - > 24 and <= 36 Month,30/07/2021,2.9653391203053E-03
2000042,BONDMATPORT,12036,Fama Maturity Portfolios - > 24 and <= 36 Month,31/08/2021,-8.2327190000865E-04
2000042,BONDMATPORT,12036,Fama Maturity Portfolios - > 24 and <= 36 Month,30/09/2021,-1.1673760266095E-03
2000042,BONDMATPORT,12036,Fama Maturity Portfolios - > 24 and <= 36 Month,29/10/2021,-5.2992002415024E-03
2000042,BONDMATPORT,12036,Fama Maturity Portfolios - > 24 and <= 36 Month,30/11/2021,-6.9816375637505E-04
2000042,BONDMATPORT,12036,Fama Maturity Portfolios - > 24 and <= 36 Month,31/12/2021,-2.2403272926203E-03
2000042,BONDMATPORT,12036,Fama Maturity Portfolios - > 24 and <= 36 Month,31/01/2022,-8.9203093388170E-03
2000042,BONDMATPORT,12036,Fama Maturity Portfolios - > 24 and <= 36 Month,28/02/2022,-5.2033080731006E-03
2000042,BONDMATPORT,12036,Fama Maturity Portfolios - > 24 and <= 36 Month,31/03/2022,-2.0191975357557E-02
2000042,BONDMATPORT,12036,Fama Maturity Portfolios - > 24 and <= 36 Month,29/04/2022,-6.5731176981952E-03
2000042,BONDMATPORT,12036,Fama Maturity Portfolios - > 24 and <= 36 Month,31/05/2022,7.1924864497276E-03
2000042,BONDMATPORT,12036,Fama Maturity Portfolios - > 24 and <= 36 Month,30/06/2022,-5.7206484699137E-03
2000042,BONDMATPORT,12036,Fama Maturity Portfolios - > 24 and <= 36 Month,29/07/2022,6.1007411037989E-03
2000042,BONDMATPORT,12036,Fama Maturity Portfolios - > 24 and <= 36 Month,31/08/2022,-1.3110558485448E-02
2000042,BONDMATPORT,12036,Fama Maturity Portfolios - > 24 and <= 36 Month,30/09/2022,-1.5901495694195E-02
2000042,BONDMATPORT,12036,Fama Maturity Portfolios - > 24 and <= 36 Month,31/10/2022,2.8380577780816E-05
2000042,BONDMATPORT,12036,Fama Maturity Portfolios - > 24 and <= 36 Month,30/11/2022,1.0874515987252E-02
2000042,BONDMATPORT,12036,Fama Maturity Portfolios - > 24 and <= 36 Month,30/12/2022,-9.2127905222125E-04
2000042,BONDMATPORT,12036,Fama Maturity Portfolios - > 24 and <= 36 Month,31/01/2023,1.0074071824673E-02
2000042,BONDMATPORT,12036,Fama Maturity Portfolios - > 24 and <= 36 Month,28/02/2023,-1.2141589641441E-02
2000042,BONDMATPORT,12036,Fama Maturity Portfolios - > 24 and <= 36 Month,31/03/2023,2.1080510274858E-02
2000042,BONDMATPORT,12036,Fama Maturity Portfolios - > 24 and <= 36 Month,28/04/2023,3.8074497411242E-03
2000042,BONDMATPORT,12036,Fama Maturity Portfolios - > 24 and <= 36 Month,31/05/2023,-5.5294162736547E-03
2000042,BONDMATPORT,12036,Fama Maturity Portfolios - > 24 and <= 36 Month,30/06/2023,-9.0016664889092E-03
2000042,BONDMATPORT,12036,Fama Maturity Portfolios - > 24 and <= 36 Month,31/07/2023,3.3942076269946E-03
2000042,BONDMATPORT,12036,Fama Maturity Portfolios - > 24 and <= 36 Month,31/08/2023,3.1316811830127E-03
2000042,BONDMATPORT,12036,Fama Maturity Portfolios - > 24 and <= 36 Month,29/09/2023,-2.2255536242078E-03
2000042,BONDMATPORT,12036,Fama Maturity Portfolios - > 24 and <= 36 Month,31/10/2023,1.8909028163834E-03
2000042,BONDMATPORT,12036,Fama Maturity Portfolios - > 24 and <= 36 Month,30/11/2023,1.4662911697563E-02
2000042,BONDMATPORT,12036,Fama Maturity Portfolios - > 24 and <= 36 Month,29/12/2023,1.3169276981544E-02
2000042,BONDMATPORT,12036,Fama Maturity Portfolios - > 24 and <= 36 Month,31/01/2024,3.9476084237343E-03
2000042,BONDMATPORT,12036,Fama Maturity Portfolios - > 24 and <= 36 Month,29/02/2024,-7.2704459384830E-03
2000042,BONDMATPORT,12036,Fama Maturity Portfolios - > 24 and <= 36 Month,28/03/2024,2.8383597379382E-03
2000042,BONDMATPORT,12036,Fama Maturity Portfolios - > 24 and <= 36 Month,30/04/2024,-6.7184506200405E-03
2000042,BONDMATPORT,12036,Fama Maturity Portfolios - > 24 and <= 36 Month,31/05/2024,8.5627427153868E-03
2000042,BONDMATPORT,12036,Fama Maturity Portfolios - > 24 and <= 36 Month,28/06/2024,6.1699143416962E-03
2000042,BONDMATPORT,12036,Fama Maturity Portfolios - > 24 and <= 36 Month,31/07/2024,1.5116391357920E-02
2000042,BONDMATPORT,12036,Fama Maturity Portfolios - > 24 and <= 36 Month,30/08/2024,1.0295337574868E-02
2000042,BONDMATPORT,12036,Fama Maturity Portfolios - > 24 and <= 36 Month,30/09/2024,8.5388895232581E-03
2000042,BONDMATPORT,12036,Fama Maturity Portfolios - > 24 and <= 36 Month,31/10/2024,-9.6542206493065E-03
2000042,BONDMATPORT,12036,Fama Maturity Portfolios - > 24 and <= 36 Month,29/11/2024,3.4835714821439E-03
2000042,BONDMATPORT,12036,Fama Maturity Portfolios - > 24 and <= 36 Month,31/12/2024,1.9336850459417E-04
2000042,BONDMATPORT,12036,Fama Maturity Portfolios - > 24 and <= 36 Month,31/01/2025,4.7584785735113E-03
2000042,BONDMATPORT,12036,Fama Maturity Portfolios - > 24 and <= 36 Month,28/02/2025,9.0790496620511E-03
2000042,BONDMATPORT,12036,Fama Maturity Portfolios - > 24 and <= 36 Month,31/03/2025,5.2294338107308E-03
2000042,BONDMATPORT,12036,Fama Maturity Portfolios - > 24 and <= 36 Month,30/04/2025,1.0196462621708E-02
2000042,BONDMATPORT,12036,Fama Maturity Portfolios - > 24 and <= 36 Month,30/05/2025,-3.7926851023984E-03
2000042,BONDMATPORT,12036,Fama Maturity Portfolios - > 24 and <= 36 Month,30/06/2025,7.1840985833495E-03
2000042,BONDMATPORT,12036,Fama Maturity Portfolios - > 24 and <= 36 Month,31/07/2025,-1.4590222194378E-03
2000042,BONDMATPORT,12036,Fama Maturity Portfolios - > 24 and <= 36 Month,29/08/2025,1.0179951176359E-02
2000042,BONDMATPORT,12036,Fama Maturity Portfolios - > 24 and <= 36 Month,30/09/2025,2.4829654539858E-03
2000042,BONDMATPORT,12036,Fama Maturity Portfolios - > 24 and <= 36 Month,31/10/2025,3.6333906372467E-03
2000042,BONDMATPORT,12036,Fama Maturity Portfolios - > 24 and <= 36 Month,28/11/2025,5.0952264780596E-03
2000042,BONDMATPORT,12036,Fama Maturity Portfolios - > 24 and <= 36 Month,31/12/2025,2.6754498553826E-03
2000043,BONDMATPORT,12048,Fama Maturity Portfolios - > 36 and <= 48 Month,31/01/2000,-3.2961621758237E-03
2000043,BONDMATPORT,12048,Fama Maturity Portfolios - > 36 and <= 48 Month,29/02/2000,7.2283233712603E-03
2000043,BONDMATPORT,12048,Fama Maturity Portfolios - > 36 and <= 48 Month,31/03/2000,1.1706292361167E-02
2000043,BONDMATPORT,12048,Fama Maturity Portfolios - > 36 and <= 48 Month,28/04/2000,-5.3241223680523E-04
2000043,BONDMATPORT,12048,Fama Maturity Portfolios - > 36 and <= 48 Month,31/05/2000,4.7903753136750E-03
2000043,BONDMATPORT,12048,Fama Maturity Portfolios - > 36 and <= 48 Month,30/06/2000,1.4552617336863E-02
2000043,BONDMATPORT,12048,Fama Maturity Portfolios - > 36 and <= 48 Month,31/07/2000,5.7362195473028E-03
2000043,BONDMATPORT,12048,Fama Maturity Portfolios - > 36 and <= 48 Month,31/08/2000,1.1675316911921E-02
2000043,BONDMATPORT,12048,Fama Maturity Portfolios - > 36 and <= 48 Month,29/09/2000,9.3773406585814E-03
2000043,BONDMATPORT,12048,Fama Maturity Portfolios - > 36 and <= 48 Month,31/10/2000,6.1912850566408E-03
2000043,BONDMATPORT,12048,Fama Maturity Portfolios - > 36 and <= 48 Month,30/11/2000,1.3884840092480E-02
2000043,BONDMATPORT,12048,Fama Maturity Portfolios - > 36 and <= 48 Month,29/12/2000,1.7622170370954E-02
2000043,BONDMATPORT,12048,Fama Maturity Portfolios - > 36 and <= 48 Month,31/01/2001,1.4674904539358E-02
2000043,BONDMATPORT,12048,Fama Maturity Portfolios - > 36 and <= 48 Month,28/02/2001,8.5702951367403E-03
2000043,BONDMATPORT,12048,Fama Maturity Portfolios - > 36 and <= 48 Month,30/03/2001,8.1257154403918E-03
2000043,BONDMATPORT,12048,Fama Maturity Portfolios - > 36 and <= 48 Month,30/04/2001,-2.4843138078543E-03
2000043,BONDMATPORT,12048,Fama Maturity Portfolios - > 36 and <= 48 Month,31/05/2001,4.9801010771598E-03
2000043,BONDMATPORT,12048,Fama Maturity Portfolios - > 36 and <= 48 Month,29/06/2001,2.5889048405251E-03
2000043,BONDMATPORT,12048,Fama Maturity Portfolios - > 36 and <= 48 Month,31/07/2001,1.7778603382770E-02
2000043,BONDMATPORT,12048,Fama Maturity Portfolios - > 36 and <= 48 Month,31/08/2001,9.4800566963937E-03
2000043,BONDMATPORT,12048,Fama Maturity Portfolios - > 36 and <= 48 Month,28/09/2001,2.2396136754467E-02
2000043,BONDMATPORT,12048,Fama Maturity Portfolios - > 36 and <= 48 Month,31/10/2001,1.7707552411106E-02
2000043,BONDMATPORT,12048,Fama Maturity Portfolios - > 36 and <= 48 Month,30/11/2001,-1.3534108571038E-02
2000043,BONDMATPORT,12048,Fama Maturity Portfolios - > 36 and <= 48 Month,31/12/2001,-5.3269156801098E-03
2000043,BONDMATPORT,12048,Fama Maturity Portfolios - > 36 and <= 48 Month,31/01/2002,4.1841787856157E-03
2000043,BONDMATPORT,12048,Fama Maturity Portfolios - > 36 and <= 48 Month,28/02/2002,9.2982265353933E-03
2000043,BONDMATPORT,12048,Fama Maturity Portfolios - > 36 and <= 48 Month,28/03/2002,-1.6678867154912E-02
2000043,BONDMATPORT,12048,Fama Maturity Portfolios - > 36 and <= 48 Month,30/04/2002,1.8667061851827E-02
2000043,BONDMATPORT,12048,Fama Maturity Portfolios - > 36 and <= 48 Month,31/05/2002,9.5087436052119E-03
2000043,BONDMATPORT,12048,Fama Maturity Portfolios - > 36 and <= 48 Month,28/06/2002,1.2741609637380E-02
2000043,BONDMATPORT,12048,Fama Maturity Portfolios - > 36 and <= 48 Month,31/07/2002,2.3257280046391E-02
2000043,BONDMATPORT,12048,Fama Maturity Portfolios - > 36 and <= 48 Month,30/08/2002,1.2253556265539E-02
2000043,BONDMATPORT,12048,Fama Maturity Portfolios - > 36 and <= 48 Month,30/09/2002,1.9779976855663E-02
2000043,BONDMATPORT,12048,Fama Maturity Portfolios - > 36 and <= 48 Month,31/10/2002,-6.8614174168319E-04
2000043,BONDMATPORT,12048,Fama Maturity Portfolios - > 36 and <= 48 Month,29/11/2002,-1.2936958046217E-02
2000043,BONDMATPORT,12048,Fama Maturity Portfolios - > 36 and <= 48 Month,31/12/2002,2.1626089654799E-02
2000043,BONDMATPORT,12048,Fama Maturity Portfolios - > 36 and <= 48 Month,31/01/2003,-2.8550940975347E-03
2000043,BONDMATPORT,12048,Fama Maturity Portfolios - > 36 and <= 48 Month,28/02/2003,1.2659004685878E-02
2000043,BONDMATPORT,12048,Fama Maturity Portfolios - > 36 and <= 48 Month,31/03/2003,1.1071681751252E-03
2000043,BONDMATPORT,12048,Fama Maturity Portfolios - > 36 and <= 48 Month,30/04/2003,2.7372722538199E-03
2000043,BONDMATPORT,12048,Fama Maturity Portfolios - > 36 and <= 48 Month,30/05/2003,1.6894820516943E-02
2000043,BONDMATPORT,12048,Fama Maturity Portfolios - > 36 and <= 48 Month,30/06/2003,-3.0369958716501E-04
2000043,BONDMATPORT,12048,Fama Maturity Portfolios - > 36 and <= 48 Month,31/07/2003,-1.9876994774575E-02
2000043,BONDMATPORT,12048,Fama Maturity Portfolios - > 36 and <= 48 Month,29/08/2003,-3.4145285505083E-03
2000043,BONDMATPORT,12048,Fama Maturity Portfolios - > 36 and <= 48 Month,30/09/2003,2.3606639776347E-02
2000043,BONDMATPORT,12048,Fama Maturity Portfolios - > 36 and <= 48 Month,31/10/2003,-1.0479224827238E-02
2000043,BONDMATPORT,12048,Fama Maturity Portfolios - > 36 and <= 48 Month,28/11/2003,-2.0361300044660E-03
2000043,BONDMATPORT,12048,Fama Maturity Portfolios - > 36 and <= 48 Month,31/12/2003,9.6700091657906E-03
2000043,BONDMATPORT,12048,Fama Maturity Portfolios - > 36 and <= 48 Month,30/01/2004,4.4819289962128E-03
2000043,BONDMATPORT,12048,Fama Maturity Portfolios - > 36 and <= 48 Month,27/02/2004,1.0018113724949E-02
2000043,BONDMATPORT,12048,Fama Maturity Portfolios - > 36 and <= 48 Month,31/03/2004,8.1556180176135E-03
2000043,BONDMATPORT,12048,Fama Maturity Portfolios - > 36 and <= 48 Month,30/04/2004,-2.4396752835548E-02
2000043,BONDMATPORT,12048,Fama Maturity Portfolios - > 36 and <= 48 Month,28/05/2004,-3.7090060323809E-03
2000043,BONDMATPORT,12048,Fama Maturity Portfolios - > 36 and <= 48 Month,30/06/2004,3.4452906647834E-03
2000043,BONDMATPORT,12048,Fama Maturity Portfolios - > 36 and <= 48 Month,30/07/2004,5.2969906001735E-03
2000043,BONDMATPORT,12048,Fama Maturity Portfolios - > 36 and <= 48 Month,31/08/2004,1.6531467107376E-02
2000043,BONDMATPORT,12048,Fama Maturity Portfolios - > 36 and <= 48 Month,30/09/2004,-9.7074868720512E-04
2000043,BONDMATPORT,12048,Fama Maturity Portfolios - > 36 and <= 48 Month,29/10/2004,5.7780305301024E-03
2000043,BONDMATPORT,12048,Fama Maturity Portfolios - > 36 and <= 48 Month,30/11/2004,-1.1095878543692E-02
2000043,BONDMATPORT,12048,Fama Maturity Portfolios - > 36 and <= 48 Month,31/12/2004,4.4488551205599E-03
2000043,BONDMATPORT,12048,Fama Maturity Portfolios - > 36 and <= 48 Month,31/01/2005,-1.0922810188191E-03
2000043,BONDMATPORT,12048,Fama Maturity Portfolios - > 36 and <= 48 Month,28/02/2005,-8.3066633334976E-03
2000043,BONDMATPORT,12048,Fama Maturity Portfolios - > 36 and <= 48 Month,31/03/2005,-1.9839645321311E-03
2000043,BONDMATPORT,12048,Fama Maturity Portfolios - > 36 and <= 48 Month,29/04/2005,1.1118892921787E-02
2000043,BONDMATPORT,12048,Fama Maturity Portfolios - > 36 and <= 48 Month,31/05/2005,7.8170810351564E-03
2000043,BONDMATPORT,12048,Fama Maturity Portfolios - > 36 and <= 48 Month,30/06/2005,3.0364657838707E-03
2000043,BONDMATPORT,12048,Fama Maturity Portfolios - > 36 and <= 48 Month,29/07/2005,-1.0826347539828E-02
2000043,BONDMATPORT,12048,Fama Maturity Portfolios - > 36 and <= 48 Month,31/08/2005,1.2257174028947E-02
2000043,BONDMATPORT,12048,Fama Maturity Portfolios - > 36 and <= 48 Month,30/09/2005,-8.2471155930825E-03
2000043,BONDMATPORT,12048,Fama Maturity Portfolios - > 36 and <= 48 Month,31/10/2005,-4.3762662054083E-03
2000043,BONDMATPORT,12048,Fama Maturity Portfolios - > 36 and <= 48 Month,30/11/2005,4.8032683361766E-03
2000043,BONDMATPORT,12048,Fama Maturity Portfolios - > 36 and <= 48 Month,30/12/2005,4.7404860022363E-03
2000043,BONDMATPORT,12048,Fama Maturity Portfolios - > 36 and <= 48 Month,31/01/2006,-5.4229716469247E-05
2000043,BONDMATPORT,12048,Fama Maturity Portfolios - > 36 and <= 48 Month,28/02/2006,-1.5559116320051E-03
2000043,BONDMATPORT,12048,Fama Maturity Portfolios - > 36 and <= 48 Month,31/03/2006,-1.6336931179884E-03
2000043,BONDMATPORT,12048,Fama Maturity Portfolios - > 36 and <= 48 Month,28/04/2006,1.6924011469282E-03
2000043,BONDMATPORT,12048,Fama Maturity Portfolios - > 36 and <= 48 Month,31/05/2006,1.0816227645520E-04
2000043,BONDMATPORT,12048,Fama Maturity Portfolios - > 36 and <= 48 Month,30/06/2006,1.3950024574533E-03
2000043,BONDMATPORT,12048,Fama Maturity Portfolios - > 36 and <= 48 Month,31/07/2006,1.0521272774146E-02
2000043,BONDMATPORT,12048,Fama Maturity Portfolios - > 36 and <= 48 Month,31/08/2006,1.0912503405789E-02
2000043,BONDMATPORT,12048,Fama Maturity Portfolios - > 36 and <= 48 Month,29/09/2006,7.0030211679177E-03
2000043,BONDMATPORT,12048,Fama Maturity Portfolios - > 36 and <= 48 Month,31/10/2006,4.2656983229175E-03
2000043,BONDMATPORT,12048,Fama Maturity Portfolios - > 36 and <= 48 Month,30/11/2006,7.3326238374931E-03
2000043,BONDMATPORT,12048,Fama Maturity Portfolios - > 36 and <= 48 Month,29/12/2006,-3.9911901575221E-03
2000043,BONDMATPORT,12048,Fama Maturity Portfolios - > 36 and <= 48 Month,31/01/2007,6.4142367870205E-04
2000043,BONDMATPORT,12048,Fama Maturity Portfolios - > 36 and <= 48 Month,28/02/2007,1.2457116367981E-02
2000043,BONDMATPORT,12048,Fama Maturity Portfolios - > 36 and <= 48 Month,30/03/2007,3.7346100992494E-03
2000043,BONDMATPORT,12048,Fama Maturity Portfolios - > 36 and <= 48 Month,30/04/2007,4.8436378053087E-03
2000043,BONDMATPORT,12048,Fama Maturity Portfolios - > 36 and <= 48 Month,31/05/2007,-7.2884006785651E-03
2000043,BONDMATPORT,12048,Fama Maturity Portfolios - > 36 and <= 48 Month,29/06/2007,2.5663387334004E-03
2000043,BONDMATPORT,12048,Fama Maturity Portfolios - > 36 and <= 48 Month,31/07/2007,1.5852608856819E-02
2000043,BONDMATPORT,12048,Fama Maturity Portfolios - > 36 and <= 48 Month,31/08/2007,1.3839523308435E-02
2000043,BONDMATPORT,12048,Fama Maturity Portfolios - > 36 and <= 48 Month,28/09/2007,6.8382962755689E-03
2000043,BONDMATPORT,12048,Fama Maturity Portfolios - > 36 and <= 48 Month,31/10/2007,6.4435710140615E-03
2000043,BONDMATPORT,12048,Fama Maturity Portfolios - > 36 and <= 48 Month,30/11/2007,3.1482478448251E-02
2000043,BONDMATPORT,12048,Fama Maturity Portfolios - > 36 and <= 48 Month,31/12/2007,1.5664401555023E-03
2000043,BONDMATPORT,12048,Fama Maturity Portfolios - > 36 and <= 48 Month,31/01/2008,2.9669209521301E-02
2000043,BONDMATPORT,12048,Fama Maturity Portfolios - > 36 and <= 48 Month,29/02/2008,1.4423033415213E-02
2000043,BONDMATPORT,12048,Fama Maturity Portfolios - > 36 and <= 48 Month,31/03/2008,4.4931542954303E-03
2000043,BONDMATPORT,12048,Fama Maturity Portfolios - > 36 and <= 48 Month,30/04/2008,-1.8188052306196E-02
2000043,BONDMATPORT,12048,Fama Maturity Portfolios - > 36 and <= 48 Month,30/05/2008,-1.2781858598514E-02
2000043,BONDMATPORT,12048,Fama Maturity Portfolios - > 36 and <= 48 Month,30/06/2008,5.6195041295924E-03
2000043,BONDMATPORT,12048,Fama Maturity Portfolios - > 36 and <= 48 Month,31/07/2008,7.3896768359757E-03
2000043,BONDMATPORT,12048,Fama Maturity Portfolios - > 36 and <= 48 Month,29/08/2008,7.9786055117245E-03
2000043,BONDMATPORT,12048,Fama Maturity Portfolios - > 36 and <= 48 Month,30/09/2008,1.1049544812463E-02
2000043,BONDMATPORT,12048,Fama Maturity Portfolios - > 36 and <= 48 Month,31/10/2008,2.0377343155909E-02
2000043,BONDMATPORT,12048,Fama Maturity Portfolios - > 36 and <= 48 Month,28/11/2008,2.7767105487829E-02
2000043,BONDMATPORT,12048,Fama Maturity Portfolios - > 36 and <= 48 Month,31/12/2008,4.5877229416225E-03
2000043,BONDMATPORT,12048,Fama Maturity Portfolios - > 36 and <= 48 Month,30/01/2009,-9.4975441519793E-03
2000043,BONDMATPORT,12048,Fama Maturity Portfolios - > 36 and <= 48 Month,27/02/2009,-1.4633458466142E-03
2000043,BONDMATPORT,12048,Fama Maturity Portfolios - > 36 and <= 48 Month,31/03/2009,1.0981878971386E-02
2000043,BONDMATPORT,12048,Fama Maturity Portfolios - > 36 and <= 48 Month,30/04/2009,-7.3390420988459E-03
2000043,BONDMATPORT,12048,Fama Maturity Portfolios - > 36 and <= 48 Month,29/05/2009,-2.1284893450899E-04
2000043,BONDMATPORT,12048,Fama Maturity Portfolios - > 36 and <= 48 Month,30/06/2009,-6.0097677321651E-03
2000043,BONDMATPORT,12048,Fama Maturity Portfolios - > 36 and <= 48 Month,31/07/2009,4.3853795005200E-03
2000043,BONDMATPORT,12048,Fama Maturity Portfolios - > 36 and <= 48 Month,31/08/2009,7.3650048339265E-03
2000043,BONDMATPORT,12048,Fama Maturity Portfolios - > 36 and <= 48 Month,30/09/2009,4.5278273633501E-03
2000043,BONDMATPORT,12048,Fama Maturity Portfolios - > 36 and <= 48 Month,30/10/2009,2.5779025507011E-03
2000043,BONDMATPORT,12048,Fama Maturity Portfolios - > 36 and <= 48 Month,30/11/2009,1.3394942845755E-02
2000043,BONDMATPORT,12048,Fama Maturity Portfolios - > 36 and <= 48 Month,31/12/2009,-1.6854843241954E-02
2000043,BONDMATPORT,12048,Fama Maturity Portfolios - > 36 and <= 48 Month,29/01/2010,1.3812570511291E-02
2000043,BONDMATPORT,12048,Fama Maturity Portfolios - > 36 and <= 48 Month,26/02/2010,2.7009386847634E-03
2000043,BONDMATPORT,12048,Fama Maturity Portfolios - > 36 and <= 48 Month,31/03/2010,-5.4745671600029E-03
2000043,BONDMATPORT,12048,Fama Maturity Portfolios - > 36 and <= 48 Month,30/04/2010,5.9960618508502E-03
2000043,BONDMATPORT,12048,Fama Maturity Portfolios - > 36 and <= 48 Month,28/05/2010,9.6565834111812E-03
2000043,BONDMATPORT,12048,Fama Maturity Portfolios - > 36 and <= 48 Month,30/06/2010,1.3686834996096E-02
2000043,BONDMATPORT,12048,Fama Maturity Portfolios - > 36 and <= 48 Month,30/07/2010,9.1524146614136E-03
2000043,BONDMATPORT,12048,Fama Maturity Portfolios - > 36 and <= 48 Month,31/08/2010,6.6228895401257E-03
2000043,BONDMATPORT,12048,Fama Maturity Portfolios - > 36 and <= 48 Month,30/09/2010,3.3300152577933E-03
2000043,BONDMATPORT,12048,Fama Maturity Portfolios - > 36 and <= 48 Month,29/10/2010,5.9679761472092E-03
2000043,BONDMATPORT,12048,Fama Maturity Portfolios - > 36 and <= 48 Month,30/11/2010,-6.2262156106994E-03
2000043,BONDMATPORT,12048,Fama Maturity Portfolios - > 36 and <= 48 Month,31/12/2010,-1.0298579900670E-02
2000043,BONDMATPORT,12048,Fama Maturity Portfolios - > 36 and <= 48 Month,31/01/2011,5.3003814728240E-03
2000043,BONDMATPORT,12048,Fama Maturity Portfolios - > 36 and <= 48 Month,28/02/2011,-4.9269470752739E-03
2000043,BONDMATPORT,12048,Fama Maturity Portfolios - > 36 and <= 48 Month,31/03/2011,-2.7118397749292E-03
2000043,BONDMATPORT,12048,Fama Maturity Portfolios - > 36 and <= 48 Month,29/04/2011,1.2311121770231E-02
2000043,BONDMATPORT,12048,Fama Maturity Portfolios - > 36 and <= 48 Month,31/05/2011,1.0832029593574E-02
2000043,BONDMATPORT,12048,Fama Maturity Portfolios - > 36 and <= 48 Month,30/06/2011,2.1454773692459E-04
2000043,BONDMATPORT,12048,Fama Maturity Portfolios - > 36 and <= 48 Month,29/07/2011,1.2966061485536E-02
2000043,BONDMATPORT,12048,Fama Maturity Portfolios - > 36 and <= 48 Month,31/08/2011,9.8083494783446E-03
2000043,BONDMATPORT,12048,Fama Maturity Portfolios - > 36 and <= 48 Month,30/09/2011,-9.7171990576084E-04
2000043,BONDMATPORT,12048,Fama Maturity Portfolios - > 36 and <= 48 Month,31/10/2011,1.7090384417804E-03
2000043,BONDMATPORT,12048,Fama Maturity Portfolios - > 36 and <= 48 Month,30/11/2011,7.2622416515029E-04
2000043,BONDMATPORT,12048,Fama Maturity Portfolios - > 36 and <= 48 Month,30/12/2011,2.6144858202765E-03
2000043,BONDMATPORT,12048,Fama Maturity Portfolios - > 36 and <= 48 Month,31/01/2012,4.6421331242792E-03
2000043,BONDMATPORT,12048,Fama Maturity Portfolios - > 36 and <= 48 Month,29/02/2012,-4.3467336043830E-03
2000043,BONDMATPORT,12048,Fama Maturity Portfolios - > 36 and <= 48 Month,30/03/2012,-3.2945875900563E-03
2000043,BONDMATPORT,12048,Fama Maturity Portfolios - > 36 and <= 48 Month,30/04/2012,6.5762072936695E-03
2000043,BONDMATPORT,12048,Fama Maturity Portfolios - > 36 and <= 48 Month,31/05/2012,2.7204473300341E-03
2000043,BONDMATPORT,12048,Fama Maturity Portfolios - > 36 and <= 48 Month,29/06/2012,-1.2273739189366E-03
2000043,BONDMATPORT,12048,Fama Maturity Portfolios - > 36 and <= 48 Month,31/07/2012,5.9611161594973E-03
2000043,BONDMATPORT,12048,Fama Maturity Portfolios - > 36 and <= 48 Month,31/08/2012,4.6707197138257E-04
2000043,BONDMATPORT,12048,Fama Maturity Portfolios - > 36 and <= 48 Month,28/09/2012,-3.1248501336646E-04
2000043,BONDMATPORT,12048,Fama Maturity Portfolios - > 36 and <= 48 Month,31/10/2012,-1.8549365174070E-03
2000043,BONDMATPORT,12048,Fama Maturity Portfolios - > 36 and <= 48 Month,30/11/2012,3.1030672731494E-03
2000043,BONDMATPORT,12048,Fama Maturity Portfolios - > 36 and <= 48 Month,31/12/2012,-1.1315678837021E-03
2000043,BONDMATPORT,12048,Fama Maturity Portfolios - > 36 and <= 48 Month,31/01/2013,-1.4174929971191E-03
2000043,BONDMATPORT,12048,Fama Maturity Portfolios - > 36 and <= 48 Month,28/02/2013,3.5298734886243E-03
2000043,BONDMATPORT,12048,Fama Maturity Portfolios - > 36 and <= 48 Month,28/03/2013,5.3432496180327E-04
2000043,BONDMATPORT,12048,Fama Maturity Portfolios - > 36 and <= 48 Month,30/04/2013,2.9153563288064E-03
2000043,BONDMATPORT,12048,Fama Maturity Portfolios - > 36 and <= 48 Month,31/05/2013,-6.9687800049351E-03
2000043,BONDMATPORT,12048,Fama Maturity Portfolios - > 36 and <= 48 Month,28/06/2013,-6.8869405303128E-03
2000043,BONDMATPORT,12048,Fama Maturity Portfolios - > 36 and <= 48 Month,31/07/2013,3.8270045568715E-03
2000043,BONDMATPORT,12048,Fama Maturity Portfolios - > 36 and <= 48 Month,30/08/2013,-5.7662427804127E-03
2000043,BONDMATPORT,12048,Fama Maturity Portfolios - > 36 and <= 48 Month,30/09/2013,8.7834237813893E-03
2000043,BONDMATPORT,12048,Fama Maturity Portfolios - > 36 and <= 48 Month,31/10/2013,3.2511171681917E-03
2000043,BONDMATPORT,12048,Fama Maturity Portfolios - > 36 and <= 48 Month,29/11/2013,2.1990642667830E-03
2000043,BONDMATPORT,12048,Fama Maturity Portfolios - > 36 and <= 48 Month,31/12/2013,-7.0439802355653E-03
2000043,BONDMATPORT,12048,Fama Maturity Portfolios - > 36 and <= 48 Month,31/01/2014,6.6031635590395E-03
2000043,BONDMATPORT,12048,Fama Maturity Portfolios - > 36 and <= 48 Month,28/02/2014,1.8909344406659E-03
2000043,BONDMATPORT,12048,Fama Maturity Portfolios - > 36 and <= 48 Month,31/03/2014,-5.0820617511125E-03
2000043,BONDMATPORT,12048,Fama Maturity Portfolios - > 36 and <= 48 Month,30/04/2014,3.3947311701706E-03
2000043,BONDMATPORT,12048,Fama Maturity Portfolios - > 36 and <= 48 Month,30/05/2014,5.3089048987228E-03
2000043,BONDMATPORT,12048,Fama Maturity Portfolios - > 36 and <= 48 Month,30/06/2014,-1.1749866259326E-03
2000043,BONDMATPORT,12048,Fama Maturity Portfolios - > 36 and <= 48 Month,31/07/2014,-3.3482375050928E-03
2000043,BONDMATPORT,12048,Fama Maturity Portfolios - > 36 and <= 48 Month,29/08/2014,4.9559843927650E-03
2000043,BONDMATPORT,12048,Fama Maturity Portfolios - > 36 and <= 48 Month,30/09/2014,-1.9911394009238E-03
2000043,BONDMATPORT,12048,Fama Maturity Portfolios - > 36 and <= 48 Month,31/10/2014,6.6395556703636E-03
2000043,BONDMATPORT,12048,Fama Maturity Portfolios - > 36 and <= 48 Month,28/11/2014,5.4372972186117E-03
2000043,BONDMATPORT,12048,Fama Maturity Portfolios - > 36 and <= 48 Month,31/12/2014,-5.2050289470266E-03
2000043,BONDMATPORT,12048,Fama Maturity Portfolios - > 36 and <= 48 Month,30/01/2015,1.5180294405187E-02
2000043,BONDMATPORT,12048,Fama Maturity Portfolios - > 36 and <= 48 Month,27/02/2015,-8.2139787022047E-03
2000043,BONDMATPORT,12048,Fama Maturity Portfolios - > 36 and <= 48 Month,31/03/2015,6.1820485862780E-03
2000043,BONDMATPORT,12048,Fama Maturity Portfolios - > 36 and <= 48 Month,30/04/2015,8.5594828563052E-04
2000043,BONDMATPORT,12048,Fama Maturity Portfolios - > 36 and <= 48 Month,29/05/2015,4.1486369757598E-04
2000043,BONDMATPORT,12048,Fama Maturity Portfolios - > 36 and <= 48 Month,30/06/2015,-1.3648439680751E-03
2000043,BONDMATPORT,12048,Fama Maturity Portfolios - > 36 and <= 48 Month,31/07/2015,3.7371672758336E-03
2000043,BONDMATPORT,12048,Fama Maturity Portfolios - > 36 and <= 48 Month,31/08/2015,-7.7595845150293E-04
2000043,BONDMATPORT,12048,Fama Maturity Portfolios - > 36 and <= 48 Month,30/09/2015,7.9900192433049E-03
2000043,BONDMATPORT,12048,Fama Maturity Portfolios - > 36 and <= 48 Month,30/10/2015,-3.1666929323012E-03
2000043,BONDMATPORT,12048,Fama Maturity Portfolios - > 36 and <= 48 Month,30/11/2015,-3.3981206979813E-03
2000043,BONDMATPORT,12048,Fama Maturity Portfolios - > 36 and <= 48 Month,31/12/2015,-1.7555328669773E-03
2000043,BONDMATPORT,12048,Fama Maturity Portfolios - > 36 and <= 48 Month,29/01/2016,1.4429570580533E-02
2000043,BONDMATPORT,12048,Fama Maturity Portfolios - > 36 and <= 48 Month,29/02/2016,4.0652258546611E-03
2000043,BONDMATPORT,12048,Fama Maturity Portfolios - > 36 and <= 48 Month,31/03/2016,3.2090430493198E-03
2000043,BONDMATPORT,12048,Fama Maturity Portfolios - > 36 and <= 48 Month,29/04/2016,-1.3235974688538E-03
2000043,BONDMATPORT,12048,Fama Maturity Portfolios - > 36 and <= 48 Month,31/05/2016,-1.4661398666319E-03
2000043,BONDMATPORT,12048,Fama Maturity Portfolios - > 36 and <= 48 Month,30/06/2016,1.3030363690126E-02
2000043,BONDMATPORT,12048,Fama Maturity Portfolios - > 36 and <= 48 Month,29/07/2016,-4.8637282338539E-04
2000043,BONDMATPORT,12048,Fama Maturity Portfolios - > 36 and <= 48 Month,31/08/2016,-4.9598317975161E-03
2000043,BONDMATPORT,12048,Fama Maturity Portfolios - > 36 and <= 48 Month,30/09/2016,2.7374862647693E-03
2000043,BONDMATPORT,12048,Fama Maturity Portfolios - > 36 and <= 48 Month,31/10/2016,-2.4787514054975E-03
2000043,BONDMATPORT,12048,Fama Maturity Portfolios - > 36 and <= 48 Month,30/11/2016,-1.3646676230896E-02
2000043,BONDMATPORT,12048,Fama Maturity Portfolios - > 36 and <= 48 Month,30/12/2016,5.5446821892019E-04
2000043,BONDMATPORT,12048,Fama Maturity Portfolios - > 36 and <= 48 Month,31/01/2017,1.8567660969086E-03
2000043,BONDMATPORT,12048,Fama Maturity Portfolios - > 36 and <= 48 Month,28/02/2017,3.5326476546561E-04
2000043,BONDMATPORT,12048,Fama Maturity Portfolios - > 36 and <= 48 Month,31/03/2017,2.7126714477641E-03
2000043,BONDMATPORT,12048,Fama Maturity Portfolios - > 36 and <= 48 Month,28/04/2017,4.3183659914041E-03
2000043,BONDMATPORT,12048,Fama Maturity Portfolios - > 36 and <= 48 Month,31/05/2017,3.0971634971855E-03
2000043,BONDMATPORT,12048,Fama Maturity Portfolios - > 36 and <= 48 Month,30/06/2017,-1.7136097462098E-03
2000043,BONDMATPORT,12048,Fama Maturity Portfolios - > 36 and <= 48 Month,31/07/2017,3.1751746508180E-03
2000043,BONDMATPORT,12048,Fama Maturity Portfolios - > 36 and <= 48 Month,31/08/2017,5.0650433069187E-03
2000043,BONDMATPORT,12048,Fama Maturity Portfolios - > 36 and <= 48 Month,29/09/2017,-5.1458454902191E-03
2000043,BONDMATPORT,12048,Fama Maturity Portfolios - > 36 and <= 48 Month,31/10/2017,-1.1689699115434E-03
2000043,BONDMATPORT,12048,Fama Maturity Portfolios - > 36 and <= 48 Month,30/11/2017,-3.3147507281138E-03
2000043,BONDMATPORT,12048,Fama Maturity Portfolios - > 36 and <= 48 Month,29/12/2017,-6.3254427525263E-04
2000043,BONDMATPORT,12048,Fama Maturity Portfolios - > 36 and <= 48 Month,31/01/2018,-7.8816079864798E-03
2000043,BONDMATPORT,12048,Fama Maturity Portfolios - > 36 and <= 48 Month,28/02/2018,-2.0409841538983E-03
2000043,BONDMATPORT,12048,Fama Maturity Portfolios - > 36 and <= 48 Month,29/03/2018,3.8222662780702E-03
2000043,BONDMATPORT,12048,Fama Maturity Portfolios - > 36 and <= 48 Month,30/04/2018,-5.6305309882213E-03
2000043,BONDMATPORT,12048,Fama Maturity Portfolios - > 36 and <= 48 Month,31/05/2018,5.2762822176066E-03
2000043,BONDMATPORT,12048,Fama Maturity Portfolios - > 36 and <= 48 Month,29/06/2018,5.0313970914117E-04
2000043,BONDMATPORT,12048,Fama Maturity Portfolios - > 36 and <= 48 Month,31/07/2018,-1.5955992686616E-03
2000043,BONDMATPORT,12048,Fama Maturity Portfolios - > 36 and <= 48 Month,31/08/2018,5.1234862838686E-03
2000043,BONDMATPORT,12048,Fama Maturity Portfolios - > 36 and <= 48 Month,28/09/2018,-4.1457512862821E-03
2000043,BONDMATPORT,12048,Fama Maturity Portfolios - > 36 and <= 48 Month,31/10/2018,1.5016009446769E-03
2000043,BONDMATPORT,12048,Fama Maturity Portfolios - > 36 and <= 48 Month,30/11/2018,6.8821634950711E-03
2000043,BONDMATPORT,12048,Fama Maturity Portfolios - > 36 and <= 48 Month,31/12/2018,1.3649106155346E-02
2000043,BONDMATPORT,12048,Fama Maturity Portfolios - > 36 and <= 48 Month,31/01/2019,3.5400952030331E-03
2000043,BONDMATPORT,12048,Fama Maturity Portfolios - > 36 and <= 48 Month,28/02/2019,-4.2615160410338E-04
2000043,BONDMATPORT,12048,Fama Maturity Portfolios - > 36 and <= 48 Month,29/03/2019,1.1312020163059E-02
2000043,BONDMATPORT,12048,Fama Maturity Portfolios - > 36 and <= 48 Month,30/04/2019,1.1486800998024E-03
2000043,BONDMATPORT,12048,Fama Maturity Portfolios - > 36 and <= 48 Month,31/05/2019,1.3751860153036E-02
2000043,BONDMATPORT,12048,Fama Maturity Portfolios - > 36 and <= 48 Month,28/06/2019,6.7032848674944E-03
2000043,BONDMATPORT,12048,Fama Maturity Portfolios - > 36 and <= 48 Month,31/07/2019,-1.4818838482773E-03
2000043,BONDMATPORT,12048,Fama Maturity Portfolios - > 36 and <= 48 Month,30/08/2019,1.5070757642023E-02
2000043,BONDMATPORT,12048,Fama Maturity Portfolios - > 36 and <= 48 Month,30/09/2019,-3.6347247466850E-03
2000043,BONDMATPORT,12048,Fama Maturity Portfolios - > 36 and <= 48 Month,31/10/2019,2.8959999731051E-03
2000043,BONDMATPORT,12048,Fama Maturity Portfolios - > 36 and <= 48 Month,29/11/2019,-2.0981820905779E-03
2000043,BONDMATPORT,12048,Fama Maturity Portfolios - > 36 and <= 48 Month,31/12/2019,8.0469691043627E-04
2000043,BONDMATPORT,12048,Fama Maturity Portfolios - > 36 and <= 48 Month,31/01/2020,1.2785072182382E-02
2000043,BONDMATPORT,12048,Fama Maturity Portfolios - > 36 and <= 48 Month,28/02/2020,1.3625986558200E-02
2000043,BONDMATPORT,12048,Fama Maturity Portfolios - > 36 and <= 48 Month,31/03/2020,2.0789449488393E-02
2000043,BONDMATPORT,12048,Fama Maturity Portfolios - > 36 and <= 48 Month,30/04/2020,1.6055910836150E-03
2000043,BONDMATPORT,12048,Fama Maturity Portfolios - > 36 and <= 48 Month,29/05/2020,2.4843987679533E-03
2000043,BONDMATPORT,12048,Fama Maturity Portfolios - > 36 and <= 48 Month,30/06/2020,1.4944198756487E-03
2000043,BONDMATPORT,12048,Fama Maturity Portfolios - > 36 and <= 48 Month,31/07/2020,1.7902717700443E-03
2000043,BONDMATPORT,12048,Fama Maturity Portfolios - > 36 and <= 48 Month,31/08/2020,-9.1588993388156E-04
2000043,BONDMATPORT,12048,Fama Maturity Portfolios - > 36 and <= 48 Month,30/09/2020,2.0159115498697E-04
2000043,BONDMATPORT,12048,Fama Maturity Portfolios - > 36 and <= 48 Month,30/10/2020,-1.7050737014218E-03
2000043,BONDMATPORT,12048,Fama Maturity Portfolios - > 36 and <= 48 Month,30/11/2020,9.0956591482250E-04
2000043,BONDMATPORT,12048,Fama Maturity Portfolios - > 36 and <= 48 Month,31/12/2020,1.3462940249348E-03
2000043,BONDMATPORT,12048,Fama Maturity Portfolios - > 36 and <= 48 Month,29/01/2021,-4.7186199609326E-04
2000043,BONDMATPORT,12048,Fama Maturity Portfolios - > 36 and <= 48 Month,26/02/2021,-5.3614247559369E-03
2000043,BONDMATPORT,12048,Fama Maturity Portfolios - > 36 and <= 48 Month,31/03/2021,-2.4959912856149E-03
2000043,BONDMATPORT,12048,Fama Maturity Portfolios - > 36 and <= 48 Month,30/04/2021,2.6104884599917E-03
2000043,BONDMATPORT,12048,Fama Maturity Portfolios - > 36 and <= 48 Month,28/05/2021,2.2281501790907E-03
2000043,BONDMATPORT,12048,Fama Maturity Portfolios - > 36 and <= 48 Month,30/06/2021,-3.3843943207624E-03
2000043,BONDMATPORT,12048,Fama Maturity Portfolios - > 36 and <= 48 Month,30/07/2021,5.1928970949216E-03
2000043,BONDMATPORT,12048,Fama Maturity Portfolios - > 36 and <= 48 Month,31/08/2021,-1.4569326227536E-03
2000043,BONDMATPORT,12048,Fama Maturity Portfolios - > 36 and <= 48 Month,30/09/2021,-3.0994186761382E-03
2000043,BONDMATPORT,12048,Fama Maturity Portfolios - > 36 and <= 48 Month,29/10/2021,-7.1545330131635E-03
2000043,BONDMATPORT,12048,Fama Maturity Portfolios - > 36 and <= 48 Month,30/11/2021,-7.3567816653769E-04
2000043,BONDMATPORT,12048,Fama Maturity Portfolios - > 36 and <= 48 Month,31/12/2021,-2.2219540909637E-03
2000043,BONDMATPORT,12048,Fama Maturity Portfolios - > 36 and <= 48 Month,31/01/2022,-1.1581175548556E-02
2000043,BONDMATPORT,12048,Fama Maturity Portfolios - > 36 and <= 48 Month,28/02/2022,-5.5286660912647E-03
2000043,BONDMATPORT,12048,Fama Maturity Portfolios - > 36 and <= 48 Month,31/03/2022,-2.6714982122679E-02
2000043,BONDMATPORT,12048,Fama Maturity Portfolios - > 36 and <= 48 Month,29/04/2022,-1.1158694769178E-02
2000043,BONDMATPORT,12048,Fama Maturity Portfolios - > 36 and <= 48 Month,31/05/2022,8.0366703197562E-03
2000043,BONDMATPORT,12048,Fama Maturity Portfolios - > 36 and <= 48 Month,30/06/2022,-6.3956967089665E-03
2000043,BONDMATPORT,12048,Fama Maturity Portfolios - > 36 and <= 48 Month,29/07/2022,1.1659680582186E-02
2000043,BONDMATPORT,12048,Fama Maturity Portfolios - > 36 and <= 48 Month,31/08/2022,-2.1904767781493E-02
2000043,BONDMATPORT,12048,Fama Maturity Portfolios - > 36 and <= 48 Month,30/09/2022,-2.2203694244155E-02
2000043,BONDMATPORT,12048,Fama Maturity Portfolios - > 36 and <= 48 Month,31/10/2022,-1.2155512252002E-03
2000043,BONDMATPORT,12048,Fama Maturity Portfolios - > 36 and <= 48 Month,30/11/2022,1.7959921881865E-02
2000043,BONDMATPORT,12048,Fama Maturity Portfolios - > 36 and <= 48 Month,30/12/2022,-3.1648514900396E-03
2000043,BONDMATPORT,12048,Fama Maturity Portfolios - > 36 and <= 48 Month,31/01/2023,1.4811037835354E-02
2000043,BONDMATPORT,12048,Fama Maturity Portfolios - > 36 and <= 48 Month,28/02/2023,-1.7347222613729E-02
2000043,BONDMATPORT,12048,Fama Maturity Portfolios - > 36 and <= 48 Month,31/03/2023,2.4806920675257E-02
2000043,BONDMATPORT,12048,Fama Maturity Portfolios - > 36 and <= 48 Month,28/04/2023,6.4945113780858E-03
2000043,BONDMATPORT,12048,Fama Maturity Portfolios - > 36 and <= 48 Month,31/05/2023,-7.8037159536222E-03
2000043,BONDMATPORT,12048,Fama Maturity Portfolios - > 36 and <= 48 Month,30/06/2023,-1.1476607740108E-02
2000043,BONDMATPORT,12048,Fama Maturity Portfolios - > 36 and <= 48 Month,31/07/2023,3.3244959148219E-03
2000043,BONDMATPORT,12048,Fama Maturity Portfolios - > 36 and <= 48 Month,31/08/2023,1.3689743587162E-03
2000043,BONDMATPORT,12048,Fama Maturity Portfolios - > 36 and <= 48 Month,29/09/2023,-6.1982592402607E-03
2000043,BONDMATPORT,12048,Fama Maturity Portfolios - > 36 and <= 48 Month,31/10/2023,-1.2305205308570E-03
2000043,BONDMATPORT,12048,Fama Maturity Portfolios - > 36 and <= 48 Month,30/11/2023,2.1193399858016E-02
2000043,BONDMATPORT,12048,Fama Maturity Portfolios - > 36 and <= 48 Month,29/12/2023,1.7803752588232E-02
2000043,BONDMATPORT,12048,Fama Maturity Portfolios - > 36 and <= 48 Month,31/01/2024,3.9894660889284E-03
2000043,BONDMATPORT,12048,Fama Maturity Portfolios - > 36 and <= 48 Month,29/02/2024,-1.1442517335384E-02
2000043,BONDMATPORT,12048,Fama Maturity Portfolios - > 36 and <= 48 Month,28/03/2024,3.5537505777684E-03
2000043,BONDMATPORT,12048,Fama Maturity Portfolios - > 36 and <= 48 Month,30/04/2024,-1.1865993497851E-02
2000043,BONDMATPORT,12048,Fama Maturity Portfolios - > 36 and <= 48 Month,31/05/2024,1.0818496642316E-02
2000043,BONDMATPORT,12048,Fama Maturity Portfolios - > 36 and <= 48 Month,28/06/2024,7.1744401951376E-03
2000043,BONDMATPORT,12048,Fama Maturity Portfolios - > 36 and <= 48 Month,31/07/2024,2.0027249592954E-02
2000043,BONDMATPORT,12048,Fama Maturity Portfolios - > 36 and <= 48 Month,30/08/2024,1.0783771099327E-02
2000043,BONDMATPORT,12048,Fama Maturity Portfolios - > 36 and <= 48 Month,30/09/2024,9.4329374342807E-03
2000043,BONDMATPORT,12048,Fama Maturity Portfolios - > 36 and <= 48 Month,31/10/2024,-1.5500645154111E-02
2000043,BONDMATPORT,12048,Fama Maturity Portfolios - > 36 and <= 48 Month,29/11/2024,5.0255322486604E-03
2000043,BONDMATPORT,12048,Fama Maturity Portfolios - > 36 and <= 48 Month,31/12/2024,-3.8220944221868E-03
2000043,BONDMATPORT,12048,Fama Maturity Portfolios - > 36 and <= 48 Month,31/01/2025,5.4735241139125E-03
2000043,BONDMATPORT,12048,Fama Maturity Portfolios - > 36 and <= 48 Month,28/02/2025,1.2997662908364E-02
2000043,BONDMATPORT,12048,Fama Maturity Portfolios - > 36 and <= 48 Month,31/03/2025,6.0241756123543E-03
2000043,BONDMATPORT,12048,Fama Maturity Portfolios - > 36 and <= 48 Month,30/04/2025,1.2380593783360E-02
2000043,BONDMATPORT,12048,Fama Maturity Portfolios - > 36 and <= 48 Month,30/05/2025,-5.4554944576227E-03
2000043,BONDMATPORT,12048,Fama Maturity Portfolios - > 36 and <= 48 Month,30/06/2025,8.9548910168952E-03
2000043,BONDMATPORT,12048,Fama Maturity Portfolios - > 36 and <= 48 Month,31/07/2025,-2.5747987497988E-03
2000043,BONDMATPORT,12048,Fama Maturity Portfolios - > 36 and <= 48 Month,29/08/2025,1.2580340038406E-02
2000043,BONDMATPORT,12048,Fama Maturity Portfolios - > 36 and <= 48 Month,30/09/2025,1.5854669030114E-03
2000043,BONDMATPORT,12048,Fama Maturity Portfolios - > 36 and <= 48 Month,31/10/2025,4.1100634422188E-03
2000043,BONDMATPORT,12048,Fama Maturity Portfolios - > 36 and <= 48 Month,28/11/2025,6.1853807184347E-03
2000043,BONDMATPORT,12048,Fama Maturity Portfolios - > 36 and <= 48 Month,31/12/2025,1.1234557334389E-03
2000044,BONDMATPORT,12060,Fama Maturity Portfolios - > 48 and <= 60 Month,31/01/2000,-5.1767248387185E-03
2000044,BONDMATPORT,12060,Fama Maturity Portfolios - > 48 and <= 60 Month,29/02/2000,8.2869667793399E-03
2000044,BONDMATPORT,12060,Fama Maturity Portfolios - > 48 and <= 60 Month,31/03/2000,1.5662692149295E-02
2000044,BONDMATPORT,12060,Fama Maturity Portfolios - > 48 and <= 60 Month,28/04/2000,-2.6349069258064E-03
2000044,BONDMATPORT,12060,Fama Maturity Portfolios - > 48 and <= 60 Month,31/05/2000,5.0260329871627E-03
2000044,BONDMATPORT,12060,Fama Maturity Portfolios - > 48 and <= 60 Month,30/06/2000,1.7259335856763E-02
2000044,BONDMATPORT,12060,Fama Maturity Portfolios - > 48 and <= 60 Month,31/07/2000,6.3412599115087E-03
2000044,BONDMATPORT,12060,Fama Maturity Portfolios - > 48 and <= 60 Month,31/08/2000,1.2711997158942E-02
2000044,BONDMATPORT,12060,Fama Maturity Portfolios - > 48 and <= 60 Month,29/09/2000,9.4999381981145E-03
2000044,BONDMATPORT,12060,Fama Maturity Portfolios - > 48 and <= 60 Month,31/10/2000,6.9678187049251E-03
2000044,BONDMATPORT,12060,Fama Maturity Portfolios - > 48 and <= 60 Month,30/11/2000,1.5918542716257E-02
2000044,BONDMATPORT,12060,Fama Maturity Portfolios - > 48 and <= 60 Month,29/12/2000,2.1346319566859E-02
2000044,BONDMATPORT,12060,Fama Maturity Portfolios - > 48 and <= 60 Month,31/01/2001,1.2887962454598E-02
2000044,BONDMATPORT,12060,Fama Maturity Portfolios - > 48 and <= 60 Month,28/02/2001,9.5562120020614E-03
2000044,BONDMATPORT,12060,Fama Maturity Portfolios - > 48 and <= 60 Month,30/03/2001,8.4560930839145E-03
2000044,BONDMATPORT,12060,Fama Maturity Portfolios - > 48 and <= 60 Month,30/04/2001,-6.7031350092162E-03
2000044,BONDMATPORT,12060,Fama Maturity Portfolios - > 48 and <= 60 Month,31/05/2001,2.9959310274751E-03
2000044,BONDMATPORT,12060,Fama Maturity Portfolios - > 48 and <= 60 Month,29/06/2001,2.2863558720335E-03
2000044,BONDMATPORT,12060,Fama Maturity Portfolios - > 48 and <= 60 Month,31/07/2001,2.1573707592216E-02
2000044,BONDMATPORT,12060,Fama Maturity Portfolios - > 48 and <= 60 Month,31/08/2001,1.0611076211825E-02
2000044,BONDMATPORT,12060,Fama Maturity Portfolios - > 48 and <= 60 Month,28/09/2001,2.4740115173802E-02
2000044,BONDMATPORT,12060,Fama Maturity Portfolios - > 48 and <= 60 Month,31/10/2001,1.8520790713784E-02
2000044,BONDMATPORT,12060,Fama Maturity Portfolios - > 48 and <= 60 Month,30/11/2001,-1.6820794237687E-02
2000044,BONDMATPORT,12060,Fama Maturity Portfolios - > 48 and <= 60 Month,31/12/2001,-7.7630767217649E-03
2000044,BONDMATPORT,12060,Fama Maturity Portfolios - > 48 and <= 60 Month,31/01/2002,3.4453125419107E-03
2000044,BONDMATPORT,12060,Fama Maturity Portfolios - > 48 and <= 60 Month,28/02/2002,1.1028047119543E-02
2000044,BONDMATPORT,12060,Fama Maturity Portfolios - > 48 and <= 60 Month,28/03/2002,-2.1144669297737E-02
2000044,BONDMATPORT,12060,Fama Maturity Portfolios - > 48 and <= 60 Month,30/04/2002,2.1517383226815E-02
2000044,BONDMATPORT,12060,Fama Maturity Portfolios - > 48 and <= 60 Month,31/05/2002,1.0744014893318E-02
2000044,BONDMATPORT,12060,Fama Maturity Portfolios - > 48 and <= 60 Month,28/06/2002,1.5573688015803E-02
2000044,BONDMATPORT,12060,Fama Maturity Portfolios - > 48 and <= 60 Month,31/07/2002,2.7259869426501E-02
2000044,BONDMATPORT,12060,Fama Maturity Portfolios - > 48 and <= 60 Month,30/08/2002,1.5602795992657E-02
2000044,BONDMATPORT,12060,Fama Maturity Portfolios - > 48 and <= 60 Month,30/09/2002,2.7983574039622E-02
2000044,BONDMATPORT,12060,Fama Maturity Portfolios - > 48 and <= 60 Month,31/10/2002,-3.4273067124288E-03
2000044,BONDMATPORT,12060,Fama Maturity Portfolios - > 48 and <= 60 Month,29/11/2002,-1.7360450897398E-02
2000044,BONDMATPORT,12060,Fama Maturity Portfolios - > 48 and <= 60 Month,31/12/2002,2.6450513696538E-02
2000044,BONDMATPORT,12060,Fama Maturity Portfolios - > 48 and <= 60 Month,31/01/2003,-5.2530061067984E-03
2000044,BONDMATPORT,12060,Fama Maturity Portfolios - > 48 and <= 60 Month,28/02/2003,1.5954610397977E-02
2000044,BONDMATPORT,12060,Fama Maturity Portfolios - > 48 and <= 60 Month,31/03/2003,1.9588659998595E-04
2000044,BONDMATPORT,12060,Fama Maturity Portfolios - > 48 and <= 60 Month,30/04/2003,1.8052898169113E-03
2000044,BONDMATPORT,12060,Fama Maturity Portfolios - > 48 and <= 60 Month,30/05/2003,2.4062980295735E-02
2000044,BONDMATPORT,12060,Fama Maturity Portfolios - > 48 and <= 60 Month,30/06/2003,-2.4603490425025E-03
2000044,BONDMATPORT,12060,Fama Maturity Portfolios - > 48 and <= 60 Month,31/07/2003,-2.8637661359166E-02
2000044,BONDMATPORT,12060,Fama Maturity Portfolios - > 48 and <= 60 Month,29/08/2003,-4.1799014672089E-03
2000044,BONDMATPORT,12060,Fama Maturity Portfolios - > 48 and <= 60 Month,30/09/2003,3.1377964631658E-02
2000044,BONDMATPORT,12060,Fama Maturity Portfolios - > 48 and <= 60 Month,31/10/2003,-1.3836379976620E-02
2000044,BONDMATPORT,12060,Fama Maturity Portfolios - > 48 and <= 60 Month,28/11/2003,-1.3822407388712E-03
2000044,BONDMATPORT,12060,Fama Maturity Portfolios - > 48 and <= 60 Month,31/12/2003,1.0305340360165E-02
2000044,BONDMATPORT,12060,Fama Maturity Portfolios - > 48 and <= 60 Month,30/01/2004,6.5386539483048E-03
2000044,BONDMATPORT,12060,Fama Maturity Portfolios - > 48 and <= 60 Month,27/02/2004,1.2174579252543E-02
2000044,BONDMATPORT,12060,Fama Maturity Portfolios - > 48 and <= 60 Month,31/03/2004,1.0305706987172E-02
2000044,BONDMATPORT,12060,Fama Maturity Portfolios - > 48 and <= 60 Month,30/04/2004,-3.1816968677363E-02
2000044,BONDMATPORT,12060,Fama Maturity Portfolios - > 48 and <= 60 Month,28/05/2004,-4.4342687832996E-03
2000044,BONDMATPORT,12060,Fama Maturity Portfolios - > 48 and <= 60 Month,30/06/2004,6.0178063862106E-03
2000044,BONDMATPORT,12060,Fama Maturity Portfolios - > 48 and <= 60 Month,30/07/2004,6.7632779986700E-03
2000044,BONDMATPORT,12060,Fama Maturity Portfolios - > 48 and <= 60 Month,31/08/2004,1.9807807839482E-02
2000044,BONDMATPORT,12060,Fama Maturity Portfolios - > 48 and <= 60 Month,30/09/2004,2.6805698610785E-04
2000044,BONDMATPORT,12060,Fama Maturity Portfolios - > 48 and <= 60 Month,29/10/2004,6.6861205989713E-03
2000044,BONDMATPORT,12060,Fama Maturity Portfolios - > 48 and <= 60 Month,30/11/2004,-1.3474551683344E-02
2000044,BONDMATPORT,12060,Fama Maturity Portfolios - > 48 and <= 60 Month,31/12/2004,6.4450558536333E-03
2000044,BONDMATPORT,12060,Fama Maturity Portfolios - > 48 and <= 60 Month,31/01/2005,-3.9343857070450E-04
2000044,BONDMATPORT,12060,Fama Maturity Portfolios - > 48 and <= 60 Month,28/02/2005,-1.0257429373443E-02
2000044,BONDMATPORT,12060,Fama Maturity Portfolios - > 48 and <= 60 Month,31/03/2005,-2.5100299323455E-03
2000044,BONDMATPORT,12060,Fama Maturity Portfolios - > 48 and <= 60 Month,29/04/2005,1.4318691682413E-02
2000044,BONDMATPORT,12060,Fama Maturity Portfolios - > 48 and <= 60 Month,31/05/2005,9.3913747431333E-03
2000044,BONDMATPORT,12060,Fama Maturity Portfolios - > 48 and <= 60 Month,30/06/2005,3.6087624628995E-03
2000044,BONDMATPORT,12060,Fama Maturity Portfolios - > 48 and <= 60 Month,29/07/2005,-1.4013794515772E-02
2000044,BONDMATPORT,12060,Fama Maturity Portfolios - > 48 and <= 60 Month,31/08/2005,1.5129450431004E-02
2000044,BONDMATPORT,12060,Fama Maturity Portfolios - > 48 and <= 60 Month,30/09/2005,-1.1335441125390E-02
2000044,BONDMATPORT,12060,Fama Maturity Portfolios - > 48 and <= 60 Month,31/10/2005,-6.5124093535629E-03
2000044,BONDMATPORT,12060,Fama Maturity Portfolios - > 48 and <= 60 Month,30/11/2005,5.4340893432965E-03
2000044,BONDMATPORT,12060,Fama Maturity Portfolios - > 48 and <= 60 Month,30/12/2005,5.9293902082757E-03
2000044,BONDMATPORT,12060,Fama Maturity Portfolios - > 48 and <= 60 Month,31/01/2006,-1.5844592407126E-03
2000044,BONDMATPORT,12060,Fama Maturity Portfolios - > 48 and <= 60 Month,28/02/2006,-1.8920057151920E-03
2000044,BONDMATPORT,12060,Fama Maturity Portfolios - > 48 and <= 60 Month,31/03/2006,-4.1922985954143E-03
2000044,BONDMATPORT,12060,Fama Maturity Portfolios - > 48 and <= 60 Month,28/04/2006,4.2906343748316E-04
2000044,BONDMATPORT,12060,Fama Maturity Portfolios - > 48 and <= 60 Month,31/05/2006,-5.2434685979337E-04
2000044,BONDMATPORT,12060,Fama Maturity Portfolios - > 48 and <= 60 Month,30/06/2006,1.6000120478092E-03
2000044,BONDMATPORT,12060,Fama Maturity Portfolios - > 48 and <= 60 Month,31/07/2006,1.1881787772784E-02
2000044,BONDMATPORT,12060,Fama Maturity Portfolios - > 48 and <= 60 Month,31/08/2006,1.2581830148667E-02
2000044,BONDMATPORT,12060,Fama Maturity Portfolios - > 48 and <= 60 Month,29/09/2006,7.8116097867193E-03
2000044,BONDMATPORT,12060,Fama Maturity Portfolios - > 48 and <= 60 Month,31/10/2006,4.7686398921096E-03
2000044,BONDMATPORT,12060,Fama Maturity Portfolios - > 48 and <= 60 Month,30/11/2006,8.5236953108381E-03
2000044,BONDMATPORT,12060,Fama Maturity Portfolios - > 48 and <= 60 Month,29/12/2006,-6.2036972381641E-03
2000044,BONDMATPORT,12060,Fama Maturity Portfolios - > 48 and <= 60 Month,31/01/2007,-2.9967478322549E-04
2000044,BONDMATPORT,12060,Fama Maturity Portfolios - > 48 and <= 60 Month,28/02/2007,1.4703809948840E-02
2000044,BONDMATPORT,12060,Fama Maturity Portfolios - > 48 and <= 60 Month,30/03/2007,3.2951179730734E-03
2000044,BONDMATPORT,12060,Fama Maturity Portfolios - > 48 and <= 60 Month,30/04/2007,4.9701534980760E-03
2000044,BONDMATPORT,12060,Fama Maturity Portfolios - > 48 and <= 60 Month,31/05/2007,-9.7938948558784E-03
2000044,BONDMATPORT,12060,Fama Maturity Portfolios - > 48 and <= 60 Month,29/06/2007,1.3974544040701E-03
2000044,BONDMATPORT,12060,Fama Maturity Portfolios - > 48 and <= 60 Month,31/07/2007,1.8469474055960E-02
2000044,BONDMATPORT,12060,Fama Maturity Portfolios - > 48 and <= 60 Month,31/08/2007,1.5806849513144E-02
2000044,BONDMATPORT,12060,Fama Maturity Portfolios - > 48 and <= 60 Month,28/09/2007,5.4507791879050E-03
2000044,BONDMATPORT,12060,Fama Maturity Portfolios - > 48 and <= 60 Month,31/10/2007,7.2737410942273E-03
2000044,BONDMATPORT,12060,Fama Maturity Portfolios - > 48 and <= 60 Month,30/11/2007,3.5017281425910E-02
2000044,BONDMATPORT,12060,Fama Maturity Portfolios - > 48 and <= 60 Month,31/12/2007,1.9461938762348E-03
2000044,BONDMATPORT,12060,Fama Maturity Portfolios - > 48 and <= 60 Month,31/01/2008,3.2656495609094E-02
2000044,BONDMATPORT,12060,Fama Maturity Portfolios - > 48 and <= 60 Month,29/02/2008,1.5348785088233E-02
2000044,BONDMATPORT,12060,Fama Maturity Portfolios - > 48 and <= 60 Month,31/03/2008,4.5754419224984E-03
2000044,BONDMATPORT,12060,Fama Maturity Portfolios - > 48 and <= 60 Month,30/04/2008,-2.1460709648403E-02
2000044,BONDMATPORT,12060,Fama Maturity Portfolios - > 48 and <= 60 Month,30/05/2008,-1.3786561132908E-02
2000044,BONDMATPORT,12060,Fama Maturity Portfolios - > 48 and <= 60 Month,30/06/2008,7.0284694194203E-03
2000044,BONDMATPORT,12060,Fama Maturity Portfolios - > 48 and <= 60 Month,31/07/2008,7.9244631580225E-03
2000044,BONDMATPORT,12060,Fama Maturity Portfolios - > 48 and <= 60 Month,29/08/2008,9.4498006034538E-03
2000044,BONDMATPORT,12060,Fama Maturity Portfolios - > 48 and <= 60 Month,30/09/2008,9.4949895751814E-03
2000044,BONDMATPORT,12060,Fama Maturity Portfolios - > 48 and <= 60 Month,31/10/2008,1.6916984075457E-02
2000044,BONDMATPORT,12060,Fama Maturity Portfolios - > 48 and <= 60 Month,28/11/2008,4.3935953512021E-02
2000044,BONDMATPORT,12060,Fama Maturity Portfolios - > 48 and <= 60 Month,31/12/2008,1.7078151407225E-02
2000044,BONDMATPORT,12060,Fama Maturity Portfolios - > 48 and <= 60 Month,30/01/2009,-1.3269287282187E-02
2000044,BONDMATPORT,12060,Fama Maturity Portfolios - > 48 and <= 60 Month,27/02/2009,-3.9842729569767E-03
2000044,BONDMATPORT,12060,Fama Maturity Portfolios - > 48 and <= 60 Month,31/03/2009,1.6322505510339E-02
2000044,BONDMATPORT,12060,Fama Maturity Portfolios - > 48 and <= 60 Month,30/04/2009,-1.3767371384540E-02
2000044,BONDMATPORT,12060,Fama Maturity Portfolios - > 48 and <= 60 Month,29/05/2009,-8.2435005183828E-03
2000044,BONDMATPORT,12060,Fama Maturity Portfolios - > 48 and <= 60 Month,30/06/2009,-6.7196186317031E-03
2000044,BONDMATPORT,12060,Fama Maturity Portfolios - > 48 and <= 60 Month,31/07/2009,5.9128140987997E-03
2000044,BONDMATPORT,12060,Fama Maturity Portfolios - > 48 and <= 60 Month,31/08/2009,9.3166910790938E-03
2000044,BONDMATPORT,12060,Fama Maturity Portfolios - > 48 and <= 60 Month,30/09/2009,6.4047382640030E-03
2000044,BONDMATPORT,12060,Fama Maturity Portfolios - > 48 and <= 60 Month,30/10/2009,3.3362812849620E-03
2000044,BONDMATPORT,12060,Fama Maturity Portfolios - > 48 and <= 60 Month,30/11/2009,1.6769590950403E-02
2000044,BONDMATPORT,12060,Fama Maturity Portfolios - > 48 and <= 60 Month,31/12/2009,-2.4065833324861E-02
2000044,BONDMATPORT,12060,Fama Maturity Portfolios - > 48 and <= 60 Month,29/01/2010,1.8953448277115E-02
2000044,BONDMATPORT,12060,Fama Maturity Portfolios - > 48 and <= 60 Month,26/02/2010,3.6113970166093E-03
2000044,BONDMATPORT,12060,Fama Maturity Portfolios - > 48 and <= 60 Month,31/03/2010,-7.5993485089883E-03
2000044,BONDMATPORT,12060,Fama Maturity Portfolios - > 48 and <= 60 Month,30/04/2010,8.7946362080337E-03
2000044,BONDMATPORT,12060,Fama Maturity Portfolios - > 48 and <= 60 Month,28/05/2010,1.4319873356362E-02
2000044,BONDMATPORT,12060,Fama Maturity Portfolios - > 48 and <= 60 Month,30/06/2010,1.6452127093376E-02
2000044,BONDMATPORT,12060,Fama Maturity Portfolios - > 48 and <= 60 Month,30/07/2010,1.1186711210144E-02
2000044,BONDMATPORT,12060,Fama Maturity Portfolios - > 48 and <= 60 Month,31/08/2010,1.2529999640484E-02
2000044,BONDMATPORT,12060,Fama Maturity Portfolios - > 48 and <= 60 Month,30/09/2010,4.3735067453053E-03
2000044,BONDMATPORT,12060,Fama Maturity Portfolios - > 48 and <= 60 Month,29/10/2010,6.6616536991588E-03
2000044,BONDMATPORT,12060,Fama Maturity Portfolios - > 48 and <= 60 Month,30/11/2010,-9.0355503363437E-03
2000044,BONDMATPORT,12060,Fama Maturity Portfolios - > 48 and <= 60 Month,31/12/2010,-1.7978076820141E-02
2000044,BONDMATPORT,12060,Fama Maturity Portfolios - > 48 and <= 60 Month,31/01/2011,6.6939040269296E-03
2000044,BONDMATPORT,12060,Fama Maturity Portfolios - > 48 and <= 60 Month,28/02/2011,-5.4887088460498E-03
2000044,BONDMATPORT,12060,Fama Maturity Portfolios - > 48 and <= 60 Month,31/03/2011,-2.6886598336407E-03
2000044,BONDMATPORT,12060,Fama Maturity Portfolios - > 48 and <= 60 Month,29/04/2011,1.6028528849001E-02
2000044,BONDMATPORT,12060,Fama Maturity Portfolios - > 48 and <= 60 Month,31/05/2011,1.4821306240598E-02
2000044,BONDMATPORT,12060,Fama Maturity Portfolios - > 48 and <= 60 Month,30/06/2011,-3.6064875004107E-05
2000044,BONDMATPORT,12060,Fama Maturity Portfolios - > 48 and <= 60 Month,29/07/2011,1.9438099455470E-02
2000044,BONDMATPORT,12060,Fama Maturity Portfolios - > 48 and <= 60 Month,31/08/2011,1.6950506432618E-02
2000044,BONDMATPORT,12060,Fama Maturity Portfolios - > 48 and <= 60 Month,30/09/2011,9.8954843069454E-04
2000044,BONDMATPORT,12060,Fama Maturity Portfolios - > 48 and <= 60 Month,31/10/2011,2.3476263648809E-03
2000044,BONDMATPORT,12060,Fama Maturity Portfolios - > 48 and <= 60 Month,30/11/2011,1.4519544806525E-03
2000044,BONDMATPORT,12060,Fama Maturity Portfolios - > 48 and <= 60 Month,30/12/2011,5.0518899487082E-03
2000044,BONDMATPORT,12060,Fama Maturity Portfolios - > 48 and <= 60 Month,31/01/2012,7.4605870434198E-03
2000044,BONDMATPORT,12060,Fama Maturity Portfolios - > 48 and <= 60 Month,29/02/2012,-5.8249076860024E-03
2000044,BONDMATPORT,12060,Fama Maturity Portfolios - > 48 and <= 60 Month,30/03/2012,-5.7074262601539E-03
2000044,BONDMATPORT,12060,Fama Maturity Portfolios - > 48 and <= 60 Month,30/04/2012,1.0585817017564E-02
2000044,BONDMATPORT,12060,Fama Maturity Portfolios - > 48 and <= 60 Month,31/05/2012,6.0681796282980E-03
2000044,BONDMATPORT,12060,Fama Maturity Portfolios - > 48 and <= 60 Month,29/06/2012,-1.8305012579704E-03
2000044,BONDMATPORT,12060,Fama Maturity Portfolios - > 48 and <= 60 Month,31/07/2012,7.4357300614724E-03
2000044,BONDMATPORT,12060,Fama Maturity Portfolios - > 48 and <= 60 Month,31/08/2012,1.0807905575381E-03
2000044,BONDMATPORT,12060,Fama Maturity Portfolios - > 48 and <= 60 Month,28/09/2012,-2.3487400488576E-04
2000044,BONDMATPORT,12060,Fama Maturity Portfolios - > 48 and <= 60 Month,31/10/2012,-2.8685966235051E-03
2000044,BONDMATPORT,12060,Fama Maturity Portfolios - > 48 and <= 60 Month,30/11/2012,5.2375261077212E-03
2000044,BONDMATPORT,12060,Fama Maturity Portfolios - > 48 and <= 60 Month,31/12/2012,-2.6185007217756E-03
2000044,BONDMATPORT,12060,Fama Maturity Portfolios - > 48 and <= 60 Month,31/01/2013,-4.2287132214165E-03
2000044,BONDMATPORT,12060,Fama Maturity Portfolios - > 48 and <= 60 Month,28/02/2013,5.8223478610307E-03
2000044,BONDMATPORT,12060,Fama Maturity Portfolios - > 48 and <= 60 Month,28/03/2013,1.1088029948701E-03
2000044,BONDMATPORT,12060,Fama Maturity Portfolios - > 48 and <= 60 Month,30/04/2013,4.7239227957582E-03
2000044,BONDMATPORT,12060,Fama Maturity Portfolios - > 48 and <= 60 Month,31/05/2013,-1.2269601252590E-02
2000044,BONDMATPORT,12060,Fama Maturity Portfolios - > 48 and <= 60 Month,28/06/2013,-1.3038466334227E-02
2000044,BONDMATPORT,12060,Fama Maturity Portfolios - > 48 and <= 60 Month,31/07/2013,3.6636771654411E-03
2000044,BONDMATPORT,12060,Fama Maturity Portfolios - > 48 and <= 60 Month,30/08/2013,-8.5700652522116E-03
2000044,BONDMATPORT,12060,Fama Maturity Portfolios - > 48 and <= 60 Month,30/09/2013,1.3060662989476E-02
2000044,BONDMATPORT,12060,Fama Maturity Portfolios - > 48 and <= 60 Month,31/10/2013,4.3412475514604E-03
2000044,BONDMATPORT,12060,Fama Maturity Portfolios - > 48 and <= 60 Month,29/11/2013,1.2942597760218E-03
2000044,BONDMATPORT,12060,Fama Maturity Portfolios - > 48 and <= 60 Month,31/12/2013,-1.2190053447485E-02
2000044,BONDMATPORT,12060,Fama Maturity Portfolios - > 48 and <= 60 Month,31/01/2014,1.1860950164156E-02
2000044,BONDMATPORT,12060,Fama Maturity Portfolios - > 48 and <= 60 Month,28/02/2014,1.6299971669689E-03
2000044,BONDMATPORT,12060,Fama Maturity Portfolios - > 48 and <= 60 Month,31/03/2014,-6.7345897201987E-03
2000044,BONDMATPORT,12060,Fama Maturity Portfolios - > 48 and <= 60 Month,30/04/2014,4.2883887317593E-03
2000044,BONDMATPORT,12060,Fama Maturity Portfolios - > 48 and <= 60 Month,30/05/2014,8.0464394421217E-03
2000044,BONDMATPORT,12060,Fama Maturity Portfolios - > 48 and <= 60 Month,30/06/2014,-1.7678627196795E-03
2000044,BONDMATPORT,12060,Fama Maturity Portfolios - > 48 and <= 60 Month,31/07/2014,-4.3233077531680E-03
2000044,BONDMATPORT,12060,Fama Maturity Portfolios - > 48 and <= 60 Month,29/08/2014,7.0924361198867E-03
2000044,BONDMATPORT,12060,Fama Maturity Portfolios - > 48 and <= 60 Month,30/09/2014,-3.5415662433752E-03
2000044,BONDMATPORT,12060,Fama Maturity Portfolios - > 48 and <= 60 Month,31/10/2014,8.4376928764939E-03
2000044,BONDMATPORT,12060,Fama Maturity Portfolios - > 48 and <= 60 Month,28/11/2014,7.6748491187133E-03
2000044,BONDMATPORT,12060,Fama Maturity Portfolios - > 48 and <= 60 Month,31/12/2014,-5.6416468467628E-03
2000044,BONDMATPORT,12060,Fama Maturity Portfolios - > 48 and <= 60 Month,30/01/2015,2.2009377458921E-02
2000044,BONDMATPORT,12060,Fama Maturity Portfolios - > 48 and <= 60 Month,27/02/2015,-1.2927934726515E-02
2000044,BONDMATPORT,12060,Fama Maturity Portfolios - > 48 and <= 60 Month,31/03/2015,7.7197900357178E-03
2000044,BONDMATPORT,12060,Fama Maturity Portfolios - > 48 and <= 60 Month,30/04/2015,-3.9172401345629E-04
2000044,BONDMATPORT,12060,Fama Maturity Portfolios - > 48 and <= 60 Month,29/05/2015,-4.8877200641804E-04
2000044,BONDMATPORT,12060,Fama Maturity Portfolios - > 48 and <= 60 Month,30/06/2015,-4.0593679622872E-03
2000044,BONDMATPORT,12060,Fama Maturity Portfolios - > 48 and <= 60 Month,31/07/2015,6.3053000645623E-03
2000044,BONDMATPORT,12060,Fama Maturity Portfolios - > 48 and <= 60 Month,31/08/2015,1.2368509990854E-06
2000044,BONDMATPORT,12060,Fama Maturity Portfolios - > 48 and <= 60 Month,30/09/2015,1.0553476516972E-02
2000044,BONDMATPORT,12060,Fama Maturity Portfolios - > 48 and <= 60 Month,30/10/2015,-5.4373908087527E-03
2000044,BONDMATPORT,12060,Fama Maturity Portfolios - > 48 and <= 60 Month,30/11/2015,-4.1775770069172E-03
2000044,BONDMATPORT,12060,Fama Maturity Portfolios - > 48 and <= 60 Month,31/12/2015,-2.5096178361314E-03
2000044,BONDMATPORT,12060,Fama Maturity Portfolios - > 48 and <= 60 Month,29/01/2016,1.9750999540997E-02
2000044,BONDMATPORT,12060,Fama Maturity Portfolios - > 48 and <= 60 Month,29/02/2016,5.1436952512175E-03
2000044,BONDMATPORT,12060,Fama Maturity Portfolios - > 48 and <= 60 Month,31/03/2016,3.2263032940559E-03
2000044,BONDMATPORT,12060,Fama Maturity Portfolios - > 48 and <= 60 Month,29/04/2016,-2.2621524398948E-03
2000044,BONDMATPORT,12060,Fama Maturity Portfolios - > 48 and <= 60 Month,31/05/2016,-2.2635619718962E-03
2000044,BONDMATPORT,12060,Fama Maturity Portfolios - > 48 and <= 60 Month,30/06/2016,1.8136946994629E-02
2000044,BONDMATPORT,12060,Fama Maturity Portfolios - > 48 and <= 60 Month,29/07/2016,-4.6133796723867E-04
2000044,BONDMATPORT,12060,Fama Maturity Portfolios - > 48 and <= 60 Month,31/08/2016,-6.8574818912450E-03
2000044,BONDMATPORT,12060,Fama Maturity Portfolios - > 48 and <= 60 Month,30/09/2016,3.4256134266830E-03
2000044,BONDMATPORT,12060,Fama Maturity Portfolios - > 48 and <= 60 Month,31/10/2016,-5.0009991178717E-03
2000044,BONDMATPORT,12060,Fama Maturity Portfolios - > 48 and <= 60 Month,30/11/2016,-2.0740695524097E-02
2000044,BONDMATPORT,12060,Fama Maturity Portfolios - > 48 and <= 60 Month,30/12/2016,-3.8642023650674E-04
2000044,BONDMATPORT,12060,Fama Maturity Portfolios - > 48 and <= 60 Month,31/01/2017,2.9806667198866E-03
2000044,BONDMATPORT,12060,Fama Maturity Portfolios - > 48 and <= 60 Month,28/02/2017,7.2419745695763E-04
2000044,BONDMATPORT,12060,Fama Maturity Portfolios - > 48 and <= 60 Month,31/03/2017,3.0331670018332E-03
2000044,BONDMATPORT,12060,Fama Maturity Portfolios - > 48 and <= 60 Month,28/04/2017,6.1098154066216E-03
2000044,BONDMATPORT,12060,Fama Maturity Portfolios - > 48 and <= 60 Month,31/05/2017,4.3632932365087E-03
2000044,BONDMATPORT,12060,Fama Maturity Portfolios - > 48 and <= 60 Month,30/06/2017,-2.9460479044539E-03
2000044,BONDMATPORT,12060,Fama Maturity Portfolios - > 48 and <= 60 Month,31/07/2017,3.7567402396791E-03
2000044,BONDMATPORT,12060,Fama Maturity Portfolios - > 48 and <= 60 Month,31/08/2017,7.0885192821982E-03
2000044,BONDMATPORT,12060,Fama Maturity Portfolios - > 48 and <= 60 Month,29/09/2017,-7.4860759155718E-03
2000044,BONDMATPORT,12060,Fama Maturity Portfolios - > 48 and <= 60 Month,31/10/2017,-1.4580770265474E-03
2000044,BONDMATPORT,12060,Fama Maturity Portfolios - > 48 and <= 60 Month,30/11/2017,-3.4427180481838E-03
2000044,BONDMATPORT,12060,Fama Maturity Portfolios - > 48 and <= 60 Month,29/12/2017,-7.0469319748731E-04
2000044,BONDMATPORT,12060,Fama Maturity Portfolios - > 48 and <= 60 Month,31/01/2018,-1.0846662881782E-02
2000044,BONDMATPORT,12060,Fama Maturity Portfolios - > 48 and <= 60 Month,28/02/2018,-3.2173011863947E-03
2000044,BONDMATPORT,12060,Fama Maturity Portfolios - > 48 and <= 60 Month,29/03/2018,5.5782301769030E-03
2000044,BONDMATPORT,12060,Fama Maturity Portfolios - > 48 and <= 60 Month,30/04/2018,-7.5675833413435E-03
2000044,BONDMATPORT,12060,Fama Maturity Portfolios - > 48 and <= 60 Month,31/05/2018,6.4103782212749E-03
2000044,BONDMATPORT,12060,Fama Maturity Portfolios - > 48 and <= 60 Month,29/06/2018,2.3077814222365E-04
2000044,BONDMATPORT,12060,Fama Maturity Portfolios - > 48 and <= 60 Month,31/07/2018,-1.9811915785710E-03
2000044,BONDMATPORT,12060,Fama Maturity Portfolios - > 48 and <= 60 Month,31/08/2018,6.4991143997261E-03
2000044,BONDMATPORT,12060,Fama Maturity Portfolios - > 48 and <= 60 Month,28/09/2018,-6.4368285030250E-03
2000044,BONDMATPORT,12060,Fama Maturity Portfolios - > 48 and <= 60 Month,31/10/2018,1.6118637587677E-03
2000044,BONDMATPORT,12060,Fama Maturity Portfolios - > 48 and <= 60 Month,30/11/2018,8.5242398819405E-03
2000044,BONDMATPORT,12060,Fama Maturity Portfolios - > 48 and <= 60 Month,31/12/2018,1.6220820992398E-02
2000044,BONDMATPORT,12060,Fama Maturity Portfolios - > 48 and <= 60 Month,31/01/2019,4.5686485000899E-03
2000044,BONDMATPORT,12060,Fama Maturity Portfolios - > 48 and <= 60 Month,28/02/2019,-1.3738353505151E-03
2000044,BONDMATPORT,12060,Fama Maturity Portfolios - > 48 and <= 60 Month,29/03/2019,1.4110776332632E-02
2000044,BONDMATPORT,12060,Fama Maturity Portfolios - > 48 and <= 60 Month,30/04/2019,3.0915017042263E-04
2000044,BONDMATPORT,12060,Fama Maturity Portfolios - > 48 and <= 60 Month,31/05/2019,1.7005324584785E-02
2000044,BONDMATPORT,12060,Fama Maturity Portfolios - > 48 and <= 60 Month,28/06/2019,8.3085346723134E-03
2000044,BONDMATPORT,12060,Fama Maturity Portfolios - > 48 and <= 60 Month,31/07/2019,-1.6116423591848E-03
2000044,BONDMATPORT,12060,Fama Maturity Portfolios - > 48 and <= 60 Month,30/08/2019,1.9534504430413E-02
2000044,BONDMATPORT,12060,Fama Maturity Portfolios - > 48 and <= 60 Month,30/09/2019,-5.0884849649845E-03
2000044,BONDMATPORT,12060,Fama Maturity Portfolios - > 48 and <= 60 Month,31/10/2019,2.7094606611655E-03
2000044,BONDMATPORT,12060,Fama Maturity Portfolios - > 48 and <= 60 Month,29/11/2019,-3.3686446354136E-03
2000044,BONDMATPORT,12060,Fama Maturity Portfolios - > 48 and <= 60 Month,31/12/2019,-4.2537425081346E-04
2000044,BONDMATPORT,12060,Fama Maturity Portfolios - > 48 and <= 60 Month,31/01/2020,1.7282369687814E-02
2000044,BONDMATPORT,12060,Fama Maturity Portfolios - > 48 and <= 60 Month,28/02/2020,1.7079353155980E-02
2000044,BONDMATPORT,12060,Fama Maturity Portfolios - > 48 and <= 60 Month,31/03/2020,2.5568093540513E-02
2000044,BONDMATPORT,12060,Fama Maturity Portfolios - > 48 and <= 60 Month,30/04/2020,1.3938681304700E-03
2000044,BONDMATPORT,12060,Fama Maturity Portfolios - > 48 and <= 60 Month,29/05/2020,3.1226889939600E-03
2000044,BONDMATPORT,12060,Fama Maturity Portfolios - > 48 and <= 60 Month,30/06/2020,2.2652784267632E-03
2000044,BONDMATPORT,12060,Fama Maturity Portfolios - > 48 and <= 60 Month,31/07/2020,2.5830993188062E-03
2000044,BONDMATPORT,12060,Fama Maturity Portfolios - > 48 and <= 60 Month,31/08/2020,-1.5753169856072E-03
2000044,BONDMATPORT,12060,Fama Maturity Portfolios - > 48 and <= 60 Month,30/09/2020,2.3579540905965E-04
2000044,BONDMATPORT,12060,Fama Maturity Portfolios - > 48 and <= 60 Month,30/10/2020,-3.5513689703973E-03
2000044,BONDMATPORT,12060,Fama Maturity Portfolios - > 48 and <= 60 Month,30/11/2020,1.4705739193875E-03
2000044,BONDMATPORT,12060,Fama Maturity Portfolios - > 48 and <= 60 Month,31/12/2020,9.4872722455406E-04
2000044,BONDMATPORT,12060,Fama Maturity Portfolios - > 48 and <= 60 Month,29/01/2021,-1.1063141965036E-03
2000044,BONDMATPORT,12060,Fama Maturity Portfolios - > 48 and <= 60 Month,26/02/2021,-1.0848862501443E-02
2000044,BONDMATPORT,12060,Fama Maturity Portfolios - > 48 and <= 60 Month,31/03/2021,-6.0170020533638E-03
2000044,BONDMATPORT,12060,Fama Maturity Portfolios - > 48 and <= 60 Month,30/04/2021,4.6720409287611E-03
2000044,BONDMATPORT,12060,Fama Maturity Portfolios - > 48 and <= 60 Month,28/05/2021,3.1381898050659E-03
2000044,BONDMATPORT,12060,Fama Maturity Portfolios - > 48 and <= 60 Month,30/06/2021,-2.8049409249172E-03
2000044,BONDMATPORT,12060,Fama Maturity Portfolios - > 48 and <= 60 Month,30/07/2021,8.5206936911958E-03
2000044,BONDMATPORT,12060,Fama Maturity Portfolios - > 48 and <= 60 Month,31/08/2021,-2.5958466847130E-03
2000044,BONDMATPORT,12060,Fama Maturity Portfolios - > 48 and <= 60 Month,30/09/2021,-6.2446042916739E-03
2000044,BONDMATPORT,12060,Fama Maturity Portfolios - > 48 and <= 60 Month,29/10/2021,-8.6046846969409E-03
2000044,BONDMATPORT,12060,Fama Maturity Portfolios - > 48 and <= 60 Month,30/11/2021,1.2701127327626E-03
2000044,BONDMATPORT,12060,Fama Maturity Portfolios - > 48 and <= 60 Month,31/12/2021,-3.1799104620526E-03
2000044,BONDMATPORT,12060,Fama Maturity Portfolios - > 48 and <= 60 Month,31/01/2022,-1.3704845408935E-02
2000044,BONDMATPORT,12060,Fama Maturity Portfolios - > 48 and <= 60 Month,28/02/2022,-4.8210333996148E-03
2000044,BONDMATPORT,12060,Fama Maturity Portfolios - > 48 and <= 60 Month,31/03/2022,-3.1082561230591E-02
2000044,BONDMATPORT,12060,Fama Maturity Portfolios - > 48 and <= 60 Month,29/04/2022,-1.7576384701021E-02
2000044,BONDMATPORT,12060,Fama Maturity Portfolios - > 48 and <= 60 Month,31/05/2022,8.5404346079626E-03
2000044,BONDMATPORT,12060,Fama Maturity Portfolios - > 48 and <= 60 Month,30/06/2022,-7.2005684756348E-03
2000044,BONDMATPORT,12060,Fama Maturity Portfolios - > 48 and <= 60 Month,29/07/2022,1.7168819582830E-02
2000044,BONDMATPORT,12060,Fama Maturity Portfolios - > 48 and <= 60 Month,31/08/2022,-2.7266800797256E-02
2000044,BONDMATPORT,12060,Fama Maturity Portfolios - > 48 and <= 60 Month,30/09/2022,-2.7954155222314E-02
2000044,BONDMATPORT,12060,Fama Maturity Portfolios - > 48 and <= 60 Month,31/10/2022,-2.5311505018453E-03
2000044,BONDMATPORT,12060,Fama Maturity Portfolios - > 48 and <= 60 Month,30/11/2022,2.2795956528333E-02
2000044,BONDMATPORT,12060,Fama Maturity Portfolios - > 48 and <= 60 Month,30/12/2022,-6.6173020207648E-03
2000044,BONDMATPORT,12060,Fama Maturity Portfolios - > 48 and <= 60 Month,31/01/2023,1.9152013560057E-02
2000044,BONDMATPORT,12060,Fama Maturity Portfolios - > 48 and <= 60 Month,28/02/2023,-2.1800658170259E-02
2000044,BONDMATPORT,12060,Fama Maturity Portfolios - > 48 and <= 60 Month,31/03/2023,2.9339315486916E-02
2000044,BONDMATPORT,12060,Fama Maturity Portfolios - > 48 and <= 60 Month,28/04/2023,6.8245777954054E-03
2000044,BONDMATPORT,12060,Fama Maturity Portfolios - > 48 and <= 60 Month,31/05/2023,-9.9085438864997E-03
2000044,BONDMATPORT,12060,Fama Maturity Portfolios - > 48 and <= 60 Month,30/06/2023,-1.3471216423046E-02
2000044,BONDMATPORT,12060,Fama Maturity Portfolios - > 48 and <= 60 Month,31/07/2023,2.5440280446749E-03
2000044,BONDMATPORT,12060,Fama Maturity Portfolios - > 48 and <= 60 Month,31/08/2023,1.9184573736949E-04
2000044,BONDMATPORT,12060,Fama Maturity Portfolios - > 48 and <= 60 Month,29/09/2023,-1.0415617295142E-02
2000044,BONDMATPORT,12060,Fama Maturity Portfolios - > 48 and <= 60 Month,31/10/2023,-5.3154009627214E-03
2000044,BONDMATPORT,12060,Fama Maturity Portfolios - > 48 and <= 60 Month,30/11/2023,2.7299074473393E-02
2000044,BONDMATPORT,12060,Fama Maturity Portfolios - > 48 and <= 60 Month,29/12/2023,2.1635353925086E-02
2000044,BONDMATPORT,12060,Fama Maturity Portfolios - > 48 and <= 60 Month,31/01/2024,4.2170342045141E-03
2000044,BONDMATPORT,12060,Fama Maturity Portfolios - > 48 and <= 60 Month,29/02/2024,-1.4672354000469E-02
2000044,BONDMATPORT,12060,Fama Maturity Portfolios - > 48 and <= 60 Month,28/03/2024,4.4513362951024E-03
2000044,BONDMATPORT,12060,Fama Maturity Portfolios - > 48 and <= 60 Month,30/04/2024,-1.6522414159370E-02
2000044,BONDMATPORT,12060,Fama Maturity Portfolios - > 48 and <= 60 Month,31/05/2024,1.2494877616464E-02
2000044,BONDMATPORT,12060,Fama Maturity Portfolios - > 48 and <= 60 Month,28/06/2024,8.6275698463365E-03
2000044,BONDMATPORT,12060,Fama Maturity Portfolios - > 48 and <= 60 Month,31/07/2024,2.3304320159768E-02
2000044,BONDMATPORT,12060,Fama Maturity Portfolios - > 48 and <= 60 Month,30/08/2024,1.1434679331679E-02
2000044,BONDMATPORT,12060,Fama Maturity Portfolios - > 48 and <= 60 Month,30/09/2024,9.8843280882353E-03
2000044,BONDMATPORT,12060,Fama Maturity Portfolios - > 48 and <= 60 Month,31/10/2024,-2.0600091755862E-02
2000044,BONDMATPORT,12060,Fama Maturity Portfolios - > 48 and <= 60 Month,29/11/2024,6.4735813407050E-03
2000044,BONDMATPORT,12060,Fama Maturity Portfolios - > 48 and <= 60 Month,31/12/2024,-8.2865241794550E-03
2000044,BONDMATPORT,12060,Fama Maturity Portfolios - > 48 and <= 60 Month,31/01/2025,5.8719393428928E-03
2000044,BONDMATPORT,12060,Fama Maturity Portfolios - > 48 and <= 60 Month,28/02/2025,1.6348763439266E-02
2000044,BONDMATPORT,12060,Fama Maturity Portfolios - > 48 and <= 60 Month,31/03/2025,6.2715352902662E-03
2000044,BONDMATPORT,12060,Fama Maturity Portfolios - > 48 and <= 60 Month,30/04/2025,1.3447154908909E-02
2000044,BONDMATPORT,12060,Fama Maturity Portfolios - > 48 and <= 60 Month,30/05/2025,-6.9622427193950E-03
2000044,BONDMATPORT,12060,Fama Maturity Portfolios - > 48 and <= 60 Month,30/06/2025,1.0692688487832E-02
2000044,BONDMATPORT,12060,Fama Maturity Portfolios - > 48 and <= 60 Month,31/07/2025,-3.4798875321755E-03
2000044,BONDMATPORT,12060,Fama Maturity Portfolios - > 48 and <= 60 Month,29/08/2025,1.4335194125275E-02
2000044,BONDMATPORT,12060,Fama Maturity Portfolios - > 48 and <= 60 Month,30/09/2025,1.2558659432772E-03
2000044,BONDMATPORT,12060,Fama Maturity Portfolios - > 48 and <= 60 Month,31/10/2025,4.6265546870366E-03
2000044,BONDMATPORT,12060,Fama Maturity Portfolios - > 48 and <= 60 Month,28/11/2025,7.2295378398473E-03
2000044,BONDMATPORT,12060,Fama Maturity Portfolios - > 48 and <= 60 Month,31/12/2025,-9.7436497827449E-04
2000047,DISCBOND,5001,Fama Bliss Discount Bonds - 1-Year (Nominal),,
2000048,DISCBOND,5002,Fama Bliss Discount Bonds - 2-Year (Nominal),,
2000049,DISCBOND,5003,Fama Bliss Discount Bonds - 3-Year (Nominal),,
2000050,DISCBOND,5004,Fama Bliss Discount Bonds - 4-Year (Nominal),,
2000051,DISCBOND,5005,Fama Bliss Discount Bonds - 5-Year (Nominal),,
2000052,CD,7100,One-month Certificate of Deposit CD1M,,
2000053,CD,7300,Three-month Certificate of Deposit CD3M,,
2000054,CD,7600,Six-month Certificate of Deposit CD6M,,
2000055,CD,7030,30-Day Commercial Paper CP30D,,
2000056,CD,7060,60-Day Commercial Paper CP60D,,
2000057,CD,7090,90-Day Commercial Paper CP90D,,
2000058,CD,7201,Federal Funds Effective(FFEFRT),,
2000059,CD,7202,Federal Funds Minimum Trading Range(FFMINR),,
2000060,CD,7203,Federal Funds Maximum Trading Range(FFMAXR),,
2000061,RISKFREE,28,CRSP Risk Free - 4 week (Nominal),,
2000062,RISKFREE,91,CRSP Risk Free - 13 week (Nominal),,
2000063,RISKFREE,182,CRSP Risk Free - 26 week (Nominal),,
2000064,TERMSTRUCT,2607,Fama T-Bill 26-Week Term Structure - 1 Week,,
2000065,TERMSTRUCT,2614,Fama T-Bill 26-Week Term Structure - 2 Week,,
2000066,TERMSTRUCT,2621,Fama T-Bill 26-Week Term Structure - 3 Week,,
2000067,TERMSTRUCT,2628,Fama T-Bill 26-Week Term Structure - 4 Week,,
2000068,TERMSTRUCT,2635,Fama T-Bill 26-Week Term Structure - 5 Week,,
2000069,TERMSTRUCT,2642,Fama T-Bill 26-Week Term Structure - 6 Week,,
2000070,TERMSTRUCT,2649,Fama T-Bill 26-Week Term Structure - 7 Week,,
2000071,TERMSTRUCT,2656,Fama T-Bill 26-Week Term Structure - 8 Week,,
2000072,TERMSTRUCT,2663,Fama T-Bill 26-Week Term Structure - 9 Week,,
2000073,TERMSTRUCT,2670,Fama T-Bill 26-Week Term Structure - 10 Week,,
2000074,TERMSTRUCT,2677,Fama T-Bill 26-Week Term Structure - 11 Week,,
2000075,TERMSTRUCT,2684,Fama T-Bill 26-Week Term Structure - 12 Week,,
2000076,TERMSTRUCT,2691,Fama T-Bill 26-Week Term Structure - 13 Week,,
2000077,TERMSTRUCT,2698,Fama T-Bill 26-Week Term Structure - 14 Week,,
2000078,TERMSTRUCT,26105,Fama T-Bill 26-Week Term Structure - 15 Week,,
2000079,TERMSTRUCT,26112,Fama T-Bill 26-Week Term Structure - 16 Week,,
2000080,TERMSTRUCT,26119,Fama T-Bill 26-Week Term Structure - 17 Week,,
2000081,TERMSTRUCT,26126,Fama T-Bill 26-Week Term Structure - 18 Week,,
2000082,TERMSTRUCT,26133,Fama T-Bill 26-Week Term Structure - 19 Week,,
2000083,TERMSTRUCT,26140,Fama T-Bill 26-Week Term Structure - 20 Week,,
2000084,TERMSTRUCT,26147,Fama T-Bill 26-Week Term Structure - 21 Week,,
2000085,TERMSTRUCT,26154,Fama T-Bill 26-Week Term Structure - 22 Week,,
2000086,TERMSTRUCT,26161,Fama T-Bill 26-Week Term Structure - 23 Week,,
2000087,TERMSTRUCT,26168,Fama T-Bill 26-Week Term Structure - 24 Week,,
2000088,TERMSTRUCT,26175,Fama T-Bill 26-Week Term Structure - 25 Week,,
2000089,TERMSTRUCT,26182,Fama T-Bill 26-Week Term Structure - 26 Week,,
2000090,CPI,1,Published and Reference CPI,,
